[{
  "device": {
    "mostRecentData": {
      "carrierName": "Colombia Móvil S.A.",
      "playStoreClientVersion": 81291200,
      "manufacturer": "samsung",
      "modelName": "SM-G9350",
      "deviceName": "hero2qltechn",
      "productName": "hero2qltezh",
      "retailBrand": "samsung",
      "totalMemoryBytes": "3902435328",
      "nativePlatform": ["arm64-v8a", "armeabi-v7a", "armeabi"],
      "deviceIpCountry": "CO",
      "userLocale": "en_US",
      "buildFingerprint": "samsung/hero2qltezh/hero2qltechn:8.0.0/R16NW/G9350ZHS3CRJ2:user/release-keys",
      "androidSdkVersion": "26"
    },
    "dataAtTimeOfUserPlayActivity": {
      "carrierName": "Colombia Móvil S.A.",
      "manufacturer": "samsung",
      "modelName": "SM-G9350",
      "deviceName": "hero2qltechn",
      "productName": "hero2qltezh",
      "retailBrand": "samsung",
      "nativePlatform": ["arm64-v8a", "armeabi-v7a", "armeabi"],
      "deviceIpCountry": "CO",
      "userLocale": "en_US",
      "androidSdkVersion": "26"
    },
    "deviceRegistrationTime": "2018-05-02T21:57:59.350Z",
    "userAddedOnDeviceTime": "2018-05-02T21:57:59.350Z",
    "lastTimeDeviceActive": "2018-12-18T03:34:13.388879Z"
  }
},
{
  "device": {
    "mostRecentData": {
      "carrierName": "No carrier",
      "playStoreClientVersion": 80807600,
      "modelName": "GT-N8010",
      "deviceName": "p4notewifiww",
      "productName": "p4notewifixx",
      "nativePlatform": ["armeabi-v7a", "armeabi"],
      "deviceIpCountry": "CO",
      "userLocale": "en_US",
      "androidSdkVersion": "15"
    },
    "dataAtTimeOfUserPlayActivity": {
      "carrierName": "No carrier",
      "modelName": "GT-N8010",
      "deviceName": "p4notewifiww",
      "productName": "p4notewifixx",
      "nativePlatform": ["armeabi-v7a", "armeabi"],
      "deviceIpCountry": "CO",
      "userLocale": "en_US",
      "androidSdkVersion": "15"
    },
    "deviceRegistrationTime": "2018-07-28T02:19:48.840Z",
    "userAddedOnDeviceTime": "2018-07-28T02:19:48.840Z",
    "lastTimeDeviceActive": "2018-07-28T02:20:28.657479Z"
  }
},
{
  "device": {
    "mostRecentData": {
      "carrierName": "Colombia Móvil S.A.",
      "playStoreClientVersion": 80971100,
      "manufacturer": "samsung",
      "modelName": "SAMSUNG-SM-G891A",
      "deviceName": "poseidonlteatt",
      "productName": "poseidonlteuc",
      "retailBrand": "samsung",
      "totalMemoryBytes": "3583524864",
      "nativePlatform": ["arm64-v8a", "armeabi-v7a", "armeabi"],
      "deviceIpCountry": "CO",
      "userLocale": "en_US",
      "buildFingerprint": "samsung/poseidonlteuc/poseidonlteatt:7.0/NRD90M/G891AUCU2BQF2:user/release-keys",
      "androidSdkVersion": "24"
    },
    "deviceRegistrationTime": "2017-10-17T20:59:19.139Z",
    "userAddedOnDeviceTime": "2017-10-19T03:16:26.068Z",
    "lastTimeDeviceActive": "2018-04-25T16:03:53.797142Z"
  }
}]