[{
  "orderHistory": {
    "orderId": "GPA.3307-0728-8794-70323",
    "creationTime": "2018-11-14T14:32:03.932Z",
    "billingInstrument": {
      "cardClass": "CREDIT",
      "cardType": "MASTER_CARD",
      "expiration": "6/2021",
      "displayName": "Mastercard-8856"
    },
    "otherInstruments": [{
      "cardClass": "CREDIT",
      "cardType": "MASTER_CARD",
      "expiration": "6/2021",
      "displayName": "Mastercard-8856"
    }],
    "billingContact": {
      "name": "Esteban Londoño Padilla",
      "countryCode": "CO",
      "postalCode": "764007"
    },
    "associatedContact": [{
      "name": "Esteban Londoño Padilla",
      "addressLine": ["Bosques del Castillo Casa N° 58"],
      "countryCode": "CO",
      "city": "Jamundi",
      "state": "VALLE DEL CAUCA",
      "postalCode": "764007"
    }, {
      "name": "Esteban Londoño Padilla",
      "countryCode": "CO",
      "postalCode": "764007"
    }],
    "ipAddress": "191.95.54.149",
    "ipCountry": "CO",
    "userLocale": {
      "languageCode": "en_US",
      "country": "CO"
    },
    "totalPrice": "COP 8,500.00",
    "tax": "COP 0.00",
    "refundAmount": "COP 0.00",
    "preorder": false,
    "lineItem": [{
      "doc": {
        "documentType": "In App Item",
        "title": "Unlock PRO features (Notify \u0026 Fitness for Amazfit)"
      },
      "quantity": "1"
    }]
  }
},
{
  "orderHistory": {
    "orderId": "GPA.3373-5989-1325-29152",
    "creationTime": "2018-11-14T14:31:04.874Z",
    "billingInstrument": {
      "cardClass": "CREDIT",
      "cardType": "MASTER_CARD",
      "expiration": "5/2020",
      "displayName": "Mastercard-3424"
    },
    "otherInstruments": [{
      "cardClass": "CREDIT",
      "cardType": "MASTER_CARD",
      "expiration": "5/2020",
      "displayName": "Mastercard-3424"
    }],
    "billingContact": {
      "name": "Esteban Londoño Padilla",
      "addressLine": ["Bosques del Castillo Casa N° 58"],
      "countryCode": "CO",
      "city": "Jamundi",
      "state": "VALLE DEL CAUCA"
    },
    "associatedContact": [{
      "name": "Esteban Londoño Padilla",
      "addressLine": ["Bosques del Castillo Casa N° 58"],
      "countryCode": "CO",
      "city": "Jamundi",
      "state": "VALLE DEL CAUCA"
    }, {
      "name": "Esteban Londoño Padilla",
      "addressLine": ["Bosques del Castillo Casa N° 58"],
      "countryCode": "CO",
      "city": "Jamundi",
      "state": "VALLE DEL CAUCA",
      "postalCode": "764007"
    }],
    "ipAddress": "191.95.54.149",
    "ipCountry": "CO",
    "userLocale": {
      "languageCode": "en_US",
      "country": "CO"
    },
    "totalPrice": "COP 8,500.00",
    "tax": "COP 0.00",
    "refundAmount": "COP 8,500.00",
    "preorder": false,
    "lineItem": [{
      "doc": {
        "documentType": "In App Item",
        "title": "Unlock PRO features (Notify \u0026 Fitness for Amazfit)"
      },
      "quantity": "1"
    }]
  }
},
{
  "orderHistory": {
    "orderId": "GPA.3311-1376-4804-40796",
    "creationTime": "2018-11-14T14:30:51.918Z",
    "billingInstrument": {
      "cardClass": "CREDIT",
      "cardType": "VISA",
      "expiration": "5/2020",
      "displayName": "Visa-0355"
    },
    "otherInstruments": [{
      "cardClass": "CREDIT",
      "cardType": "VISA",
      "expiration": "5/2020",
      "displayName": "Visa-0355"
    }],
    "billingContact": {
      "name": "Esteban Londoño Padilla",
      "addressLine": ["Bosques del Castillo Casa N° 58"],
      "countryCode": "CO",
      "city": "Jamundi",
      "state": "VALLE DEL CAUCA"
    },
    "associatedContact": [{
      "name": "Esteban Londoño Padilla",
      "addressLine": ["Bosques del Castillo Casa N° 58"],
      "countryCode": "CO",
      "city": "Jamundi",
      "state": "VALLE DEL CAUCA"
    }, {
      "name": "Esteban Londoño Padilla",
      "addressLine": ["Bosques del Castillo Casa N° 58"],
      "countryCode": "CO",
      "city": "Jamundi",
      "state": "VALLE DEL CAUCA",
      "postalCode": "764007"
    }],
    "ipAddress": "191.95.54.149",
    "ipCountry": "CO",
    "userLocale": {
      "languageCode": "en_US",
      "country": "CO"
    },
    "totalPrice": "COP 8,500.00",
    "tax": "COP 0.00",
    "refundAmount": "COP 8,500.00",
    "preorder": false,
    "lineItem": [{
      "doc": {
        "documentType": "In App Item",
        "title": "Unlock PRO features (Notify \u0026 Fitness for Amazfit)"
      },
      "quantity": "1"
    }]
  }
},
{
  "orderHistory": {
    "orderId": "GPA.3342-2587-9519-75172",
    "creationTime": "2018-11-10T23:50:40.648Z",
    "billingInstrument": {
      "cardClass": "CREDIT",
      "cardType": "VISA",
      "expiration": "5/2020",
      "displayName": "Visa-0355"
    },
    "otherInstruments": [{
      "cardClass": "CREDIT",
      "cardType": "VISA",
      "expiration": "5/2020",
      "displayName": "Visa-0355"
    }],
    "billingContact": {
      "name": "Esteban Londoño Padilla",
      "addressLine": ["Bosques del Castillo Casa N° 58"],
      "countryCode": "CO",
      "city": "Jamundi",
      "state": "VALLE DEL CAUCA"
    },
    "associatedContact": [{
      "name": "Esteban Londoño Padilla",
      "addressLine": ["Bosques del Castillo Casa N° 58"],
      "countryCode": "CO",
      "city": "Jamundi",
      "state": "VALLE DEL CAUCA"
    }, {
      "name": "Esteban Londoño Padilla",
      "addressLine": ["Bosques del Castillo Casa N° 58"],
      "countryCode": "CO",
      "city": "Jamundi",
      "state": "VALLE DEL CAUCA",
      "postalCode": "764007"
    }],
    "ipAddress": "191.95.39.134",
    "ipCountry": "CO",
    "userLocale": {
      "languageCode": "en_US",
      "country": "CO"
    },
    "totalPrice": "COP 15,000.00",
    "tax": "COP 0.00",
    "refundAmount": "COP 0.00",
    "preorder": false,
    "lineItem": [{
      "doc": {
        "documentType": "In App Item",
        "title": "Navigation pack [1 year] (Wikiloc Outdoor Navigation GPS)"
      },
      "quantity": "1"
    }]
  }
},
{
  "orderHistory": {
    "orderId": "GPA.3349-6625-4222-01140",
    "creationTime": "2018-08-13T00:43:46.619Z",
    "billingInstrument": {
      "cardClass": "CREDIT",
      "cardType": "VISA",
      "expiration": "5/2020",
      "displayName": "Visa-0355"
    },
    "otherInstruments": [{
      "cardClass": "CREDIT",
      "cardType": "VISA",
      "expiration": "5/2020",
      "displayName": "Visa-0355"
    }],
    "billingContact": {
      "name": "Esteban Londoño Padilla",
      "addressLine": ["Bosques del Castillo Casa N° 58"],
      "countryCode": "CO",
      "city": "Jamundi",
      "state": "VALLE DEL CAUCA"
    },
    "associatedContact": [{
      "name": "Esteban Londoño Padilla",
      "addressLine": ["Bosques del Castillo Casa N° 58"],
      "countryCode": "CO",
      "city": "Jamundi",
      "state": "VALLE DEL CAUCA"
    }, {
      "name": "Esteban Londoño Padilla",
      "addressLine": ["Bosques del Castillo Casa N° 58"],
      "countryCode": "CO",
      "city": "Jamundi",
      "state": "VALLE DEL CAUCA",
      "postalCode": "764007"
    }],
    "ipAddress": "181.62.220.119",
    "ipCountry": "CO",
    "userLocale": {
      "languageCode": "en_US",
      "country": "CO"
    },
    "totalPrice": "COP 85,000.00",
    "tax": "COP 0.00",
    "refundAmount": "COP 85,000.00",
    "renewalOrder": false,
    "preorder": false,
    "lineItem": [{
      "doc": {
        "documentType": "Subscription",
        "title": "Hello English Pro for 1 year (Hello English: Learn English)"
      },
      "quantity": "1"
    }]
  }
},
{
  "orderHistory": {
    "orderId": "GPA.3353-6872-3502-79321",
    "creationTime": "2018-08-13T00:43:31.349Z",
    "billingInstrument": {
      "cardClass": "CREDIT",
      "cardType": "MASTER_CARD",
      "expiration": "5/2020",
      "displayName": "Mastercard-3424"
    },
    "otherInstruments": [{
      "cardClass": "CREDIT",
      "cardType": "MASTER_CARD",
      "expiration": "5/2020",
      "displayName": "Mastercard-3424"
    }],
    "billingContact": {
      "name": "Esteban Londoño Padilla",
      "addressLine": ["Bosques del Castillo Casa N° 58"],
      "countryCode": "CO",
      "city": "Jamundi",
      "state": "VALLE DEL CAUCA"
    },
    "associatedContact": [{
      "name": "Esteban Londoño Padilla",
      "addressLine": ["Bosques del Castillo Casa N° 58"],
      "countryCode": "CO",
      "city": "Jamundi",
      "state": "VALLE DEL CAUCA"
    }, {
      "name": "Esteban Londoño Padilla",
      "addressLine": ["Bosques del Castillo Casa N° 58"],
      "countryCode": "CO",
      "city": "Jamundi",
      "state": "VALLE DEL CAUCA",
      "postalCode": "764007"
    }],
    "ipAddress": "181.62.220.119",
    "ipCountry": "CO",
    "userLocale": {
      "languageCode": "en_US",
      "country": "CO"
    },
    "totalPrice": "COP 85,000.00",
    "tax": "COP 0.00",
    "refundAmount": "COP 85,000.00",
    "renewalOrder": false,
    "preorder": false,
    "lineItem": [{
      "doc": {
        "documentType": "Subscription",
        "title": "Hello English Pro for 1 year (Hello English: Learn English)"
      },
      "quantity": "1"
    }]
  }
},
{
  "orderHistory": {
    "orderId": "GPA.3323-5316-1902-15679",
    "creationTime": "2018-08-09T07:01:54.817Z",
    "billingInstrument": {
      "cardClass": "CREDIT",
      "cardType": "VISA",
      "expiration": "5/2020",
      "displayName": "Visa-0355"
    },
    "otherInstruments": [{
      "cardClass": "CREDIT",
      "cardType": "VISA",
      "expiration": "5/2020",
      "displayName": "Visa-0355"
    }],
    "billingContact": {
      "name": "Esteban Londoño Padilla",
      "addressLine": ["Bosques del Castillo Casa N° 58"],
      "countryCode": "CO",
      "city": "Jamundi",
      "state": "VALLE DEL CAUCA"
    },
    "associatedContact": [{
      "name": "Esteban Londoño Padilla",
      "addressLine": ["Bosques del Castillo Casa N° 58"],
      "countryCode": "CO",
      "city": "Jamundi",
      "state": "VALLE DEL CAUCA"
    }, {
      "name": "Esteban Londoño Padilla",
      "addressLine": ["Bosques del Castillo Casa N° 58"],
      "countryCode": "CO",
      "city": "Jamundi",
      "state": "VALLE DEL CAUCA",
      "postalCode": "764007"
    }],
    "ipAddress": "181.49.80.28",
    "ipCountry": "CO",
    "userLocale": {
      "languageCode": "en_US",
      "country": "CO"
    },
    "totalPrice": "COP 12,000.00",
    "tax": "COP 0.00",
    "refundAmount": "COP 0.00",
    "renewalOrder": false,
    "preorder": false,
    "lineItem": [{
      "doc": {
        "documentType": "Subscription",
        "title": "MONTHLY PREMIUM SUBSCRIPTION (Magisto Video Editor \u0026 Maker)"
      },
      "quantity": "1"
    }]
  }
},
{
  "orderHistory": {
    "orderId": "GPA.3354-5907-0527-71840",
    "creationTime": "2018-08-09T07:01:38.417Z",
    "billingInstrument": {
      "cardClass": "CREDIT",
      "cardType": "MASTER_CARD",
      "expiration": "5/2020",
      "displayName": "Mastercard-3424"
    },
    "otherInstruments": [{
      "cardClass": "CREDIT",
      "cardType": "MASTER_CARD",
      "expiration": "5/2020",
      "displayName": "Mastercard-3424"
    }],
    "billingContact": {
      "name": "Esteban Londoño Padilla",
      "addressLine": ["Bosques del Castillo Casa N° 58"],
      "countryCode": "CO",
      "city": "Jamundi",
      "state": "VALLE DEL CAUCA"
    },
    "associatedContact": [{
      "name": "Esteban Londoño Padilla",
      "addressLine": ["Bosques del Castillo Casa N° 58"],
      "countryCode": "CO",
      "city": "Jamundi",
      "state": "VALLE DEL CAUCA"
    }, {
      "name": "Esteban Londoño Padilla",
      "addressLine": ["Bosques del Castillo Casa N° 58"],
      "countryCode": "CO",
      "city": "Jamundi",
      "state": "VALLE DEL CAUCA",
      "postalCode": "764007"
    }],
    "ipAddress": "181.49.80.28",
    "ipCountry": "CO",
    "userLocale": {
      "languageCode": "en_US",
      "country": "CO"
    },
    "totalPrice": "COP 12,000.00",
    "tax": "COP 0.00",
    "refundAmount": "COP 12,000.00",
    "renewalOrder": false,
    "preorder": false,
    "lineItem": [{
      "doc": {
        "documentType": "Subscription",
        "title": "MONTHLY PREMIUM SUBSCRIPTION (Magisto Video Editor \u0026 Maker)"
      },
      "quantity": "1"
    }]
  }
},
{
  "orderHistory": {
    "orderId": "GPA.3361-5572-9069-83037",
    "creationTime": "2018-07-21T01:29:08.489Z",
    "billingInstrument": {
      "cardClass": "CREDIT",
      "cardType": "MASTER_CARD",
      "expiration": "5/2020",
      "displayName": "Mastercard-3424"
    },
    "otherInstruments": [{
      "cardClass": "CREDIT",
      "cardType": "MASTER_CARD",
      "expiration": "5/2020",
      "displayName": "Mastercard-3424"
    }],
    "billingContact": {
      "name": "Esteban Londoño Padilla",
      "addressLine": ["Bosques del Castillo Casa N° 58"],
      "countryCode": "CO",
      "city": "Jamundi",
      "state": "VALLE DEL CAUCA"
    },
    "associatedContact": [{
      "name": "Esteban Londoño Padilla",
      "addressLine": ["Bosques del Castillo Casa N° 58"],
      "countryCode": "CO",
      "city": "Jamundi",
      "state": "VALLE DEL CAUCA"
    }, {
      "name": "Esteban Londoño Padilla",
      "addressLine": ["Bosques del Castillo Casa N° 58"],
      "countryCode": "CO",
      "city": "Jamundi",
      "state": "VALLE DEL CAUCA",
      "postalCode": "764007"
    }],
    "ipAddress": "177.252.246.221",
    "ipCountry": "CO",
    "userLocale": {
      "languageCode": "en_US",
      "country": "CO"
    },
    "totalPrice": "COP 25,000.00",
    "tax": "COP 0.00",
    "refundAmount": "COP 0.00",
    "renewalOrder": false,
    "preorder": false,
    "lineItem": [{
      "doc": {
        "documentType": "Subscription",
        "title": "Knudge Pro (Improve English: Word Games)"
      },
      "quantity": "1"
    }]
  }
},
{
  "orderHistory": {
    "orderId": "GPA.3382-1571-1317-04978",
    "creationTime": "2018-07-19T14:52:27.952Z",
    "billingInstrument": {
      "cardClass": "CREDIT",
      "cardType": "MASTER_CARD",
      "expiration": "5/2020",
      "displayName": "Mastercard-3424"
    },
    "otherInstruments": [{
      "cardClass": "CREDIT",
      "cardType": "MASTER_CARD",
      "expiration": "5/2020",
      "displayName": "Mastercard-3424"
    }],
    "billingContact": {
      "name": "Esteban Londoño Padilla",
      "addressLine": ["Bosques del Castillo Casa N° 58"],
      "countryCode": "CO",
      "city": "Jamundi",
      "state": "VALLE DEL CAUCA"
    },
    "associatedContact": [{
      "name": "Esteban Londoño Padilla",
      "addressLine": ["Bosques del Castillo Casa N° 58"],
      "countryCode": "CO",
      "city": "Jamundi",
      "state": "VALLE DEL CAUCA"
    }, {
      "name": "Esteban Londoño Padilla",
      "addressLine": ["Bosques del Castillo Casa N° 58"],
      "countryCode": "CO",
      "city": "Jamundi",
      "state": "VALLE DEL CAUCA",
      "postalCode": "764007"
    }],
    "ipAddress": "177.252.240.75",
    "ipCountry": "CO",
    "userLocale": {
      "languageCode": "en_US",
      "country": "CO"
    },
    "totalPrice": "COP 3,000.00",
    "tax": "COP 0.00",
    "refundAmount": "COP 0.00",
    "preorder": false,
    "lineItem": [{
      "doc": {
        "documentType": "In App Item",
        "title": "Pro Version (TimeTune - Optimize Your Time)"
      },
      "quantity": "1"
    }]
  }
},
{
  "orderHistory": {
    "orderId": "GPA.3382-7854-7870-58022..0",
    "creationTime": "2018-04-17T14:22:37.890Z",
    "billingInstrument": {
      "cardClass": "CREDIT",
      "cardType": "MASTER_CARD",
      "expiration": "11/2021",
      "displayName": "Mastercard-3794"
    },
    "otherInstruments": [{
      "cardClass": "CREDIT",
      "cardType": "MASTER_CARD",
      "expiration": "11/2021",
      "displayName": "Mastercard-3794"
    }],
    "billingContact": {
      "name": "Esteban Londoño Padilla",
      "addressLine": ["Bosques del Castillo Casa N° 58"],
      "countryCode": "CO",
      "city": "Jamundi",
      "state": "VALLE DEL CAUCA",
      "postalCode": "764007"
    },
    "associatedContact": [{
      "name": "Esteban Londoño Padilla",
      "addressLine": ["Bosques del Castillo Casa N° 58"],
      "countryCode": "CO",
      "city": "Jamundi",
      "state": "VALLE DEL CAUCA",
      "postalCode": "764007"
    }],
    "ipAddress": "200.6.186.178",
    "ipCountry": "CO",
    "userLocale": {
      "languageCode": "en_US",
      "country": "CO"
    },
    "totalPrice": "COP 17,500.00",
    "tax": "COP 0.00",
    "refundAmount": "COP 17,500.00",
    "renewalOrder": true,
    "preorder": false,
    "lineItem": [{
      "doc": {
        "documentType": "Subscription",
        "title": "Speaky Premium (Speaky - Language Exchange)"
      },
      "quantity": "1"
    }]
  }
},
{
  "orderHistory": {
    "orderId": "GPA.3382-7854-7870-58022",
    "creationTime": "2018-03-18T14:22:49.354Z",
    "billingInstrument": {
      "cardClass": "CREDIT",
      "cardType": "MASTER_CARD",
      "expiration": "11/2021",
      "displayName": "Mastercard-3794"
    },
    "otherInstruments": [{
      "cardClass": "CREDIT",
      "cardType": "MASTER_CARD",
      "expiration": "11/2021",
      "displayName": "Mastercard-3794"
    }],
    "billingContact": {
      "name": "Esteban Londoño Padilla",
      "addressLine": ["Bosques del Castillo Casa N° 58"],
      "countryCode": "CO",
      "city": "Jamundi",
      "state": "VALLE DEL CAUCA",
      "postalCode": "764007"
    },
    "associatedContact": [{
      "name": "Esteban Londoño Padilla",
      "addressLine": ["Bosques del Castillo Casa N° 58"],
      "countryCode": "CO",
      "city": "Jamundi",
      "state": "VALLE DEL CAUCA",
      "postalCode": "764007"
    }],
    "ipAddress": "200.6.186.178",
    "ipCountry": "CO",
    "userLocale": {
      "languageCode": "en_US",
      "country": "CO"
    },
    "totalPrice": "COP 17,500.00",
    "tax": "COP 0.00",
    "refundAmount": "COP 0.00",
    "renewalOrder": false,
    "preorder": false,
    "lineItem": [{
      "doc": {
        "documentType": "Subscription",
        "title": "Speaky Premium (Speaky - Language Exchange)"
      },
      "quantity": "1"
    }]
  }
},
{
  "orderHistory": {
    "orderId": "GPA.3379-6561-7885-04286",
    "creationTime": "2018-03-05T04:13:07.973Z",
    "billingInstrument": {
      "cardClass": "CREDIT",
      "cardType": "MASTER_CARD",
      "expiration": "11/2021",
      "displayName": "Mastercard-3794"
    },
    "otherInstruments": [{
      "cardClass": "CREDIT",
      "cardType": "MASTER_CARD",
      "expiration": "11/2021",
      "displayName": "Mastercard-3794"
    }],
    "billingContact": {
      "name": "Esteban Londoño Padilla",
      "addressLine": ["Bosques del Castillo Casa N° 58"],
      "countryCode": "CO",
      "city": "Jamundi",
      "state": "VALLE DEL CAUCA",
      "postalCode": "764007"
    },
    "associatedContact": [{
      "name": "Esteban Londoño Padilla",
      "addressLine": ["Bosques del Castillo Casa N° 58"],
      "countryCode": "CO",
      "city": "Jamundi",
      "state": "VALLE DEL CAUCA",
      "postalCode": "764007"
    }],
    "ipAddress": "181.62.220.119",
    "ipCountry": "CO",
    "userLocale": {
      "languageCode": "es_US",
      "country": "CO"
    },
    "totalPrice": "COP 12,000.00",
    "tax": "COP 0.00",
    "refundAmount": "$ 0,00",
    "preorder": false,
    "lineItem": [{
      "doc": {
        "documentType": "In App Item",
        "title": "Action Launcher: Plus (Action Launcher - Oreo + Pixel on your phone)"
      },
      "quantity": "1"
    }]
  }
},
{
  "orderHistory": {
    "orderId": "GPA.3308-7055-3721-13515",
    "creationTime": "2018-03-02T12:54:34.520Z",
    "billingInstrument": {
      "cardClass": "CREDIT",
      "cardType": "MASTER_CARD",
      "expiration": "5/2020",
      "displayName": "Mastercard-3424"
    },
    "otherInstruments": [{
      "cardClass": "CREDIT",
      "cardType": "MASTER_CARD",
      "expiration": "5/2020",
      "displayName": "Mastercard-3424"
    }],
    "billingContact": {
      "name": "Esteban Londoño Padilla",
      "addressLine": ["Bosques del Castillo Casa N° 58"],
      "countryCode": "CO",
      "city": "Jamundi",
      "state": "VALLE DEL CAUCA"
    },
    "associatedContact": [{
      "name": "Esteban Londoño Padilla",
      "addressLine": ["Bosques del Castillo Casa N° 58"],
      "countryCode": "CO",
      "city": "Jamundi",
      "state": "VALLE DEL CAUCA"
    }, {
      "name": "Esteban Londoño Padilla",
      "addressLine": ["Bosques del Castillo Casa N° 58"],
      "countryCode": "CO",
      "city": "Jamundi",
      "state": "VALLE DEL CAUCA",
      "postalCode": "764007"
    }],
    "ipAddress": "177.252.242.28",
    "ipCountry": "CO",
    "userLocale": {
      "languageCode": "es_US",
      "country": "CO"
    },
    "totalPrice": "COP 12,000.00",
    "tax": "COP 0.00",
    "refundAmount": "$ 12.000,00",
    "preorder": false,
    "lineItem": [{
      "doc": {
        "documentType": "In App Item",
        "title": "Action Launcher: Plus (Action Launcher - Oreo + Pixel on your phone)"
      },
      "quantity": "1"
    }]
  }
},
{
  "orderHistory": {
    "orderId": "GPA.3333-6129-9417-09410",
    "creationTime": "2018-02-11T14:33:49.967Z",
    "billingInstrument": {
      "cardClass": "CREDIT",
      "cardType": "VISA",
      "expiration": "5/2021",
      "displayName": "Visa-7128"
    },
    "otherInstruments": [{
      "cardClass": "CREDIT",
      "cardType": "VISA",
      "expiration": "5/2021",
      "displayName": "Visa-7128"
    }],
    "billingContact": {
      "name": "Esteban Londoño Padilla",
      "addressLine": ["Calle 14 # 26-19", "2860690"],
      "countryCode": "CO",
      "city": "Palmira",
      "state": "VALLE DEL CAUCA",
      "phoneNumber": "+57 318 3883145"
    },
    "associatedContact": [{
      "name": "Esteban Londoño Padilla",
      "addressLine": ["Calle 14 # 26-19", "2860690"],
      "countryCode": "CO",
      "city": "Palmira",
      "state": "VALLE DEL CAUCA",
      "phoneNumber": "+57 318 3883145"
    }, {
      "name": "Esteban Londoño Padilla",
      "addressLine": ["Bosques del Castillo Casa N° 58"],
      "countryCode": "CO",
      "city": "Jamundi",
      "state": "VALLE DEL CAUCA"
    }],
    "ipAddress": "181.49.81.83",
    "ipCountry": "CO",
    "userLocale": {
      "languageCode": "es_US",
      "country": "CO"
    },
    "totalPrice": "COP 15,000.00",
    "tax": "COP 0.00",
    "refundAmount": "$ 15.000,00",
    "preorder": false,
    "lineItem": [{
      "doc": {
        "documentType": "In App Item",
        "title": "Navigation pack [1 year] (Wikiloc Outdoor Navigation GPS)"
      },
      "quantity": "1"
    }]
  }
},
{
  "orderHistory": {
    "orderId": "GPA.1339-4494-2793-88111..0",
    "creationTime": "2016-10-21T13:22:14.434Z",
    "billingInstrument": {
      "cardClass": "UNKNOWN_CARD_CLASS",
      "cardType": "VISA",
      "expiration": "5/2021",
      "displayName": "Visa-7128"
    },
    "billingContact": {
      "name": "Esteban Londoño Padilla",
      "addressLine": ["Calle 14 # 26-19", "2860690"],
      "countryCode": "CO",
      "city": "Palmira",
      "state": "VALLE DEL CAUCA",
      "phoneNumber": "+57 318 3883145"
    },
    "associatedContact": [{
      "name": "Esteban Londoño Padilla",
      "addressLine": ["Calle 14 # 26-19", "2860690"],
      "countryCode": "CO",
      "city": "Palmira",
      "state": "VALLE DEL CAUCA",
      "phoneNumber": "+57 318 3883145"
    }],
    "ipAddress": "179.15.54.93",
    "ipCountry": "CO",
    "userLocale": {
      "languageCode": "es_US",
      "country": "CO"
    },
    "totalPrice": "COP 2,500.00",
    "tax": "COP 0.00",
    "refundAmount": "$ 2.500,00",
    "renewalOrder": true,
    "preorder": false,
    "lineItem": [{
      "doc": {
        "documentType": "Subscription",
        "title": "Peak Pro 1 month - 50% discount (Peak - Brain Training)"
      },
      "quantity": "1"
    }]
  }
},
{
  "orderHistory": {
    "orderId": "GPA.1331-5598-4892-77324..1",
    "creationTime": "2016-10-12T13:58:06.181Z",
    "billingInstrument": {
      "cardClass": "UNKNOWN_CARD_CLASS",
      "cardType": "VISA",
      "expiration": "5/2021",
      "displayName": "Visa-7128"
    },
    "billingContact": {
      "name": "Esteban Londoño Padilla",
      "addressLine": ["Calle 14 # 26-19", "2860690"],
      "countryCode": "CO",
      "city": "Palmira",
      "state": "VALLE DEL CAUCA",
      "phoneNumber": "+57 318 3883145"
    },
    "associatedContact": [{
      "name": "Esteban Londoño Padilla",
      "addressLine": ["Calle 14 # 26-19", "2860690"],
      "countryCode": "CO",
      "city": "Palmira",
      "state": "VALLE DEL CAUCA",
      "phoneNumber": "+57 318 3883145"
    }],
    "ipAddress": "191.102.208.16",
    "ipCountry": "CO",
    "userLocale": {
      "languageCode": "es_US",
      "country": "CO"
    },
    "totalPrice": "COP 29,000.00",
    "tax": "COP 0.00",
    "refundAmount": "$ 29.000,00",
    "renewalOrder": true,
    "preorder": false,
    "lineItem": [{
      "doc": {
        "documentType": "Subscription",
        "title": "Runtastic Premium Mensual S3 (Runtastic Results - Ejercicios)"
      },
      "quantity": "1"
    }]
  }
},
{
  "orderHistory": {
    "orderId": "GPA.1339-4494-2793-88111",
    "creationTime": "2016-09-21T11:37:48.520Z",
    "billingInstrument": {
      "cardClass": "UNKNOWN_CARD_CLASS",
      "cardType": "VISA",
      "expiration": "5/2021",
      "displayName": "Visa-7128"
    },
    "billingContact": {
      "name": "Esteban Londoño Padilla",
      "addressLine": ["Calle 14 # 26-19", "2860690"],
      "countryCode": "CO",
      "city": "Palmira",
      "state": "VALLE DEL CAUCA",
      "phoneNumber": "+57 318 3883145"
    },
    "associatedContact": [{
      "name": "Esteban Londoño Padilla",
      "addressLine": ["Calle 14 # 26-19", "2860690"],
      "countryCode": "CO",
      "city": "Palmira",
      "state": "VALLE DEL CAUCA",
      "phoneNumber": "+57 318 3883145"
    }],
    "ipAddress": "179.15.54.93",
    "ipCountry": "CO",
    "userLocale": {
      "languageCode": "es_US",
      "country": "CO"
    },
    "totalPrice": "COP 2,500.00",
    "tax": "COP 0.00",
    "refundAmount": "$ 0,00",
    "renewalOrder": false,
    "preorder": false,
    "lineItem": [{
      "doc": {
        "documentType": "Subscription",
        "title": "Peak Pro 1 month - 50% discount (Peak - Brain Training)"
      },
      "quantity": "1"
    }]
  }
},
{
  "orderHistory": {
    "orderId": "GPA.1331-5598-4892-77324..0",
    "creationTime": "2016-09-12T13:28:38.394Z",
    "billingInstrument": {
      "cardClass": "UNKNOWN_CARD_CLASS",
      "cardType": "VISA",
      "expiration": "5/2021",
      "displayName": "Visa-7128"
    },
    "billingContact": {
      "name": "Esteban Londoño Padilla",
      "addressLine": ["Calle 14 # 26-19", "2860690"],
      "countryCode": "CO",
      "city": "Palmira",
      "state": "VALLE DEL CAUCA",
      "phoneNumber": "+57 318 3883145"
    },
    "associatedContact": [{
      "name": "Esteban Londoño Padilla",
      "addressLine": ["Calle 14 # 26-19", "2860690"],
      "countryCode": "CO",
      "city": "Palmira",
      "state": "VALLE DEL CAUCA",
      "phoneNumber": "+57 318 3883145"
    }],
    "ipAddress": "191.102.208.16",
    "ipCountry": "CO",
    "userLocale": {
      "languageCode": "es_US",
      "country": "CO"
    },
    "totalPrice": "COP 29,000.00",
    "tax": "COP 0.00",
    "refundAmount": "$ 0,00",
    "renewalOrder": true,
    "preorder": false,
    "lineItem": [{
      "doc": {
        "documentType": "Subscription",
        "title": "Runtastic Premium Mensual S3 (Runtastic Results - Ejercicios)"
      },
      "quantity": "1"
    }]
  }
},
{
  "orderHistory": {
    "orderId": "GPA.1331-5598-4892-77324",
    "creationTime": "2016-08-12T10:25:31.705Z",
    "billingInstrument": {
      "cardClass": "UNKNOWN_CARD_CLASS",
      "cardType": "VISA",
      "expiration": "5/2021",
      "displayName": "Visa-7128"
    },
    "billingContact": {
      "name": "Esteban Londoño Padilla",
      "addressLine": ["Calle 14 # 26-19", "2860690"],
      "countryCode": "CO",
      "city": "Palmira",
      "state": "VALLE DEL CAUCA",
      "phoneNumber": "+57 318 3883145"
    },
    "associatedContact": [{
      "name": "Esteban Londoño Padilla",
      "addressLine": ["Calle 14 # 26-19", "2860690"],
      "countryCode": "CO",
      "city": "Palmira",
      "state": "VALLE DEL CAUCA",
      "phoneNumber": "+57 318 3883145"
    }],
    "ipAddress": "191.102.208.16",
    "ipCountry": "CO",
    "userLocale": {
      "languageCode": "es_US",
      "country": "CO"
    },
    "totalPrice": "COP 29,000.00",
    "tax": "COP 0.00",
    "refundAmount": "$ 0,00",
    "renewalOrder": false,
    "preorder": false,
    "lineItem": [{
      "doc": {
        "documentType": "Subscription",
        "title": "Runtastic Premium Mensual S3 (Runtastic Results - Ejercicios)"
      },
      "quantity": "1"
    }]
  }
},
{
  "orderHistory": {
    "orderId": "GPA.1354-5487-1218-49037",
    "creationTime": "2016-07-18T02:47:11.083Z",
    "billingInstrument": {
      "cardClass": "UNKNOWN_CARD_CLASS",
      "cardType": "VISA",
      "expiration": "5/2021",
      "displayName": "Visa-7128"
    },
    "billingContact": {
      "name": "Esteban Londoño Padilla",
      "addressLine": ["Calle 14 # 26-19", "2860690"],
      "countryCode": "CO",
      "city": "Palmira",
      "state": "VALLE DEL CAUCA",
      "phoneNumber": "+57 318 3883145"
    },
    "associatedContact": [{
      "name": "Esteban Londoño Padilla",
      "addressLine": ["Calle 14 # 26-19", "2860690"],
      "countryCode": "CO",
      "city": "Palmira",
      "state": "VALLE DEL CAUCA",
      "phoneNumber": "+57 318 3883145"
    }],
    "ipAddress": "191.102.208.16",
    "ipCountry": "CO",
    "userLocale": {
      "languageCode": "es_US",
      "country": "CO"
    },
    "totalPrice": "COP 29,000.00",
    "tax": "COP 0.00",
    "refundAmount": "$ 0,00",
    "preorder": false,
    "lineItem": [{
      "doc": {
        "documentType": "In App Item",
        "title": "1,200 Pokémonedas (Pokémon GO)"
      },
      "quantity": "1"
    }]
  }
},
{
  "orderHistory": {
    "orderId": "GPB.1172-1744-0977-69758",
    "creationTime": "2016-06-28T11:04:34.369Z",
    "billingInstrument": {
      "cardClass": "UNKNOWN_CARD_CLASS",
      "cardType": "VISA",
      "expiration": "5/2021",
      "displayName": "Visa-7128"
    },
    "billingContact": {
      "name": "Esteban Londoño Padilla",
      "addressLine": ["Calle 14 # 26-19", "2860690"],
      "countryCode": "CO",
      "city": "Palmira",
      "state": "VALLE DEL CAUCA",
      "phoneNumber": "+57 318 3883145"
    },
    "associatedContact": [{
      "name": "Esteban Londoño Padilla",
      "addressLine": ["Calle 14 # 26-19", "2860690"],
      "countryCode": "CO",
      "city": "Palmira",
      "state": "VALLE DEL CAUCA",
      "phoneNumber": "+57 318 3883145"
    }],
    "ipAddress": "152.200.191.130",
    "ipCountry": "CO",
    "userLocale": {
      "languageCode": "en_US",
      "country": "CO"
    },
    "totalPrice": "COP 5,134.00",
    "tax": "COP 0.00",
    "refundAmount": "COP 0.00",
    "preorder": false,
    "lineItem": [{
      "doc": {
        "documentType": "Book",
        "title": "23 Hábitos Anti-Procrastinación Cómo Dejar De Ser Perezoso Y Tener Resultados En Tu Vida."
      },
      "quantity": "1"
    }]
  }
},
{
  "orderHistory": {
    "orderId": "GPA.1342-5526-9664-44013",
    "creationTime": "2016-05-07T14:40:07.084Z",
    "billingInstrument": {
      "cardClass": "UNKNOWN_CARD_CLASS",
      "cardType": "VISA",
      "expiration": "5/2021",
      "displayName": "Visa-7128"
    },
    "billingContact": {
      "name": "Esteban Londoño Padilla",
      "addressLine": ["Calle 14 # 26-19", "2860690"],
      "countryCode": "CO",
      "city": "Palmira",
      "state": "VALLE DEL CAUCA",
      "phoneNumber": "+57 318 3883145"
    },
    "associatedContact": [{
      "name": "Esteban Londoño Padilla",
      "addressLine": ["Calle 14 # 26-19", "2860690"],
      "countryCode": "CO",
      "city": "Palmira",
      "state": "VALLE DEL CAUCA",
      "phoneNumber": "+57 318 3883145"
    }],
    "ipAddress": "152.200.132.138",
    "ipCountry": "CO",
    "userLocale": {
      "languageCode": "en_US",
      "country": "CO"
    },
    "totalPrice": "COP 11,117.00",
    "tax": "COP 0.00",
    "refundAmount": "COP 0.00",
    "preorder": false,
    "lineItem": [{
      "doc": {
        "documentType": "In App Item",
        "title": "Navigation pack [1 year] (Wikiloc outdoor navigation GPS)"
      },
      "quantity": "1"
    }]
  }
},
{
  "orderHistory": {
    "orderId": "GPA.1324-3103-9188-37859..0",
    "creationTime": "2016-04-25T01:47:25.267Z",
    "billingInstrument": {
      "cardClass": "UNKNOWN_CARD_CLASS",
      "cardType": "VISA",
      "expiration": "5/2021",
      "displayName": "Visa-7128"
    },
    "billingContact": {
      "name": "Esteban Londoño Padilla",
      "addressLine": ["Calle 14 # 26-19", "2860690"],
      "countryCode": "CO",
      "city": "Palmira",
      "state": "VALLE DEL CAUCA",
      "phoneNumber": "+57 318 3883145"
    },
    "associatedContact": [{
      "name": "Esteban Londoño Padilla",
      "addressLine": ["Calle 14 # 26-19", "2860690"],
      "countryCode": "CO",
      "city": "Palmira",
      "state": "VALLE DEL CAUCA",
      "phoneNumber": "+57 318 3883145"
    }],
    "ipAddress": "152.200.209.241",
    "ipCountry": "CO",
    "userLocale": {
      "languageCode": "es_US",
      "country": "CO"
    },
    "totalPrice": "COP 14,499.00",
    "tax": "COP 0.00",
    "refundAmount": "$ 0,00",
    "renewalOrder": true,
    "preorder": false,
    "lineItem": [{
      "doc": {
        "documentType": "Subscription",
        "title": "Endomondo Premium, Monthly (Mar 2015) w. 180 days Trial (Endomondo - Running \u0026 Walking)"
      },
      "quantity": "1"
    }]
  }
},
{
  "orderHistory": {
    "orderId": "GPA.1322-3439-2096-53913",
    "creationTime": "2016-03-30T12:01:47.443Z",
    "billingInstrument": {
      "cardClass": "UNKNOWN_CARD_CLASS",
      "cardType": "VISA",
      "expiration": "5/2019",
      "displayName": "Visa-0603"
    },
    "billingContact": {
      "name": "Esteban Londoño Padilla",
      "addressLine": ["Calle 14 # 26-19", "2860690"],
      "countryCode": "CO",
      "city": "Palmira",
      "state": "VALLE DEL CAUCA"
    },
    "associatedContact": [{
      "name": "Esteban Londoño Padilla",
      "addressLine": ["Calle 14 # 26-19", "2860690"],
      "countryCode": "CO",
      "city": "Palmira",
      "state": "VALLE DEL CAUCA",
      "phoneNumber": "+57 318 3883145"
    }],
    "ipAddress": "152.200.182.152",
    "ipCountry": "CO",
    "userLocale": {
      "languageCode": "es_US",
      "country": "CO"
    },
    "totalPrice": "COP 2,610.00",
    "tax": "COP 0.00",
    "refundAmount": "$ 0,00",
    "preorder": false,
    "lineItem": [{
      "doc": {
        "documentType": "In App Item",
        "title": "7 Weeks+ Upgrade (Discounted) (7 Weeks - Habit \u0026 Goal Tracker)"
      },
      "quantity": "1"
    }]
  }
},
{
  "orderHistory": {
    "orderId": "GPB.1130-6206-2320-95751",
    "creationTime": "2016-01-14T12:36:30.502Z",
    "billingInstrument": {
      "cardClass": "UNKNOWN_CARD_CLASS",
      "cardType": "VISA",
      "expiration": "5/2019",
      "displayName": "Visa-0603"
    },
    "billingContact": {
      "name": "Esteban Londoño Padilla",
      "addressLine": ["Calle 14 # 26-19", "2860690"],
      "countryCode": "CO",
      "city": "Palmira",
      "state": "VALLE DEL CAUCA"
    },
    "associatedContact": [{
      "name": "Esteban Londoño Padilla",
      "addressLine": ["Calle 14 # 26-19", "2860690"],
      "countryCode": "CO",
      "city": "Palmira",
      "state": "VALLE DEL CAUCA",
      "phoneNumber": "+57 318 3883145"
    }],
    "ipAddress": "200.31.17.103",
    "ipCountry": "CO",
    "userLocale": {
      "languageCode": "es_419",
      "country": "CO"
    },
    "totalPrice": "COP 27,999.00",
    "tax": "COP 0.00",
    "refundAmount": "$ 0,00",
    "preorder": false,
    "lineItem": [{
      "doc": {
        "documentType": "Book",
        "title": "Aristóteles y Dante descubren los secretos del universo"
      },
      "quantity": "1"
    }]
  }
},
{
  "orderHistory": {
    "orderId": "GPB.1111-5246-5800-05617",
    "creationTime": "2016-01-13T02:13:18.645Z",
    "billingInstrument": {
      "cardClass": "UNKNOWN_CARD_CLASS",
      "cardType": "VISA",
      "expiration": "5/2021",
      "displayName": "Visa-7128"
    },
    "billingContact": {
      "name": "Esteban Londoño Padilla",
      "addressLine": ["Calle 14 # 26-19", "2860690"],
      "countryCode": "CO",
      "city": "Palmira",
      "state": "VALLE DEL CAUCA",
      "phoneNumber": "+57 318 3883145"
    },
    "associatedContact": [{
      "name": "Esteban Londoño Padilla",
      "addressLine": ["Calle 14 # 26-19", "2860690"],
      "countryCode": "CO",
      "city": "Palmira",
      "state": "VALLE DEL CAUCA",
      "phoneNumber": "+57 318 3883145"
    }],
    "ipAddress": "191.102.216.75",
    "ipCountry": "CO",
    "userLocale": {
      "languageCode": "es_US",
      "country": "CO"
    },
    "totalPrice": "COP 23,999.00",
    "tax": "COP 0.00",
    "refundAmount": "$ 0,00",
    "preorder": false,
    "lineItem": [{
      "doc": {
        "documentType": "Book",
        "title": "Usar el cerebro"
      },
      "quantity": "1"
    }]
  }
},
{
  "orderHistory": {
    "orderId": "GPB.1139-7940-7022-34847",
    "creationTime": "2015-11-10T21:46:54.447Z",
    "billingInstrument": {
      "cardClass": "UNKNOWN_CARD_CLASS",
      "cardType": "VISA",
      "expiration": "5/2019",
      "displayName": "Visa-0603"
    },
    "billingContact": {
      "name": "Esteban Londoño Padilla",
      "addressLine": ["Calle 14 # 26-19", "2860690"],
      "countryCode": "CO",
      "city": "Palmira",
      "state": "VALLE DEL CAUCA"
    },
    "associatedContact": [{
      "name": "Esteban Londoño Padilla",
      "addressLine": ["Calle 14 # 26-19", "2860690"],
      "countryCode": "CO",
      "city": "Palmira",
      "state": "VALLE DEL CAUCA",
      "phoneNumber": "+57 318 3883145"
    }],
    "ipAddress": "200.31.17.103",
    "ipCountry": "CO",
    "userLocale": {
      "languageCode": "es_419",
      "country": "CO"
    },
    "totalPrice": "COP 10,900.00",
    "tax": "COP 0.00",
    "refundAmount": "$ 0,00",
    "preorder": false,
    "lineItem": [{
      "doc": {
        "documentType": "Book",
        "title": "Vivir es un asunto urgente"
      },
      "quantity": "1"
    }]
  }
},
{
  "orderHistory": {
    "orderId": "GPA.1324-3103-9188-37859",
    "creationTime": "2015-10-28T00:19:15.859Z",
    "billingInstrument": {
      "cardClass": "UNKNOWN_CARD_CLASS",
      "cardType": "VISA",
      "expiration": "5/2021",
      "displayName": "Visa-7128"
    },
    "billingContact": {
      "name": "Esteban Londoño Padilla",
      "addressLine": ["Calle 14 # 26-19", "2860690"],
      "countryCode": "CO",
      "city": "Palmira",
      "state": "VALLE DEL CAUCA",
      "phoneNumber": "+57 318 3883145"
    },
    "associatedContact": [{
      "name": "Esteban Londoño Padilla",
      "addressLine": ["Calle 14 # 26-19", "2860690"],
      "countryCode": "CO",
      "city": "Palmira",
      "state": "VALLE DEL CAUCA",
      "phoneNumber": "+57 318 3883145"
    }],
    "ipAddress": "152.200.209.241",
    "ipCountry": "CO",
    "userLocale": {
      "languageCode": "es_US",
      "country": "CO"
    },
    "totalPrice": "COP 0.00",
    "tax": "COP 0.00",
    "refundAmount": "$ 0,00",
    "renewalOrder": false,
    "preorder": false,
    "lineItem": [{
      "doc": {
        "documentType": "Subscription",
        "title": "Endomondo Premium, Monthly (Mar 2015) w. 180 days Trial (Endomondo - Running \u0026 Walking)"
      },
      "quantity": "1"
    }]
  }
},
{
  "orderHistory": {
    "orderId": "GPA.1347-2129-0542-46223",
    "creationTime": "2015-08-05T11:23:30.451Z",
    "billingInstrument": {
      "cardClass": "UNKNOWN_CARD_CLASS",
      "cardType": "VISA",
      "expiration": "5/2021",
      "displayName": "Visa-7128"
    },
    "billingContact": {
      "name": "Esteban Londoño Padilla",
      "addressLine": ["Calle 14 # 26-19", "2860690"],
      "countryCode": "CO",
      "city": "Palmira",
      "state": "VALLE DEL CAUCA",
      "phoneNumber": "+57 318 3883145"
    },
    "associatedContact": [{
      "name": "Esteban Londoño Padilla",
      "addressLine": ["Calle 14 # 26-19", "2860690"],
      "countryCode": "CO",
      "city": "Palmira",
      "state": "VALLE DEL CAUCA",
      "phoneNumber": "+57 318 3883145"
    }],
    "ipAddress": "190.113.211.30",
    "ipCountry": "CO",
    "userLocale": {
      "languageCode": "es_US",
      "country": "CO"
    },
    "totalPrice": "COP 2,024.00",
    "tax": "COP 0.00",
    "refundAmount": "$ 0,00",
    "preorder": false,
    "lineItem": [{
      "doc": {
        "documentType": "In App Item",
        "title": "Delightful Skinset (InstaWeather)"
      },
      "quantity": "1"
    }]
  }
},
{
  "orderHistory": {
    "orderId": "12999763169054705758.1357490851688334",
    "creationTime": "2015-07-19T06:25:18.283Z",
    "billingInstrument": {
      "cardClass": "UNKNOWN_CARD_CLASS",
      "cardType": "VISA",
      "expiration": "5/2021",
      "displayName": "Visa-7128"
    },
    "billingContact": {
      "name": "Esteban Londoño Padilla",
      "addressLine": ["Calle 14 # 26-19", "2860690"],
      "countryCode": "CO",
      "city": "Palmira",
      "state": "VALLE DEL CAUCA",
      "phoneNumber": "+57 318 3883145"
    },
    "associatedContact": [{
      "name": "Esteban Londoño Padilla",
      "addressLine": ["Calle 14 # 26-19", "2860690"],
      "countryCode": "CO",
      "city": "Palmira",
      "state": "VALLE DEL CAUCA",
      "phoneNumber": "+57 318 3883145"
    }],
    "ipAddress": "190.159.101.227",
    "ipCountry": "CO",
    "userLocale": {
      "languageCode": "es_US",
      "country": "CO"
    },
    "totalPrice": "COP 6,072.00",
    "tax": "COP 0.00",
    "refundAmount": "$ 0,00",
    "preorder": false,
    "lineItem": [{
      "doc": {
        "documentType": "Android Apps",
        "title": "Llave Pro de la Galería de Bóv"
      },
      "quantity": "1"
    }]
  }
},
{
  "orderHistory": {
    "orderId": "YGP.UCZK-WASS-P95U-8DLE",
    "creationTime": "2015-07-05T21:51:02.078Z",
    "billingInstrument": {
      "cardClass": "UNKNOWN_CARD_CLASS",
      "cardType": "VISA",
      "expiration": "5/2021",
      "displayName": "Visa-7128"
    },
    "billingContact": {
      "name": "Esteban Londoño Padilla",
      "addressLine": ["Calle 14 # 26-19", "2860690"],
      "countryCode": "CO",
      "city": "Palmira",
      "state": "VALLE DEL CAUCA",
      "phoneNumber": "+57 318 3883145"
    },
    "associatedContact": [{
      "name": "Esteban Londoño Padilla",
      "addressLine": ["Calle 14 # 26-19", "2860690"],
      "countryCode": "CO",
      "city": "Palmira",
      "state": "VALLE DEL CAUCA",
      "phoneNumber": "+57 318 3883145"
    }],
    "ipAddress": "190.159.101.227",
    "ipCountry": "CO",
    "userLocale": {
      "languageCode": "es_US",
      "country": "CO"
    },
    "totalPrice": "COP 10,000.00",
    "tax": "COP 0.00",
    "refundAmount": "$ 0,00",
    "preorder": false,
    "lineItem": [{
      "doc": {
        "documentType": "Movie",
        "title": "The Theory of Everything"
      },
      "quantity": "1"
    }]
  }
},
{
  "orderHistory": {
    "orderId": "12999763169054705758.1376105604214870",
    "creationTime": "2015-02-08T22:03:00.339Z",
    "billingInstrument": {
      "cardClass": "UNKNOWN_CARD_CLASS",
      "cardType": "VISA",
      "expiration": "5/2019",
      "displayName": "Visa-0603"
    },
    "billingContact": {
      "name": "Esteban Londoño",
      "addressLine": ["Calle14 # 26-19"],
      "countryCode": "CO",
      "city": "Palmira",
      "state": "Valle Del Cauca",
      "phoneNumber": "+57 318 3883145"
    },
    "associatedContact": [{
      "name": "Esteban Londoño Padilla",
      "addressLine": ["Calle 14 # 26-19", "2860690"],
      "countryCode": "CO",
      "city": "Palmira",
      "state": "VALLE DEL CAUCA",
      "phoneNumber": "+57 318 3883145"
    }],
    "ipAddress": "186.80.76.147",
    "ipCountry": "CO",
    "userLocale": {
      "languageCode": "es_US",
      "country": "CO"
    },
    "totalPrice": "COP 2,235.00",
    "tax": "COP 0.00",
    "refundAmount": "$ 0,00",
    "preorder": false,
    "lineItem": [{
      "doc": {
        "documentType": "In App Item",
        "title": "Beginner Package S (Darkness Reborn)"
      },
      "quantity": "1"
    }]
  }
},
{
  "orderHistory": {
    "orderId": "12999763169054705758.1329890994750901",
    "creationTime": "2015-02-08T05:26:27.569Z",
    "billingInstrument": {
      "cardClass": "UNKNOWN_CARD_CLASS",
      "cardType": "VISA",
      "expiration": "5/2019",
      "displayName": "Visa-0603"
    },
    "billingContact": {
      "name": "Esteban Londoño",
      "addressLine": ["Calle14 # 26-19"],
      "countryCode": "CO",
      "city": "Palmira",
      "state": "Valle Del Cauca",
      "phoneNumber": "+57 318 3883145"
    },
    "associatedContact": [{
      "name": "Esteban Londoño Padilla",
      "addressLine": ["Calle 14 # 26-19", "2860690"],
      "countryCode": "CO",
      "city": "Palmira",
      "state": "VALLE DEL CAUCA",
      "phoneNumber": "+57 318 3883145"
    }],
    "ipAddress": "186.80.76.147",
    "ipCountry": "CO",
    "userLocale": {
      "languageCode": "es_US",
      "country": "CO"
    },
    "totalPrice": "COP 6,704.00",
    "tax": "COP 0.00",
    "refundAmount": "$ 0,00",
    "preorder": false,
    "lineItem": [{
      "doc": {
        "documentType": "In App Item",
        "title": "SOL Subscription (Darkness Reborn)"
      },
      "quantity": "1"
    }]
  }
},
{
  "orderHistory": {
    "orderId": "GPB.1199806717516934",
    "creationTime": "2015-01-28T23:37:46.023Z",
    "billingInstrument": {
      "cardClass": "UNKNOWN_CARD_CLASS",
      "cardType": "VISA",
      "expiration": "5/2019",
      "displayName": "Visa-0603"
    },
    "billingContact": {
      "name": "Esteban Londoño",
      "addressLine": ["Calle14 # 26-19"],
      "countryCode": "CO",
      "city": "Palmira",
      "state": "Valle Del Cauca",
      "phoneNumber": "+57 318 3883145"
    },
    "associatedContact": [{
      "name": "Esteban Londoño Padilla",
      "addressLine": ["Calle 14 # 26-19", "2860690"],
      "countryCode": "CO",
      "city": "Palmira",
      "state": "VALLE DEL CAUCA",
      "phoneNumber": "+57 318 3883145"
    }],
    "ipAddress": "186.80.76.147",
    "ipCountry": "CO",
    "userLocale": {
      "languageCode": "es_US",
      "country": "CO"
    },
    "totalPrice": "COP 17,999.00",
    "tax": "COP 0.00",
    "refundAmount": "$ 0,00",
    "preorder": false,
    "lineItem": [{
      "doc": {
        "documentType": "Book",
        "title": "El gran diseño"
      },
      "quantity": "1"
    }]
  }
},
{
  "orderHistory": {
    "orderId": "GPB.1126775322417340",
    "creationTime": "2014-11-07T13:23:30.537Z",
    "billingInstrument": {
      "cardClass": "UNKNOWN_CARD_CLASS",
      "cardType": "VISA",
      "expiration": "5/2019",
      "displayName": "Visa-0603"
    },
    "billingContact": {
      "name": "Esteban Londoño",
      "addressLine": ["Calle14 # 26-19"],
      "countryCode": "CO",
      "city": "Palmira",
      "state": "Valle Del Cauca",
      "phoneNumber": "+57 318 3883145"
    },
    "associatedContact": [{
      "name": "Esteban Londoño",
      "addressLine": ["Calle14 # 26-19"],
      "countryCode": "CO",
      "city": "Palmira",
      "state": "Valle Del Cauca",
      "phoneNumber": "+57 318 3883145"
    }],
    "ipAddress": "152.205.126.28",
    "ipCountry": "CO",
    "userLocale": {
      "languageCode": "es_US",
      "country": "CO"
    },
    "totalPrice": "COP 19,900.00",
    "tax": "COP 0.00",
    "refundAmount": "$ 0,00",
    "preorder": false,
    "lineItem": [{
      "doc": {
        "documentType": "Book",
        "title": "Supercerebro"
      },
      "quantity": "1"
    }]
  }
},
{
  "orderHistory": {
    "orderId": "12999763169054705758.1347837690291552",
    "creationTime": "2014-10-11T20:21:52.559Z",
    "billingInstrument": {
      "cardClass": "UNKNOWN_CARD_CLASS",
      "cardType": "VISA",
      "expiration": "5/2019",
      "displayName": "Visa-0603"
    },
    "billingContact": {
      "name": "Esteban Londoño",
      "addressLine": ["Calle14 # 26-19"],
      "countryCode": "CO",
      "city": "Palmira",
      "state": "Valle Del Cauca",
      "phoneNumber": "+57 318 3883145"
    },
    "associatedContact": [{
      "name": "Esteban Londoño",
      "addressLine": ["Calle14 # 26-19"],
      "countryCode": "CO",
      "city": "Palmira",
      "state": "Valle Del Cauca",
      "phoneNumber": "+57 318 3883145"
    }],
    "ipAddress": "186.84.219.128",
    "ipCountry": "CO",
    "userLocale": {
      "languageCode": "es_US",
      "country": "CO"
    },
    "totalPrice": "COP 4,086.00",
    "tax": "COP 0.00",
    "refundAmount": "$ 0,00",
    "preorder": false,
    "lineItem": [{
      "doc": {
        "documentType": "In App Item",
        "title": "750 Monedas (Apensar: acertijo de palabras)"
      },
      "quantity": "1"
    }]
  }
},
{
  "orderHistory": {
    "orderId": "14548820702893835747.1163385742861442",
    "creationTime": "2014-09-25T04:10:09.209Z",
    "billingInstrument": {
      "cardClass": "UNKNOWN_CARD_CLASS",
      "cardType": "VISA",
      "expiration": "5/2019",
      "displayName": "Visa-0603"
    },
    "billingContact": {
      "name": "Esteban Londoño",
      "addressLine": ["Calle14 # 26-19"],
      "countryCode": "CO",
      "city": "Palmira",
      "state": "Valle Del Cauca",
      "phoneNumber": "3183883145"
    },
    "associatedContact": [{
      "name": "Esteban Londoño",
      "addressLine": ["Calle14 # 26-19"],
      "countryCode": "CO",
      "city": "Palmira",
      "state": "Valle Del Cauca",
      "phoneNumber": "3183883145"
    }],
    "ipAddress": "186.84.219.128",
    "ipCountry": "CO",
    "userLocale": {
      "languageCode": "es_US",
      "country": "CO"
    },
    "totalPrice": "COP 10,900.00",
    "tax": "COP 0.00",
    "refundAmount": "$ 0,00",
    "preorder": false,
    "lineItem": [{
      "doc": {
        "documentType": "Book",
        "title": "Alegría"
      },
      "quantity": "1"
    }]
  }
},
{
  "orderHistory": {
    "orderId": "12999763169054705758.1349830101395897",
    "creationTime": "2014-09-13T13:25:16.797Z",
    "billingInstrument": {
      "cardClass": "UNKNOWN_CARD_CLASS",
      "cardType": "VISA",
      "expiration": "5/2019",
      "displayName": "Visa-0603"
    },
    "billingContact": {
      "name": "Esteban Londoño",
      "addressLine": ["Calle14 # 26-19"],
      "countryCode": "CO",
      "city": "Palmira",
      "state": "Valle Del Cauca",
      "phoneNumber": "3183883145"
    },
    "associatedContact": [{
      "name": "Esteban Londoño",
      "addressLine": ["Calle14 # 26-19"],
      "countryCode": "CO",
      "city": "Palmira",
      "state": "Valle Del Cauca",
      "phoneNumber": "3183883145"
    }],
    "ipAddress": "186.84.219.128",
    "ipCountry": "CO",
    "userLocale": {
      "languageCode": "es_US",
      "country": "CO"
    },
    "totalPrice": "COP 8,290.00",
    "tax": "COP 0.00",
    "refundAmount": "$ 0,00",
    "preorder": false,
    "lineItem": [{
      "doc": {
        "documentType": "Android Apps",
        "title": "ePSXe for Android"
      },
      "quantity": "1"
    }]
  }
},
{
  "orderHistory": {
    "orderId": "GPM.1201145930529463",
    "creationTime": "2014-07-23T20:20:13.452Z",
    "billingInstrument": {
      "cardClass": "UNKNOWN_CARD_CLASS",
      "cardType": "VISA",
      "expiration": "5/2019",
      "displayName": "Visa-0603"
    },
    "billingContact": {
      "name": "Esteban Londoño",
      "addressLine": ["Calle14 # 26-19"],
      "countryCode": "CO",
      "city": "Palmira",
      "state": "Valle Del Cauca",
      "phoneNumber": "3183883145"
    },
    "associatedContact": [{
      "name": "Esteban Londoño",
      "addressLine": ["Calle14 # 26-19"],
      "countryCode": "CO",
      "city": "Palmira",
      "state": "Valle Del Cauca",
      "phoneNumber": "3183883145"
    }],
    "ipAddress": "200.31.17.103",
    "ipCountry": "CO",
    "userLocale": {
      "languageCode": "es_419",
      "country": "419"
    },
    "totalPrice": "COP 0.00",
    "tax": "COP 0.00",
    "refundAmount": "$ 0,00",
    "renewalOrder": false,
    "preorder": false,
    "lineItem": [{
      "doc": {
        "documentType": "Subscription",
        "title": "Google Play Music All Access"
      },
      "quantity": "1"
    }]
  }
},
{
  "orderHistory": {
    "orderId": "14548820702893835747.1106495731032731",
    "creationTime": "2014-07-17T18:16:27.868Z",
    "billingInstrument": {
      "cardClass": "UNKNOWN_CARD_CLASS",
      "cardType": "VISA",
      "expiration": "5/2019",
      "displayName": "Visa-0603"
    },
    "billingContact": {
      "name": "Esteban Londoño",
      "addressLine": ["Calle14 # 26-19"],
      "countryCode": "CO",
      "city": "Palmira",
      "state": "Valle Del Cauca",
      "phoneNumber": "3183883145"
    },
    "associatedContact": [{
      "name": "Esteban Londoño",
      "addressLine": ["Calle14 # 26-19"],
      "countryCode": "CO",
      "city": "Palmira",
      "state": "Valle Del Cauca",
      "phoneNumber": "3183883145"
    }],
    "ipAddress": "191.109.188.22",
    "ipCountry": "CO",
    "userLocale": {
      "languageCode": "es_US",
      "country": "CO"
    },
    "totalPrice": "COP 10,900.00",
    "tax": "COP 0.00",
    "refundAmount": "$ 0,00",
    "preorder": false,
    "lineItem": [{
      "doc": {
        "documentType": "Book",
        "title": "El monje que vendió su Ferrari"
      },
      "quantity": "1"
    }]
  }
},
{
  "orderHistory": {
    "orderId": "12999763169054705758.1340188573628511",
    "creationTime": "2014-07-17T18:09:23.531Z",
    "billingInstrument": {
      "cardClass": "UNKNOWN_CARD_CLASS",
      "cardType": "VISA",
      "expiration": "5/2019",
      "displayName": "Visa-0603"
    },
    "billingContact": {
      "name": "Esteban Londoño",
      "addressLine": ["Calle14 # 26-19"],
      "countryCode": "CO",
      "city": "Palmira",
      "state": "Valle Del Cauca",
      "phoneNumber": "3183883145"
    },
    "associatedContact": [{
      "name": "Esteban Londoño",
      "addressLine": ["Calle14 # 26-19"],
      "countryCode": "CO",
      "city": "Palmira",
      "state": "Valle Del Cauca",
      "phoneNumber": "3183883145"
    }],
    "ipAddress": "191.109.188.22",
    "ipCountry": "CO",
    "userLocale": {
      "languageCode": "es_US",
      "country": "CO"
    },
    "totalPrice": "COP 10,090.00",
    "tax": "COP 0.00",
    "refundAmount": "$ 0,00",
    "preorder": false,
    "lineItem": [{
      "doc": {
        "documentType": "Android Apps",
        "title": "El Monje que Vendió su Ferrari"
      },
      "quantity": "1"
    }]
  }
},
{
  "orderHistory": {
    "orderId": "12999763169054705758.1327338994143571",
    "creationTime": "2014-07-16T23:42:23.179Z",
    "billingInstrument": {
      "cardClass": "UNKNOWN_CARD_CLASS",
      "cardType": "VISA",
      "expiration": "5/2019",
      "displayName": "Visa-0603"
    },
    "billingContact": {
      "name": "Esteban Londoño",
      "addressLine": ["Calle14 # 26-19"],
      "countryCode": "CO",
      "city": "Palmira",
      "state": "Valle Del Cauca",
      "phoneNumber": "3183883145"
    },
    "associatedContact": [{
      "name": "Esteban Londoño",
      "addressLine": ["Calle14 # 26-19"],
      "countryCode": "CO",
      "city": "Palmira",
      "state": "Valle Del Cauca",
      "phoneNumber": "3183883145"
    }],
    "ipAddress": "186.81.32.130",
    "ipCountry": "CO",
    "userLocale": {
      "languageCode": "es_US",
      "country": "CO"
    },
    "totalPrice": "COP 10,200.00",
    "tax": "COP 0.00",
    "refundAmount": "$ 0,00",
    "preorder": false,
    "lineItem": [{
      "doc": {
        "documentType": "In App Item",
        "title": "Premium Unlock (FIFA 14 by EA SPORTS™)"
      },
      "quantity": "1"
    }]
  }
},
{
  "orderHistory": {
    "orderId": "12999763169054705758.1309664770195132",
    "creationTime": "2014-07-15T02:08:52.792Z",
    "billingInstrument": {
      "cardClass": "UNKNOWN_CARD_CLASS",
      "cardType": "VISA",
      "expiration": "5/2019",
      "displayName": "Visa-0603"
    },
    "billingContact": {
      "name": "Esteban Londoño",
      "addressLine": ["Calle14 # 26-19"],
      "countryCode": "CO",
      "city": "Palmira",
      "state": "Valle Del Cauca",
      "phoneNumber": "3183883145"
    },
    "associatedContact": [{
      "name": "Esteban Londoño",
      "addressLine": ["Calle14 # 26-19"],
      "countryCode": "CO",
      "city": "Palmira",
      "state": "Valle Del Cauca",
      "phoneNumber": "3183883145"
    }],
    "ipAddress": "186.81.32.130",
    "ipCountry": "CO",
    "userLocale": {
      "languageCode": "es_US",
      "country": "CO"
    },
    "totalPrice": "COP 5,559.00",
    "tax": "COP 0.00",
    "refundAmount": "$ 0,00",
    "preorder": false,
    "lineItem": [{
      "doc": {
        "documentType": "In App Item",
        "title": "500 FIFA points (FIFA 14 by EA SPORTS™)"
      },
      "quantity": "1"
    }]
  }
},
{
  "orderHistory": {
    "orderId": "14548820702893835747.1186873048218054",
    "creationTime": "2014-05-05T11:09:30.073Z",
    "billingInstrument": {
      "cardClass": "UNKNOWN_CARD_CLASS",
      "cardType": "VISA",
      "expiration": "5/2019",
      "displayName": "Visa-0603"
    },
    "billingContact": {
      "name": "Esteban Londoño",
      "addressLine": ["Calle14 # 26-19"],
      "countryCode": "CO",
      "city": "Palmira",
      "state": "Valle Del Cauca",
      "phoneNumber": "3183883145"
    },
    "associatedContact": [{
      "name": "Esteban Londoño",
      "addressLine": ["Calle14 # 26-19"],
      "countryCode": "CO",
      "city": "Palmira",
      "state": "Valle Del Cauca",
      "phoneNumber": "3183883145"
    }],
    "ipAddress": "181.237.223.220",
    "ipCountry": "CO",
    "userLocale": {
      "languageCode": "es_US",
      "country": "CO"
    },
    "totalPrice": "COP 9,000.00",
    "tax": "COP 0.00",
    "refundAmount": "$ 0,00",
    "preorder": false,
    "lineItem": [{
      "doc": {
        "documentType": "Book",
        "title": "En busca del equilibrio"
      },
      "quantity": "1"
    }]
  }
},
{
  "orderHistory": {
    "orderId": "12999763169054705758.1346723074559025",
    "creationTime": "2014-03-24T14:24:42.656Z",
    "billingInstrument": {
      "cardClass": "UNKNOWN_CARD_CLASS",
      "cardType": "VISA",
      "expiration": "5/2019",
      "displayName": "Visa-0603"
    },
    "billingContact": {
      "name": "Esteban Londoño",
      "addressLine": ["Calle14 # 26-19"],
      "countryCode": "CO",
      "city": "Palmira",
      "state": "Valle Del Cauca",
      "phoneNumber": "3183883145"
    },
    "associatedContact": [{
      "name": "Esteban Londoño",
      "addressLine": ["Calle14 # 26-19"],
      "countryCode": "CO",
      "city": "Palmira",
      "state": "Valle Del Cauca",
      "phoneNumber": "3183883145"
    }],
    "ipAddress": "186.84.217.156",
    "ipCountry": "CO",
    "userLocale": {
      "languageCode": "es_US",
      "country": "CO"
    },
    "totalPrice": "COP 4,888.00",
    "tax": "COP 0.00",
    "refundAmount": "$ 0,00",
    "preorder": false,
    "lineItem": [{
      "doc": {
        "documentType": "Android Apps",
        "title": "SD Maid Pro - Unlocker"
      },
      "quantity": "1"
    }]
  }
},
{
  "orderHistory": {
    "orderId": "12999763169054705758.1344569354267228",
    "creationTime": "2013-09-05T00:33:36Z",
    "billingInstrument": {
      "cardClass": "UNKNOWN_CARD_CLASS",
      "cardType": "VISA",
      "expiration": "11/2019",
      "displayName": "Visa-8132"
    },
    "billingContact": {
      "name": "Esteban Londoño Padilla",
      "addressLine": ["Calle14 # 16-19"],
      "countryCode": "CO",
      "city": "Palmira",
      "state": "VALLE DEL CAUCA",
      "postalCode": "",
      "phoneNumber": "3183883145"
    },
    "associatedContact": [{
      "name": "Esteban Londoño Padilla",
      "addressLine": ["Calle14 # 16-19"],
      "countryCode": "CO",
      "city": "Palmira",
      "state": "VALLE DEL CAUCA",
      "postalCode": "",
      "phoneNumber": "3183883145"
    }],
    "ipAddress": "186.82.126.127",
    "ipCountry": "CO",
    "userLocale": {
      "languageCode": "es_US",
      "country": "CO"
    },
    "totalPrice": "$0.99",
    "tax": "$0.00",
    "refundAmount": "US$ 0,00",
    "preorder": false,
    "lineItem": [{
      "doc": {
        "documentType": "Android Apps",
        "title": "Contra: Evolution"
      },
      "quantity": "1"
    }]
  }
}]