[{
  "purchaseHistory": {
    "invoicePrice": "$8,500.00",
    "paymentMethodTitle": "Mastercard-8856",
    "userLanguageCode": "en_US",
    "userCountry": "CO",
    "doc": {
      "documentType": "In App Item",
      "title": "Unlock PRO features (Notify \u0026 Fitness for Amazfit)"
    },
    "purchaseTime": "2018-11-14T14:32:03.932Z"
  }
},
{
  "purchaseHistory": {
    "invoicePrice": "$15,000.00",
    "paymentMethodTitle": "Visa-0355",
    "userLanguageCode": "en_US",
    "userCountry": "CO",
    "doc": {
      "documentType": "In App Item",
      "title": "Navigation pack [1 year] (Wikiloc Outdoor Navigation GPS)"
    },
    "purchaseTime": "2018-11-10T23:50:40.648Z"
  }
},
{
  "purchaseHistory": {
    "invoicePrice": "$0.00",
    "paymentMethodTitle": "",
    "userLanguageCode": "en_US",
    "userCountry": "CO",
    "doc": {
      "documentType": "Book",
      "title": "150 Really Useful English Phrases"
    },
    "purchaseTime": "2018-10-12T01:53:34.157Z"
  }
},
{
  "purchaseHistory": {
    "invoicePrice": "$0.00",
    "paymentMethodTitle": "",
    "userLanguageCode": "en_US",
    "userCountry": "CO",
    "doc": {
      "documentType": "Book",
      "title": "The Evolution of Data Products"
    },
    "purchaseTime": "2018-08-13T01:20:26.241Z"
  }
},
{
  "purchaseHistory": {
    "invoicePrice": "$0.00",
    "paymentMethodTitle": "",
    "userLanguageCode": "en_US",
    "userCountry": "CO",
    "doc": {
      "documentType": "Book",
      "title": "What Is Data Science?"
    },
    "purchaseTime": "2018-08-11T18:33:33.945Z"
  }
},
{
  "purchaseHistory": {
    "invoicePrice": "$12,000.00",
    "paymentMethodTitle": "Visa-0355",
    "userLanguageCode": "en_US",
    "userCountry": "CO",
    "doc": {
      "documentType": "Subscription",
      "title": "MONTHLY PREMIUM SUBSCRIPTION (Magisto Video Editor \u0026 Maker)"
    },
    "purchaseTime": "2018-08-09T07:01:54.817Z"
  }
},
{
  "purchaseHistory": {
    "invoicePrice": "$25,000.00",
    "paymentMethodTitle": "Mastercard-3424",
    "userLanguageCode": "en_US",
    "userCountry": "CO",
    "doc": {
      "documentType": "Subscription",
      "title": "Knudge Pro (Improve English: Vocabulary, Grammar, Word Games)"
    },
    "purchaseTime": "2018-07-21T01:29:08.489Z"
  }
},
{
  "purchaseHistory": {
    "invoicePrice": "$3,000.00",
    "paymentMethodTitle": "Mastercard-3424",
    "userLanguageCode": "en_US",
    "userCountry": "CO",
    "doc": {
      "documentType": "In App Item",
      "title": "Pro Version (TimeTune - Optimize Your Time)"
    },
    "purchaseTime": "2018-07-19T14:52:27.952Z"
  }
},
{
  "purchaseHistory": {
    "invoicePrice": "$17,500.00",
    "purchaseState": "Payment declined",
    "paymentMethodTitle": "Mastercard-3794",
    "userLanguageCode": "en_US",
    "userCountry": "CO",
    "doc": {
      "documentType": "Subscription",
      "title": "Speaky Premium (Speaky - Language Exchange)"
    },
    "purchaseTime": "2018-04-17T14:22:37.890Z"
  }
},
{
  "purchaseHistory": {
    "invoicePrice": "$17,500.00",
    "paymentMethodTitle": "Mastercard-3794",
    "userLanguageCode": "en_US",
    "userCountry": "CO",
    "doc": {
      "documentType": "Subscription",
      "title": "Speaky Premium (Speaky - Language Exchange)"
    },
    "purchaseTime": "2018-03-18T14:22:49.354Z"
  }
},
{
  "purchaseHistory": {
    "invoicePrice": "$0.00",
    "paymentMethodTitle": "",
    "userLanguageCode": "es_US",
    "userCountry": "CO",
    "doc": {
      "documentType": "Android Apps",
      "title": "com.leomaz.flatx"
    },
    "purchaseTime": "2018-03-05T11:48:21.642Z"
  }
},
{
  "purchaseHistory": {
    "invoicePrice": "$0.00",
    "paymentMethodTitle": "",
    "userLanguageCode": "es_US",
    "userCountry": "CO",
    "doc": {
      "documentType": "Android Apps",
      "title": "com.leomaz.flix"
    },
    "purchaseTime": "2018-03-05T11:47:23.811Z"
  }
},
{
  "purchaseHistory": {
    "invoicePrice": "$12,000.00",
    "paymentMethodTitle": "Mastercard-3794",
    "userLanguageCode": "es_US",
    "userCountry": "CO",
    "doc": {
      "documentType": "In App Item",
      "title": "Action Launcher: Plus (Action Launcher: Pixel Edition)"
    },
    "purchaseTime": "2018-03-05T04:13:07.973Z"
  }
},
{
  "purchaseHistory": {
    "invoicePrice": "$2,500.00",
    "paymentMethodTitle": "Visa-7128",
    "userLanguageCode": "es_US",
    "userCountry": "CO",
    "doc": {
      "documentType": "Subscription",
      "title": "Peak Pro 1 month - 50% discount (Peak – Brain Games \u0026 Training)"
    },
    "purchaseTime": "2016-10-21T13:22:14.434Z"
  }
},
{
  "purchaseHistory": {
    "invoicePrice": "$29,000.00",
    "paymentMethodTitle": "Visa-7128",
    "userLanguageCode": "es_US",
    "userCountry": "CO",
    "doc": {
      "documentType": "Subscription",
      "title": "Premium Membership (Runtastic Results Strength Training \u0026 Bodyweight)"
    },
    "purchaseTime": "2016-10-12T13:58:06.181Z"
  }
},
{
  "purchaseHistory": {
    "invoicePrice": "$2,500.00",
    "paymentMethodTitle": "Visa-7128",
    "userLanguageCode": "es_US",
    "userCountry": "CO",
    "doc": {
      "documentType": "Subscription",
      "title": "Peak Pro 1 month - 50% discount (Peak – Brain Games \u0026 Training)"
    },
    "purchaseTime": "2016-09-21T11:37:48.520Z"
  }
},
{
  "purchaseHistory": {
    "invoicePrice": "$29,000.00",
    "paymentMethodTitle": "Visa-7128",
    "userLanguageCode": "en_US",
    "userCountry": "",
    "doc": {
      "documentType": "Subscription",
      "title": "Premium Membership (Runtastic Results Strength Training \u0026 Bodyweight)"
    },
    "purchaseTime": "2016-09-12T13:28:38.394Z"
  }
},
{
  "purchaseHistory": {
    "invoicePrice": "$29,000.00",
    "paymentMethodTitle": "Visa-7128",
    "userLanguageCode": "es_US",
    "userCountry": "CO",
    "doc": {
      "documentType": "Subscription",
      "title": "Premium Membership (Runtastic Results Strength Training \u0026 Bodyweight)"
    },
    "purchaseTime": "2016-08-12T10:25:31.705Z"
  }
},
{
  "purchaseHistory": {
    "invoicePrice": "$29,000.00",
    "paymentMethodTitle": "Visa-7128",
    "userLanguageCode": "es_US",
    "userCountry": "CO",
    "doc": {
      "documentType": "In App Item",
      "title": "1,200 PokéCoins (Pokémon GO)"
    },
    "purchaseTime": "2016-07-18T02:47:11.083Z"
  }
},
{
  "purchaseHistory": {
    "invoicePrice": "$5,134.00",
    "paymentMethodTitle": "Visa-7128",
    "userLanguageCode": "en_US",
    "userCountry": "CO",
    "doc": {
      "documentType": "Book",
      "title": "23 Hábitos Anti-Procrastinación Cómo Dejar De Ser Perezoso Y Tener Resultados En Tu Vida."
    },
    "purchaseTime": "2016-06-28T11:04:34.369Z"
  }
},
{
  "purchaseHistory": {
    "invoicePrice": "$11,117.00",
    "paymentMethodTitle": "Visa-7128",
    "userLanguageCode": "en_US",
    "userCountry": "CO",
    "doc": {
      "documentType": "In App Item",
      "title": "Navigation pack [1 year] (Wikiloc Outdoor Navigation GPS)"
    },
    "purchaseTime": "2016-05-07T14:40:07.084Z"
  }
},
{
  "purchaseHistory": {
    "invoicePrice": "$14,499.00",
    "paymentMethodTitle": "Visa-7128",
    "userLanguageCode": "en_US",
    "userCountry": "",
    "doc": {
      "documentType": "Subscription",
      "title": "Endomondo Premium, Monthly (Mar 2015) w. 180 days Trial (Endomondo - Running \u0026 Walking)"
    },
    "purchaseTime": "2016-04-25T01:47:25.267Z"
  }
},
{
  "purchaseHistory": {
    "invoicePrice": "$2,610.00",
    "paymentMethodTitle": "Visa-0603",
    "userLanguageCode": "es_US",
    "userCountry": "CO",
    "doc": {
      "documentType": "In App Item",
      "title": "7 Weeks+ Upgrade (Discounted) (7 Weeks - Habit \u0026 Goal Tracker)"
    },
    "purchaseTime": "2016-03-30T12:01:47.443Z"
  }
},
{
  "purchaseHistory": {
    "invoicePrice": "$27,999.00",
    "paymentMethodTitle": "Visa-0603",
    "userLanguageCode": "es_419",
    "userCountry": "CO",
    "doc": {
      "documentType": "Book",
      "title": "Aristóteles y Dante descubren los secretos del universo"
    },
    "purchaseTime": "2016-01-14T12:36:30.502Z"
  }
},
{
  "purchaseHistory": {
    "invoicePrice": "$23,999.00",
    "paymentMethodTitle": "Visa-7128",
    "userLanguageCode": "es_US",
    "userCountry": "CO",
    "doc": {
      "documentType": "Book",
      "title": "Usar el cerebro"
    },
    "purchaseTime": "2016-01-13T02:13:18.645Z"
  }
},
{
  "purchaseHistory": {
    "invoicePrice": "$10,900.00",
    "paymentMethodTitle": "",
    "userLanguageCode": "es_419",
    "userCountry": "CO",
    "doc": {
      "documentType": "Book",
      "title": "Vivir es un asunto urgente"
    },
    "purchaseTime": "2015-11-10T21:46:54.447Z"
  }
},
{
  "purchaseHistory": {
    "invoicePrice": "$0.00",
    "paymentMethodTitle": "Visa-7128",
    "userLanguageCode": "es_US",
    "userCountry": "CO",
    "doc": {
      "documentType": "Subscription",
      "title": "Endomondo Premium, Monthly (Mar 2015) w. 180 days Trial (Endomondo - Running \u0026 Walking)"
    },
    "purchaseTime": "2015-10-28T00:19:15.859Z"
  }
},
{
  "purchaseHistory": {
    "invoicePrice": "$2,024.00",
    "paymentMethodTitle": "",
    "userLanguageCode": "es_US",
    "userCountry": "CO",
    "doc": {
      "documentType": "In App Item",
      "title": "Delightful Skinset (WeatherShot (old))"
    },
    "purchaseTime": "2015-08-05T11:23:30.451Z"
  }
},
{
  "purchaseHistory": {
    "invoicePrice": "$6,072.00",
    "paymentMethodTitle": "",
    "userLanguageCode": "es_US",
    "userCountry": "CO",
    "doc": {
      "documentType": "Android Apps",
      "title": "GalleryVault Pro Key - Hide Pictures And Videos"
    },
    "purchaseTime": "2015-07-19T06:25:18.283Z"
  }
},
{
  "purchaseHistory": {
    "invoicePrice": "$10,000.00",
    "paymentMethodTitle": "",
    "userLanguageCode": "es_US",
    "userCountry": "CO",
    "doc": {
      "documentType": "Movie",
      "title": "Unknown Item"
    },
    "purchaseTime": "2015-07-05T21:51:02.078Z"
  }
},
{
  "purchaseHistory": {
    "invoicePrice": "$2,235.00",
    "paymentMethodTitle": "",
    "userLanguageCode": "es_US",
    "userCountry": "CO",
    "doc": {
      "documentType": "In App Item",
      "title": "Unknown Item"
    },
    "purchaseTime": "2015-02-08T22:03:00.339Z"
  }
},
{
  "purchaseHistory": {
    "invoicePrice": "$6,704.00",
    "paymentMethodTitle": "",
    "userLanguageCode": "es_US",
    "userCountry": "CO",
    "doc": {
      "documentType": "In App Item",
      "title": "Unknown Item"
    },
    "purchaseTime": "2015-02-08T05:26:27.569Z"
  }
},
{
  "purchaseHistory": {
    "invoicePrice": "$17,999.00",
    "paymentMethodTitle": "",
    "userLanguageCode": "es_US",
    "userCountry": "CO",
    "doc": {
      "documentType": "Book",
      "title": "El gran diseño"
    },
    "purchaseTime": "2015-01-28T23:37:46.023Z"
  }
},
{
  "purchaseHistory": {
    "invoicePrice": "",
    "paymentMethodTitle": "",
    "userLanguageCode": "es_US",
    "userCountry": "CO",
    "doc": {
      "documentType": "Book",
      "title": "Supercerebro"
    },
    "purchaseTime": "2014-11-07T13:23:30.537Z"
  }
},
{
  "purchaseHistory": {
    "invoicePrice": "",
    "paymentMethodTitle": "",
    "userLanguageCode": "es_US",
    "userCountry": "CO",
    "doc": {
      "documentType": "In App Item",
      "title": "750 coins (Wordie: Guess the Word)"
    },
    "purchaseTime": "2014-10-11T20:21:52.559Z"
  }
},
{
  "purchaseHistory": {
    "invoicePrice": "",
    "paymentMethodTitle": "",
    "userLanguageCode": "es_US",
    "userCountry": "CO",
    "doc": {
      "documentType": "Book",
      "title": "Alegría"
    },
    "purchaseTime": "2014-09-25T04:10:11.682Z"
  }
},
{
  "purchaseHistory": {
    "invoicePrice": "",
    "paymentMethodTitle": "",
    "userLanguageCode": "es_US",
    "userCountry": "CO",
    "doc": {
      "documentType": "Android Apps",
      "title": "ePSXe for Android"
    },
    "purchaseTime": "2014-09-13T13:25:16.797Z"
  }
},
{
  "purchaseHistory": {
    "invoicePrice": "",
    "paymentMethodTitle": "",
    "doc": {
      "documentType": "Subscription",
      "title": "Unknown Item"
    },
    "purchaseTime": "2014-07-23T20:20:14.359Z"
  }
},
{
  "purchaseHistory": {
    "invoicePrice": "",
    "paymentMethodTitle": "",
    "userLanguageCode": "es_US",
    "userCountry": "CO",
    "doc": {
      "documentType": "Book",
      "title": "El monje que vendió su Ferrari"
    },
    "purchaseTime": "2014-07-17T18:16:29.170Z"
  }
},
{
  "purchaseHistory": {
    "invoicePrice": "",
    "paymentMethodTitle": "",
    "doc": {
      "documentType": "Android Apps",
      "title": "El Monje que Vendió su Ferrari"
    },
    "purchaseTime": "2014-07-17T18:09:23.531Z"
  }
},
{
  "purchaseHistory": {
    "invoicePrice": "",
    "paymentMethodTitle": "",
    "userLanguageCode": "es_US",
    "userCountry": "CO",
    "doc": {
      "documentType": "In App Item",
      "title": "Premium Unlock (ZZSunset FIFA 14 by EA SPORTS™)"
    },
    "purchaseTime": "2014-07-16T23:42:23.179Z"
  }
},
{
  "purchaseHistory": {
    "invoicePrice": "",
    "paymentMethodTitle": "",
    "userLanguageCode": "es_US",
    "userCountry": "CO",
    "doc": {
      "documentType": "In App Item",
      "title": "500 FIFA points (ZZSunset FIFA 14 by EA SPORTS™)"
    },
    "purchaseTime": "2014-07-15T02:08:52.792Z"
  }
},
{
  "purchaseHistory": {
    "invoicePrice": "",
    "paymentMethodTitle": "",
    "userLanguageCode": "es_US",
    "userCountry": "CO",
    "doc": {
      "documentType": "Book",
      "title": "En busca del equilibrio"
    },
    "purchaseTime": "2014-05-05T11:09:33.238Z"
  }
},
{
  "purchaseHistory": {
    "invoicePrice": "",
    "paymentMethodTitle": "",
    "doc": {
      "documentType": "Android Apps",
      "title": "SD Maid Pro - Unlocker"
    },
    "purchaseTime": "2014-03-24T14:24:42.656Z"
  }
},
{
  "purchaseHistory": {
    "invoicePrice": "",
    "paymentMethodTitle": "",
    "doc": {
      "documentType": "Android Apps",
      "title": "SD Maid Pro - Unlocker"
    },
    "purchaseTime": "2014-03-24T14:21:30.196Z"
  }
},
{
  "purchaseHistory": {
    "invoicePrice": "",
    "paymentMethodTitle": "",
    "doc": {
      "documentType": "Android Apps",
      "title": "SD Maid Pro - Unlocker"
    },
    "purchaseTime": "2014-03-24T14:21:19.799Z"
  }
},
{
  "purchaseHistory": {
    "invoicePrice": "",
    "paymentMethodTitle": "",
    "doc": {
      "documentType": "Android Apps",
      "title": "CONTRA： EVOLUTION"
    },
    "purchaseTime": "2013-09-05T00:33:36Z"
  }
},
{
  "purchaseHistory": {
    "invoicePrice": "",
    "paymentMethodTitle": "",
    "doc": {
      "documentType": "Android Apps",
      "title": "CONTRA： EVOLUTION"
    },
    "purchaseTime": "2013-09-05T00:30:12.768Z"
  }
}]