[{
  "review": {
    "document": {
      "documentType": "Android Apps",
      "title": "Hello English: Learn English"
    },
    "creationTime": "2018-08-12T23:57:22.929Z",
    "starRating": 5,
    "title": "",
    "comment": "",
    "structuredReviewResponse": [{
      "question": "Is the \u003cb\u003edictionary\u003c/b\u003e good?",
      "responseOptionType": "Positive"
    }, {
      "question": "Do you \u003cb\u003espend more time\u003c/b\u003e in this app than expected?",
      "responseOptionType": "Positive"
    }, {
      "question": "Does the \u003cb\u003eapp description\u003c/b\u003e match the app experience?",
      "responseOptionType": "Positive"
    }]
  }
},
{
  "review": {
    "document": {
      "documentType": "Book",
      "title": "Usar el cerebro"
    },
    "creationTime": "2016-01-13T14:17:31.723Z",
    "starRating": 3,
    "title": "",
    "comment": ""
  }
},
{
  "review": {
    "document": {
      "documentType": "Android Apps",
      "title": "Duolingo: Learn Languages Free"
    },
    "creationTime": "2015-09-25T00:20:58.571Z",
    "starRating": 5,
    "title": "",
    "comment": ""
  }
},
{
  "review": {
    "document": {
      "documentType": "Android Apps",
      "title": "Google Photos"
    },
    "creationTime": "2015-07-24T02:28:38.965Z",
    "starRating": 5,
    "title": "",
    "comment": ""
  }
},
{
  "review": {
    "document": {
      "documentType": "Book",
      "title": "El gran diseño"
    },
    "creationTime": "2015-02-25T21:51:11.174Z",
    "starRating": 3,
    "title": "",
    "comment": ""
  }
},
{
  "review": {
    "document": {
      "documentType": "Android Apps",
      "title": "com.ghostmobile.framebook"
    },
    "creationTime": "2015-02-25T18:05:46.528Z",
    "starRating": 5,
    "title": "",
    "comment": ""
  }
},
{
  "review": {
    "document": {
      "documentType": "Android Apps",
      "title": "Prezi Viewer"
    },
    "creationTime": "2015-02-25T18:05:13.714Z",
    "starRating": 5,
    "title": "",
    "comment": ""
  }
},
{
  "review": {
    "document": {
      "documentType": "Book",
      "title": "Alegría"
    },
    "creationTime": "2014-10-02T12:14:10.493Z",
    "starRating": 4,
    "title": "",
    "comment": ""
  }
},
{
  "review": {
    "document": {
      "documentType": "Android Apps",
      "title": "Waze - GPS, Maps, Traffic Alerts \u0026 Live Navigation"
    },
    "creationTime": "2014-08-24T15:40:10.128Z",
    "starRating": 5,
    "title": "",
    "comment": ""
  }
},
{
  "review": {
    "document": {
      "documentType": "Book",
      "title": "En busca del equilibrio"
    },
    "creationTime": "2014-07-26T01:21:32.526Z",
    "starRating": 5,
    "title": "",
    "comment": ""
  }
},
{
  "review": {
    "document": {
      "documentType": "Book",
      "title": "El monje que vendió su Ferrari"
    },
    "creationTime": "2014-07-25T23:16:42.210Z",
    "starRating": 5,
    "title": "",
    "comment": ""
  }
},
{
  "review": {
    "document": {
      "documentType": "Android Apps",
      "title": "Stocks, Forex, Finance, Markets: Portfolio \u0026 News"
    },
    "creationTime": "2014-07-25T23:16:39.222Z",
    "starRating": 3,
    "title": "",
    "comment": ""
  }
},
{
  "review": {
    "document": {
      "documentType": "Android Apps",
      "title": "Netflix"
    },
    "creationTime": "2014-07-25T23:16:32.606Z",
    "starRating": 5,
    "title": "",
    "comment": ""
  }
},
{
  "review": {
    "document": {
      "documentType": "Android Apps",
      "title": "org.aresonline.android"
    },
    "creationTime": "2013-10-01T02:55:14.404Z",
    "starRating": 5,
    "title": "",
    "comment": ""
  }
},
{
  "review": {
    "document": {
      "documentType": "Android Apps",
      "title": "Peel Smart Remote TV Guide"
    },
    "creationTime": "2013-06-22T02:24:07.872Z",
    "starRating": 5,
    "title": "",
    "comment": "Lo mejor"
  }
},
{
  "review": {
    "document": {
      "documentType": "Android Apps",
      "title": "Dungeon Hunter 4"
    },
    "creationTime": "2013-06-17T00:22:33.831Z",
    "starRating": 5,
    "title": "",
    "comment": "Excelente\tLo unico es q hay q pagar mucho.....por las cosas"
  }
},
{
  "review": {
    "document": {
      "documentType": "Android Apps",
      "title": "com.onexuan.quick"
    },
    "creationTime": "2013-04-23T03:11:17.341Z",
    "starRating": 5,
    "title": "",
    "comment": ""
  }
},
{
  "review": {
    "document": {
      "documentType": "Android Apps",
      "title": "Facebook"
    },
    "creationTime": "2012-09-22T22:25:42.445Z",
    "starRating": 2,
    "title": "",
    "comment": "Muy lento\tEsta app para ser la official aun le falta mucho para llegar a lo que se espera de ella"
  }
},
{
  "review": {
    "document": {
      "documentType": "Android Apps",
      "title": "org.goldennuggetapps.simpledl"
    },
    "creationTime": "2012-07-26T03:34:09.308Z",
    "starRating": 5,
    "title": "",
    "comment": "Lo mejor\tMuy buena app"
  }
}]