{
    "Autofill": [
        {
            "name_first": ["KENNY"],
            "address_home_country": "",
            "address_home_sorting_code": "",
            "address_home_state": "CALIFORNIA",
            "address_home_dependent_locality": "",
            "address_home_city": "Watsonville",
            "address_home_language_code": "",
            "name_full": ["KENNY LUGENIA"],
            "origin": "",
            "name_last": ["LUGENIA"],
            "name_middle": [""],
            "use_count": 14,
            "email_address": ["brownsvalleyorchards@aol.com"],
            "validity_state_bitfield": 0,
            "company_name": "",
            "address_home_line1": "190 Browns Valley rd  Corralitos CA",
            "address_home_line2": "",
            "guid": "f6660406-8d11-4513-9a46-32ba3fcb1f15",
            "address_home_zip": "95076",
            "address_home_street_address": "190 Browns Valley rd  Corralitos CA",
            "phone_home_whole_number": ["(408) 607-9429"],
            "use_date": 1538497444
},
        {
            "name_first": ["Juniper"],
            "address_home_country": "CO",
            "address_home_sorting_code": "",
            "address_home_state": "Valle del cauca",
            "address_home_dependent_locality": "",
            "address_home_city": "cali",
            "address_home_language_code": "",
            "name_full": ["Juniper"],
            "origin": "Chrome settings",
            "name_last": [""],
            "name_middle": [""],
            "use_count": 7,
            "email_address": [""],
            "validity_state_bitfield": 0,
            "company_name": "Juniper",
            "address_home_line1": "Carrera 100 # 5-169, Torre Oasis",
            "address_home_line2": "",
            "guid": "ffd0d3b5-8899-4293-aca7-dd294ac844f5",
            "address_home_zip": "",
            "address_home_street_address": "Carrera 100 # 5-169, Torre Oasis",
            "phone_home_whole_number": [""],
            "use_date": 1542805851
},
        {
            "name_first": ["Esteban"],
            "address_home_country": "CO",
            "address_home_sorting_code": "",
            "address_home_state": "Valle del Cauca",
            "address_home_dependent_locality": "",
            "address_home_city": "Palmira",
            "address_home_language_code": "",
            "name_full": ["Esteban Londono"],
            "origin": "",
            "name_last": ["Londono"],
            "name_middle": [""],
            "use_count": 17,
            "email_address": ["esteban.londono.padilla@gmail.com"],
            "validity_state_bitfield": 0,
            "company_name": "Juniper",
            "address_home_line1": "Carrera 25 # 57 -25",
            "address_home_line2": "",
            "guid": "3ed8e9b7-8dd1-4d5a-8b42-ea1bf0316408",
            "address_home_zip": "763532",
            "address_home_street_address": "Carrera 25 # 57 -25",
            "phone_home_whole_number": ["+57 318 3883145"],
            "use_date": 1544563163
},
        {
            "name_first": ["Esteban"],
            "address_home_country": "CO",
            "address_home_sorting_code": "",
            "address_home_state": "Valle del Cauca",
            "address_home_dependent_locality": "",
            "address_home_city": "Jamundi",
            "address_home_language_code": "",
            "name_full": ["Esteban Londono"],
            "origin": "",
            "name_last": ["Londono"],
            "is_client_validity_states_updated": false,
            "name_middle": [""],
            "use_count": 365,
            "email_address": ["esteban.londono.padilla@gmail.com"],
            "validity_state_bitfield": 0,
            "company_name": "Juniper",
            "address_home_line1": "Av Cali Jamundi, Ciudad Campestre el Castillo",
            "address_home_line2": "Bosques del Castillo Casa N° 58",
            "guid": "9a2971ec-970c-4dac-8170-e2c08f5a1801",
            "address_home_zip": "764007",
            "address_home_street_address": "Av Cali Jamundi, Ciudad Campestre el Castillo\nBosques del Castillo Casa N° 58",
            "phone_home_whole_number": ["+57 318 3883145"],
            "use_date": 1545222717
}
    ]
}