{
    "Extensions": [
        {
            "incognito_enabled": false,
            "remote_install": false,
            "installed_by_custodian": false,
            "update_url": "https://clients2.google.com/service/update2/crx",
            "name": "Attachments.me for Gmail, Dropbox, Box, Drive",
            "id": "gdgofjdapkmlgpgjfielacjckplcdjjk",
            "version": "1.8.6",
            "enabled": false
},
        {
            "incognito_enabled": false,
            "remote_install": false,
            "installed_by_custodian": false,
            "update_url": "",
            "name": "Facebook Notifications",
            "id": "aomenlncdemalngcljlohocjfifdpcdf",
            "version": "0.3",
            "enabled": true
},
        {
            "incognito_enabled": false,
            "remote_install": false,
            "disable_reasons": 0,
            "installed_by_custodian": false,
            "update_url": "https://clients2.google.com/service/update2/crx",
            "name": "LinkedIn Extension",
            "id": "meajfmicibjppdgbjfkpdikfjcflabpk",
            "version": "1.18",
            "enabled": true
},
        {
            "incognito_enabled": false,
            "remote_install": false,
            "disable_reasons": 0,
            "installed_by_custodian": false,
            "update_url": "https://clients2.google.com/service/update2/crx",
            "name": "Save to Pocket",
            "id": "niloccemoadcdkdjlinkgdfekeahmflj",
            "version": "3.0.5.2",
            "enabled": true
},
        {
            "incognito_enabled": false,
            "remote_install": false,
            "disable_reasons": 0,
            "installed_by_custodian": false,
            "update_url": "https://clients2.google.com/service/update2/crx",
            "name": "JSONView",
            "id": "chklaanhfefbnpoihckbnefhakgolnmc",
            "version": "0.0.32.3",
            "enabled": true
},
        {
            "incognito_enabled": false,
            "remote_install": false,
            "disable_reasons": 0,
            "installed_by_custodian": false,
            "update_url": "http://clients2.google.com/service/update2/crx",
            "name": "Favicon Changer",
            "id": "ijaabbaphikljkkcbgpbaljfjpflpeoo",
            "version": "1.0.3",
            "enabled": true
},
        {
            "incognito_enabled": false,
            "remote_install": false,
            "disable_reasons": 0,
            "installed_by_custodian": false,
            "update_url": "https://clients2.google.com/service/update2/crx",
            "name": "Google Tasks",
            "id": "dmglolhoplikcoamfgjgammjbgchgjdd",
            "version": "1.3.1",
            "enabled": true
},
        {
            "incognito_enabled": false,
            "remote_install": false,
            "disable_reasons": 0,
            "installed_by_custodian": false,
            "update_url": "https://clients2.google.com/service/update2/crx",
            "name": "Tab Resize - split screen layouts",
            "id": "bkpenclhmiealbebdopglffmfdiilejc",
            "version": "2.3.3",
            "enabled": true
},
        {
            "incognito_enabled": false,
            "remote_install": false,
            "disable_reasons": 0,
            "installed_by_custodian": false,
            "update_url": "https://clients2.google.com/service/update2/crx",
            "name": "Pushbullet",
            "id": "chlffgpmiacpedhhbkiomidkjlcfhogd",
            "version": "342",
            "enabled": true
},
        {
            "incognito_enabled": false,
            "remote_install": false,
            "disable_reasons": 0,
            "installed_by_custodian": false,
            "update_url": "https://clients2.google.com/service/update2/crx",
            "name": "Google Translate",
            "id": "aapbdbdomjkkjkaonfhkkikfgjllcleb",
            "version": "2.0.7",
            "enabled": true
},
        {
            "incognito_enabled": false,
            "remote_install": false,
            "disable_reasons": 1,
            "installed_by_custodian": false,
            "update_url": "https://clients2.google.com/service/update2/crx",
            "name": "Adblock Plus",
            "id": "cfhdojbkjhnklbpkdaibdccddilifddb",
            "version": "3.4.2",
            "enabled": false
},
        {
            "incognito_enabled": false,
            "remote_install": false,
            "disable_reasons": 0,
            "installed_by_custodian": false,
            "update_url": "https://clients2.google.com/service/update2/crx",
            "name": "Video Speed Controller",
            "id": "nffaoalbilbmmfgbnbgppjihopabppdk",
            "version": "0.5.3",
            "enabled": true
},
        {
            "incognito_enabled": false,
            "remote_install": false,
            "disable_reasons": 0,
            "installed_by_custodian": false,
            "update_url": "https://clients2.google.com/service/update2/crx",
            "name": "Grammarly for Chrome",
            "id": "kbfnbcaeplbcioakkpcpgfkobkghlhen",
            "version": "14.884.1971",
            "enabled": true
},
        {
            "incognito_enabled": false,
            "remote_install": false,
            "disable_reasons": 0,
            "installed_by_custodian": false,
            "update_url": "https://clients2.google.com/service/update2/crx",
            "name": "Google Keep Chrome Extension",
            "id": "lpcaedmchfhocbbapmcbpinfpgnhiddi",
            "version": "3.1.18504.1137",
            "enabled": true
}
    ],
    "Extension Settings": [
        {
            "extension_id": "gmlllbghnfkpflemihljekbapjopfjik",
            "value": "\"1.6\"",
            "key": "intro-si"
},
        {
            "extension_id": "nffaoalbilbmmfgbnbgppjihopabppdk",
            "value": "1.7",
            "key": "resetSpeed"
},
        {
            "extension_id": "nffaoalbilbmmfgbnbgppjihopabppdk",
            "value": "[{\"action\":\"slower\",\"force\":false,\"key\":83,\"predefined\":true,\"value\":0.1},{\"action\":\"faster\",\"force\":false,\"key\":68,\"predefined\":true,\"value\":0.1},{\"action\":\"rewind\",\"force\":false,\"key\":90,\"predefined\":true,\"value\":10},{\"action\":\"advance\",\"force\":false,\"key\":88,\"predefined\":true,\"value\":10},{\"action\":\"reset\",\"force\":false,\"key\":82,\"predefined\":true,\"value\":1},{\"action\":\"fast\",\"force\":false,\"key\":71,\"predefined\":true,\"value\":1.8}]",
            "key": "keyBindings"
},
        {
            "extension_id": "nffaoalbilbmmfgbnbgppjihopabppdk",
            "value": "\"0.5.3\"",
            "key": "version"
},
        {
            "extension_id": "nffaoalbilbmmfgbnbgppjihopabppdk",
            "value": "false",
            "key": "startHidden"
},
        {
            "extension_id": "nffaoalbilbmmfgbnbgppjihopabppdk",
            "value": "false",
            "key": "rememberSpeed"
},
        {
            "extension_id": "nffaoalbilbmmfgbnbgppjihopabppdk",
            "value": "\"www.instagram.com\\ntwitter.com\\nvine.co\\nimgur.com\"",
            "key": "blacklist"
},
        {
            "extension_id": "nffaoalbilbmmfgbnbgppjihopabppdk",
            "value": "86",
            "key": "displayKeyCode"
},
        {
            "extension_id": "nffaoalbilbmmfgbnbgppjihopabppdk",
            "value": "\"1.00\"",
            "key": "speed"
}
    ]
}