{
    "Apps": [
        {
            "app_launch_ordinal": "zvzg",
            "extension": {
                        "incognito_enabled": false,
                        "remote_install": false,
                        "disable_reasons": 0,
                        "installed_by_custodian": false,
                        "update_url": "https://clients2.google.com/service/update2/crx",
                        "name": "Pocket Website",
                        "id": "jijgclgmgjipgefcnnnibgllfonlfdap",
                        "version": "1.0.2",
                        "enabled": true
            },
            "page_ordinal": "n",
            "launch_type": "PINNED"
},
        {
            "app_launch_ordinal": "zzyn",
            "extension": {
                        "incognito_enabled": false,
                        "remote_install": false,
                        "disable_reasons": 0,
                        "installed_by_custodian": false,
                        "update_url": "http://clients2.google.com/service/update2/crx",
                        "name": "YouTube",
                        "id": "blpcfgokakmgnkcojhhkbfbldkacnbeo",
                        "version": "4.2.8",
                        "enabled": true
            },
            "page_ordinal": "n"
},
        {
            "app_launch_ordinal": "zzzyn",
            "extension": {
                        "incognito_enabled": false,
                        "remote_install": false,
                        "disable_reasons": 0,
                        "installed_by_custodian": false,
                        "update_url": "https://clients2.google.com/service/update2/crx",
                        "name": "OneDrive",
                        "id": "nffchahhjecejoiigmnhhicpoabngedk",
                        "version": "1.0.4",
                        "enabled": true
            },
            "page_ordinal": "n"
},
        {
            "app_launch_ordinal": "yt",
            "extension": {
                        "incognito_enabled": false,
                        "remote_install": false,
                        "disable_reasons": 0,
                        "installed_by_custodian": false,
                        "update_url": "http://clients2.google.com/service/update2/crx",
                        "name": "Google Play",
                        "id": "komhbcfkdcgmcdoenjcjheifdiabikfi",
                        "version": "3.1",
                        "enabled": true
            },
            "page_ordinal": "n"
},
        {
            "app_launch_ordinal": "zzv",
            "extension": {
                        "incognito_enabled": false,
                        "remote_install": false,
                        "disable_reasons": 0,
                        "installed_by_custodian": false,
                        "update_url": "http://clients2.google.com/service/update2/crx",
                        "name": "Endomondo",
                        "id": "pdflgmiefajmanaegnkjcjdcicalgiof",
                        "version": "1.0.0.0",
                        "enabled": true
            },
            "page_ordinal": "n"
},
        {
            "app_launch_ordinal": "n",
            "extension": {
                        "incognito_enabled": false,
                        "remote_install": false,
                        "installed_by_custodian": false,
                        "update_url": "http://clients2.google.com/service/update2/crx",
                        "name": "Gmail",
                        "id": "pjkljhegncpnkpknbcohdijeoejaedia",
                        "version": "8.1",
                        "enabled": true
            },
            "page_ordinal": "n"
},
        {
            "app_launch_ordinal": "zzzm",
            "extension": {
                        "incognito_enabled": false,
                        "remote_install": false,
                        "installed_by_custodian": false,
                        "update_url": "http://clients2.google.com/service/update2/crx",
                        "name": "AutoCAD 360",
                        "id": "dcjeclnkejmbepoibfnamioojinoopln",
                        "version": "2.0",
                        "enabled": false
            },
            "page_ordinal": "n"
},
        {
            "app_launch_ordinal": "zzs",
            "extension": {
                        "incognito_enabled": false,
                        "remote_install": false,
                        "disable_reasons": 0,
                        "installed_by_custodian": false,
                        "update_url": "http://clients2.google.com/service/update2/crx",
                        "name": "Prezi",
                        "id": "acoonfmhnndodekhecidldfdjgooefpg",
                        "version": "1.3",
                        "enabled": true
            },
            "page_ordinal": "n"
},
        {
            "app_launch_ordinal": "zzzzx",
            "extension": {
                        "incognito_enabled": false,
                        "remote_install": false,
                        "disable_reasons": 0,
                        "installed_by_custodian": false,
                        "update_url": "http://clients2.google.com/service/update2/crx",
                        "name": "Instagram",
                        "id": "oacfdfgmgfbpgjgpgghdcjfaajdiggho",
                        "version": "2.3",
                        "enabled": true
            },
            "page_ordinal": "n"
},
        {
            "app_launch_ordinal": "zzz",
            "extension": {
                        "incognito_enabled": false,
                        "remote_install": false,
                        "disable_reasons": 0,
                        "installed_by_custodian": false,
                        "update_url": "https://clients2.google.com/service/update2/crx",
                        "name": "Google Drive",
                        "id": "apdfllckaahabafndbhieahigkjlhalf",
                        "version": "14.1",
                        "enabled": true
            },
            "page_ordinal": "n"
},
        {
            "app_launch_ordinal": "t",
            "extension": {
                        "incognito_enabled": false,
                        "remote_install": false,
                        "disable_reasons": 0,
                        "installed_by_custodian": false,
                        "update_url": "https://clients2.google.com/service/update2/crx",
                        "name": "OneNote Online",
                        "id": "ciniambnphakdoflgeamacamhfllbkmo",
                        "version": "2.0",
                        "enabled": true
            },
            "page_ordinal": "t"
},
        {
            "app_launch_ordinal": "zzzx",
            "extension": {
                        "incognito_enabled": false,
                        "remote_install": false,
                        "disable_reasons": 0,
                        "installed_by_custodian": false,
                        "update_url": "http://clients2.google.com/service/update2/crx",
                        "name": "Google Maps",
                        "id": "lneaknkopdijkpnocmklfnjbeapigfbh",
                        "version": "5.4.1",
                        "enabled": true
            },
            "page_ordinal": "n"
},
        {
            "app_launch_ordinal": "zzzzy",
            "extension": {
                        "incognito_enabled": false,
                        "remote_install": false,
                        "disable_reasons": 0,
                        "installed_by_custodian": false,
                        "update_url": "http://clients2.google.com/service/update2/crx",
                        "name": "Facebook",
                        "id": "boeajhmfdjldchidhphikilcgdacljfm",
                        "version": "1.0.3",
                        "enabled": true
            },
            "page_ordinal": "n"
},
        {
            "app_launch_ordinal": "zzzzzs",
            "extension": {
                        "incognito_enabled": false,
                        "remote_install": false,
                        "disable_reasons": 0,
                        "installed_by_custodian": false,
                        "update_url": "https://clients2.google.com/service/update2/crx",
                        "name": "Pocket",
                        "id": "mjcnijlhddpbdemagnpefmlkjdagkogk",
                        "version": "0.810",
                        "enabled": true
            },
            "page_ordinal": "n"
},
        {
            "app_launch_ordinal": "t",
            "extension": {
                        "incognito_enabled": true,
                        "remote_install": false,
                        "disable_reasons": 0,
                        "installed_by_custodian": false,
                        "update_url": "",
                        "name": "Chrome",
                        "id": "mgndgikekgjfcpckkfioiadnlibdjbkf",
                        "version": "0.1",
                        "enabled": true
            },
            "page_ordinal": "n"
},
        {
            "app_launch_ordinal": "zs",
            "extension": {
                        "incognito_enabled": false,
                        "remote_install": false,
                        "disable_reasons": 0,
                        "installed_by_custodian": false,
                        "update_url": "https://clients2.google.com/service/update2/crx",
                        "name": "Project Viewer 365-Free",
                        "id": "kmpghmkgkalhonankenfklpmdgnilapp",
                        "version": "20143",
                        "enabled": true
            },
            "page_ordinal": "n"
},
        {
            "app_launch_ordinal": "zm",
            "extension": {
                        "incognito_enabled": false,
                        "remote_install": false,
                        "disable_reasons": 0,
                        "installed_by_custodian": false,
                        "update_url": "https://clients2.google.com/service/update2/crx",
                        "name": "Web Seavus Project Viewer",
                        "id": "ogoekahelghebellkiipicnipljjplkg",
                        "version": "2.0.0",
                        "enabled": true
            },
            "page_ordinal": "n"
},
        {
            "app_launch_ordinal": "w",
            "extension": {
                        "incognito_enabled": false,
                        "remote_install": false,
                        "disable_reasons": 0,
                        "installed_by_custodian": false,
                        "update_url": "https://clients2.google.com/service/update2/crx",
                        "name": "copay",
                        "id": "cnidaodnidkbaplmghlelgikaiejfhja",
                        "version": "3.9.9",
                        "enabled": true
            },
            "page_ordinal": "t"
},
        {
            "app_launch_ordinal": "zg",
            "extension": {
                        "incognito_enabled": false,
                        "remote_install": false,
                        "disable_reasons": 0,
                        "installed_by_custodian": false,
                        "update_url": "https://clients2.google.com/service/update2/crx",
                        "name": "Dropbox",
                        "id": "ioekoebejdcmnlefjiknokhhafglcjdl",
                        "version": "3.2.1",
                        "enabled": true
            },
            "page_ordinal": "n"
},
        {
            "app_launch_ordinal": "x",
            "extension": {
                        "incognito_enabled": false,
                        "remote_install": false,
                        "disable_reasons": 0,
                        "installed_by_custodian": false,
                        "update_url": "https://clients2.google.com/service/update2/crx",
                        "name": "feedly",
                        "id": "hipbfijinpcgfogaopmgehiegacbhmob",
                        "version": "35",
                        "enabled": true
            },
            "page_ordinal": "t"
},
        {
            "app_launch_ordinal": "n",
            "extension": {
                        "incognito_enabled": false,
                        "remote_install": false,
                        "disable_reasons": 0,
                        "installed_by_custodian": false,
                        "update_url": "https://clients2.google.com/service/update2/crx",
                        "name": "Duolingo on the Web",
                        "id": "aiahmijlpehemcpleichkcokhegllfjl",
                        "version": "1.0.13",
                        "enabled": true
            },
            "page_ordinal": "t"
},
        {
            "app_launch_ordinal": "t",
            "extension": {
                        "incognito_enabled": true,
                        "remote_install": false,
                        "disable_reasons": 0,
                        "installed_by_custodian": false,
                        "update_url": "",
                        "name": "Web Store",
                        "id": "ahfgeienlihckogmohjhadlkjgocpleb",
                        "version": "0.2",
                        "enabled": true
            },
            "page_ordinal": "n"
},
        {
            "app_launch_ordinal": "zzy",
            "extension": {
                        "incognito_enabled": false,
                        "remote_install": false,
                        "disable_reasons": 512,
                        "installed_by_custodian": false,
                        "update_url": "https://clients2.google.com/service/update2/crx",
                        "name": "EasyHome Homestyler",
                        "id": "kdmmkfaghgcicheaimnpffeeekheafkb",
                        "version": "4.0.0",
                        "enabled": false
            },
            "page_ordinal": "n"
},
        {
            "app_launch_ordinal": "zzzzs",
            "extension": {
                        "incognito_enabled": false,
                        "remote_install": false,
                        "disable_reasons": 0,
                        "installed_by_custodian": false,
                        "update_url": "https://clients2.google.com/service/update2/crx",
                        "name": "Google Keep - notes and lists",
                        "id": "hmjkmjkepdijhoojdojkdfohbdgmmhki",
                        "version": "3.1.18504.1137",
                        "enabled": true
            },
            "page_ordinal": "n"
}
    ],
    "App Settings": [],
    "Preferences": [
        {
            "name": "profile.content_settings.exceptions.protocol_handlers",
            "value": "{}"
},
        {
            "name": "browser.show_home_button",
            "value": "true"
},
        {
            "name": "browser.clear_data.cookies",
            "value": "true"
},
        {
            "name": "profile.migrated_default_content_settings",
            "value": "true"
},
        {
            "name": "profile.content_settings.exceptions.metro_switch_to_desktop",
            "value": "{}"
},
        {
            "name": "profile.is_managed",
            "value": "false"
},
        {
            "name": "profile.using_default_avatar",
            "value": "false"
},
        {
            "name": "pinned_launcher_apps",
            "value": "[{\"id\":\"AppShelfIDPlaceholder--------\"},{\"id\":\"pjkljhegncpnkpknbcohdijeoejaedia\"},{\"id\":\"blpcfgokakmgnkcojhhkbfbldkacnbeo\"},{\"id\":\"jijgclgmgjipgefcnnnibgllfonlfdap\"},{\"id\":\"ioekoebejdcmnlefjiknokhhafglcjdl\"},{\"id\":\"ahfgeienlihckogmohjhadlkjgocpleb\"},{\"id\":\"komhbcfkdcgmcdoenjcjheifdiabikfi\"},{\"id\":\"nffchahhjecejoiigmnhhicpoabngedk\"},{\"id\":\"lneaknkopdijkpnocmklfnjbeapigfbh\"},{\"id\":\"hipbfijinpcgfogaopmgehiegacbhmob\"},{\"id\":\"acoonfmhnndodekhecidldfdjgooefpg\"}]"
},
        {
            "name": "extensions.sideload_wipeout_bubble_shown",
            "value": "3"
},
        {
            "name": "profile.content_settings.exceptions.midi_sysex",
            "value": "{}"
},
        {
            "name": "synced_notification.initialized_sending_services",
            "value": "[\"Google+\"]"
},
        {
            "name": "profile.content_settings.patterns",
            "value": "{\"[*.]www.redsonoraradio.net\":{\"plugins\":1},\"https://[*.]linea.davivienda.com:443\":{\"popups\":1},\"https://[*.]www.bancodebogota.com:443\":{\"popups\":1}}"
},
        {
            "name": "browser.enable_spellchecking",
            "value": "true"
},
        {
            "name": "browser.clear_data.download_history",
            "value": "true"
},
        {
            "name": "profile.content_settings.exceptions.mouselock",
            "value": "{}"
},
        {
            "name": "translate_language_blacklist",
            "value": "[\"en\"]"
},
        {
            "name": "homepage",
            "value": "\"http://www.google.com\""
},
        {
            "name": "profile.name",
            "value": "\"Esteban Londo\\u00F1o\""
},
        {
            "name": "profile.content_settings.exceptions.keygen",
            "value": "{}"
},
        {
            "name": "instant.enabled_time",
            "value": "\"12968547626423000\""
},
        {
            "name": "profile.managed_user_id",
            "value": "\"\""
},
        {
            "name": "profile.notification_allowed_sites",
            "value": "[\"https://mail.google.com/\"]"
},
        {
            "name": "profile.content_settings.clear_on_exit_migrated",
            "value": "true"
},
        {
            "name": "translate.enabled",
            "value": "true"
},
        {
            "name": "profile.clear_site_data_on_exit",
            "value": "false"
},
        {
            "name": "bookmark_bar.show_apps_shortcut",
            "value": "true"
},
        {
            "name": "ntp.app_page_names",
            "value": "[\"Aplicaciones\"]"
},
        {
            "name": "hotword.audio_logging_enabled",
            "value": "true"
},
        {
            "name": "profile.content_settings.exceptions.push_messaging",
            "value": "{\"https://www.facebook.com:443,https://www.facebook.com:443\":{\"last_used\":1457788767.376132,\"setting\":1}}"
},
        {
            "name": "session.restore_on_startup",
            "value": "5"
},
        {
            "name": "synced_notification.enabled_sending_services",
            "value": "[\"Google+\"]"
},
        {
            "name": "browser.clear_data.browsing_history",
            "value": "true"
},
        {
            "name": "hotword.previous_language",
            "value": "\"es\""
},
        {
            "name": "profile.content_settings.plugin_whitelist",
            "value": "{\"adobe-flash-player\":true,\"npsitesafety\":{\"dll\":true}}"
},
        {
            "name": "shelf_chrome_icon_index",
            "value": "1"
},
        {
            "name": "session.urls_to_restore_on_startup",
            "value": "[\"http://www.google.com/\",\"chrome://apps/\",\"http://co.msn.com/?pc\u003dUP97\u0026ocid\u003dUP97DHP\",\"http://www.google.com\",\"http://www.v9.com?type\u003dhp\u0026ts\u003d1433610164\u0026from\u003dmych123\u0026uid\u003dtoshibaxmk5055gsx_20q3s80ksxx20q3s80ks\u0026z\u003d3fb80cbc9212a33138ad27dgcz9c7cfq9g4eagfqbb\",\"https://mail.google.com/mail/ca/u/0/\",\"http://www.google.com/ig/redirectdomain?brand\u003dLENP\u0026bmod\u003dLENP\",\"http://search.softonic.com/MOY00106/tb_v1?SearchSource\u003d48\u0026cc\u003d\",\"http://start.iminent.com/?appId\u003d903300F5-173E-49C7-9FF4-0806A108FDD9\",\"http://websearch.searchrocket.info/?pid\u003d34\u0026r\u003d2013/05/28\u0026hid\u003d2465940687\u0026lg\u003dEN\u0026cc\u003dCO\u0026unqvl\u003d16\"]"
},
        {
            "name": "profile.content_settings.pattern_pairs",
            "value": "{\"*,*\":{\"per_plugin\":{\"adobe-flash-player\":1,\"npsitesafety.dll\":1}},\"[*.]c.youtube.com,*\":{\"cookies\":1},\"[*.]caprendizaje.sena.edu.co:8081,*\":{\"popups\":1},\"[*.]colaboracion.cen.biz,*\":{\"popups\":1},\"[*.]es.slideshare.net,*\":{\"fullscreen\":1},\"[*.]incolmotos-yamaha.com.co,*\":{\"popups\":1},\"[*.]prezi.com,*\":{\"fullscreen\":1},\"[*.]sena.blackboard.com,*\":{\"popups\":1},\"[*.]webrp.policia.gov.co,*\":{\"popups\":1},\"[*.]www.alankoo.com,*\":{\"fullscreen\":1},\"[*.]www.facebook.com,*\":{\"fullscreen\":1},\"[*.]www.fosyga.gov.co,*\":{\"popups\":1},\"[*.]www.microsoft.com,*\":{\"multiple-automatic-downloads\":1},\"[*.]www.redsonoraradio.net,*\":{\"plugins\":1},\"[*.]www.roblox.com,*\":{\"plugins\":1},\"[*.]www.ruv.itesm.mx,*\":{\"popups\":1},\"[*.]www.slideshare.net,*\":{\"fullscreen\":1},\"[*.]www.snrbotondepago.gov.co:8080,*\":{\"popups\":1},\"[*.]www.youtube.com,*\":{\"fullscreen\":1},\"facebook,*\":{\"cookies\":1},\"http://192.168.0.10:8080,*\":{\"plugins\":1},\"http://192.168.126.65:8080,*\":{\"plugins\":1},\"http://windows.microsoft.com:80,http://windows.microsoft.com:80\":{\"fullscreen\":1},\"http://www.autodesk.es:80,http://www.autodesk.es:80\":{\"geolocation\":1},\"http://www.isic.org:80,http://www.isic.org:80\":{\"geolocation\":1},\"http://www1.berlitzenglish.com:80,*\":{\"last_used\":{\"media-stream-camera\":1418853126.400129,\"media-stream-mic\":1418853126.400111},\"media-stream-camera\":1,\"media-stream-mic\":1},\"https://[*.]cacoo.com:443,*\":{\"plugins\":1},\"https://[*.]enlinea.linix.com.co:443,*\":{\"popups\":1},\"https://[*.]linea.davivienda.com:443,*\":{\"popups\":1},\"https://[*.]ofivirtual.bancoomeva.com.co:443,*\":{\"popups\":1},\"https://[*.]onedrive.live.com:443,*\":{\"multiple-automatic-downloads\":1,\"plugins\":1},\"https://[*.]pagospse.bancoomeva.com.co:443,*\":{\"popups\":1},\"https://[*.]servicios.inube.com.co:443,*\":{\"popups\":1},\"https://[*.]sitioseguro.movistar.com.co:443,*\":{\"popups\":1},\"https://[*.]www.bancodebogota.com:443,*\":{\"popups\":1},\"https://[*.]www.e-collect.com:443,*\":{\"popups\":1},\"https://[*.]www.facebook.com:443,*\":{\"plugins\":1},\"https://[*.]www.finandina.com:443,*\":{\"popups\":1},\"https://[*.]www.youtube.com:443,*\":{\"fullscreen\":1},\"https://app.powerbi.com:443,https://app.powerbi.com:443\":{\"fullscreen\":1},\"https://correo.harineradelvalle.com:443,https://correo.harineradelvalle.com:443\":{\"ssl-cert-decisions\":{\"cert_exceptions_map\":{\"429496709478+VDvYrjFNXVMwibADVvDURjc1K1X1HHVsIVOwL+pY\u003d\":1},\"guid\":\"518F8A48-36D3-477B-9FC7-D4EEDAAA4F8F\",\"version\":1}},\"https://mail.google.com:443,*\":{\"last_used\":{\"notifications\":1426084036.655196},\"notifications\":1},\"https://mail.google.com:443,https://mail.google.com:443\":{\"last_used\":{\"notifications\":1426084036.662637}},\"https://web.any.do:443,*\":{\"notifications\":1},\"https://web.whatsapp.com:443,*\":{\"last_used\":{\"notifications\":1426250666.616166},\"notifications\":1},\"https://web.whatsapp.com:443,https://web.whatsapp.com:443\":{\"last_used\":{\"notifications\":1431712533.285104}},\"https://www.facebook.com:443,*\":{\"last_used\":{\"media-stream-camera\":1423281106.048368,\"media-stream-mic\":1423281109.249368},\"media-stream-camera\":1,\"media-stream-mic\":1},\"https://www.google.com:443,https://www.google.com:443\":{\"geolocation\":1,\"last_used\":{\"geolocation\":1415213041.90622}},\"https://www.google.es:443,https://www.google.es:443\":{\"geolocation\":1,\"last_used\":{\"geolocation\":1429099798.60924}},\"you,*\":{\"javascript\":1}}"
},
        {
            "name": "profile.avatar_index",
            "value": "12"
},
        {
            "name": "auto_hide_behavior",
            "value": "\"Never\""
},
        {
            "name": "profile.default_content_settings",
            "value": "{}"
},
        {
            "name": "extensions.keybindings",
            "value": "{}"
},
        {
            "name": "translate_denied_count",
            "value": "{\"de\":0,\"en\":0,\"es\":15,\"fr\":0,\"gl\":16,\"it\":0,\"iw\":1,\"pt\":0,\"und\":0}"
},
        {
            "name": "autofill.enabled",
            "value": "true"
},
        {
            "name": "profile.notification_denied_sites",
            "value": "[]"
},
        {
            "name": "profile.content_settings.exceptions.mixed_script",
            "value": "{}"
},
        {
            "name": "profile.content_settings.exceptions.cookies",
            "value": "{\"[*.]c.youtube.com,*\":{\"setting\":1},\"facebook,*\":{\"setting\":1}}"
},
        {
            "name": "toolbar_icon_surfacing_bubble_acknowledged",
            "value": "true"
},
        {
            "name": "shelf_alignment",
            "value": "\"Bottom\""
},
        {
            "name": "translate_too_often_denied",
            "value": "true"
},
        {
            "name": "homepage_is_newtabpage",
            "value": "true"
},
        {
            "name": "extensions.ui.developer_mode",
            "value": "false"
},
        {
            "name": "extensions.ui.dismissed_adt_promo",
            "value": "false"
},
        {
            "name": "download.prompt_for_download",
            "value": "true"
},
        {
            "name": "default_search_provider.synced_guid",
            "value": "\"B88D4017-0254-4286-82BE-D4B19FFFA179\""
},
        {
            "name": "autofill.profile_use_dates_fixed",
            "value": "true"
},
        {
            "name": "profile.content_settings.exceptions.fullscreen",
            "value": "{\"[*.]es.slideshare.net,*\":{\"setting\":1},\"[*.]prezi.com,*\":{\"setting\":1},\"[*.]www.alankoo.com,*\":{\"setting\":1},\"[*.]www.facebook.com,*\":{\"setting\":1},\"[*.]www.slideshare.net,*\":{\"setting\":1},\"[*.]www.youtube.com,*\":{\"setting\":1},\"http://ok.ru:80,http://gnula.nu:80\":{\"setting\":1},\"http://ok.ru:80,http://peliculas4.online:80\":{\"setting\":1},\"http://ok.ru:80,http://pelistv.es:80\":{\"setting\":1},\"http://videomega.tv:80,http://pelistv.es:80\":{\"setting\":1},\"http://windows.microsoft.com:80,http://windows.microsoft.com:80\":{\"setting\":1},\"http://www.flashx.pw:80,http://gnula.nu:80\":{\"setting\":1},\"http://www.netflix.com:80,http://www.netflix.com:80\":{\"setting\":1},\"https://[*.]www.youtube.com:443,*\":{\"setting\":1},\"https://app.powerbi.com:443,https://app.powerbi.com:443\":{\"setting\":1},\"https://docs.google.com:443,https://sites.google.com:443\":{\"setting\":1},\"https://openload.co:443,http://www.repelis.tv:80\":{\"setting\":1},\"https://prezi.com:443,https://prezi.com:443\":{\"setting\":1}}"
},
        {
            "name": "profile.content_settings.exceptions.javascript",
            "value": "{\"[*.]hdvgdiso01,*\":{\"setting\":1},\"http://hdvgdiso01:80,*\":{\"setting\":1},\"you,*\":{\"setting\":1}}"
},
        {
            "name": "profile.content_settings.exceptions.images",
            "value": "{\"[*.]hdvgdiso01,*\":{\"setting\":1},\"http://hdvgdiso01:80,*\":{\"setting\":1}}"
},
        {
            "name": "autofill.last_version_deduped",
            "value": "55"
},
        {
            "name": "browser.clear_data.cache",
            "value": "true"
},
        {
            "name": "translate_too_often_denied_for_language",
            "value": "{\"ca\":true,\"en\":true,\"es\":true,\"gl\":true}"
},
        {
            "name": "profile.password_manager_enabled",
            "value": "true"
},
        {
            "name": "browser.back_shortcut_bubble_shown_count",
            "value": "5"
},
        {
            "name": "profile.content_settings.exceptions.plugins",
            "value": "{\"*,*\":{\"per_resource\":{\"adobe-flash-player\":1,\"npsitesafety.dll\":1}},\"[*.]hdvgdiso01,*\":{\"setting\":1},\"[*.]www.redsonoraradio.net,*\":{\"setting\":1},\"[*.]www.roblox.com,*\":{\"setting\":1},\"[*.]www.sena.edu.co,*\":{\"setting\":1},\"http://192.168.0.10:8080,*\":{\"setting\":1},\"http://192.168.126.65:8080,*\":{\"setting\":1},\"http://hdvgdiso01:80,*\":{\"setting\":1},\"http://www.redsonoraradio.net:80,*\":{\"setting\":1},\"http://www.roblox.com:80,*\":{\"setting\":1},\"http://www.sena.edu.co:80,*\":{\"setting\":1},\"https://[*.]cacoo.com:443,*\":{\"setting\":1},\"https://[*.]onedrive.live.com:443,*\":{\"setting\":1},\"https://[*.]www.facebook.com:443,*\":{\"setting\":1},\"https://cacoo.com:443,*\":{\"setting\":1},\"https://onedrive.live.com:443,*\":{\"setting\":1},\"https://www.facebook.com:443,*\":{\"setting\":1},\"https://www.google.com.co:443,*\":{\"setting\":1}}"
},
        {
            "name": "browser.clear_data.media_licenses",
            "value": "true"
},
        {
            "name": "session.startup_urls",
            "value": "[\"http://www.google.com/\",\"chrome://apps/\",\"http://co.msn.com/?pc\u003dUP97\u0026ocid\u003dUP97DHP\",\"http://www.google.com\",\"http://www.v9.com?type\u003dhp\u0026ts\u003d1433610164\u0026from\u003dmych123\u0026uid\u003dtoshibaxmk5055gsx_20q3s80ksxx20q3s80ks\u0026z\u003d3fb80cbc9212a33138ad27dgcz9c7cfq9g4eagfqbb\",\"https://mail.google.com/mail/ca/u/0/\",\"http://www.google.com/ig/redirectdomain?brand\u003dLENP\u0026bmod\u003dLENP\",\"http://search.softonic.com/MOY00106/tb_v1?SearchSource\u003d48\u0026cc\u003d\",\"http://start.iminent.com/?appId\u003d903300F5-173E-49C7-9FF4-0806A108FDD9\",\"http://websearch.searchrocket.info/?pid\u003d34\u0026r\u003d2013/05/28\u0026hid\u003d2465940687\u0026lg\u003dEN\u0026cc\u003dCO\u0026unqvl\u003d16\",\"https://www.google.com/\",\"http://www.harineradelvalle.com/\"]"
},
        {
            "name": "browser.clear_data.passwords",
            "value": "true"
},
        {
            "name": "browser.clear_data.form_data",
            "value": "true"
},
        {
            "name": "browser.clear_data.hosted_apps_data",
            "value": "true"
},
        {
            "name": "browser.clear_data.time_period",
            "value": "1"
},
        {
            "name": "media_router.cloudservices.prefset",
            "value": "true"
},
        {
            "name": "media_router.cloudservices.enabled",
            "value": "true"
},
        {
            "name": "media_router.firstrunflow.acknowledged",
            "value": "true"
},
        {
            "name": "browser.clear_data.preferences_migrated_to_basic",
            "value": "true"
},
        {
            "name": "browser.clear_data.browsing_history_basic",
            "value": "true"
},
        {
            "name": "browser.clear_data.cookies_basic",
            "value": "true"
},
        {
            "name": "browser.clear_data.cache_basic",
            "value": "true"
},
        {
            "name": "translate_auto_always_count",
            "value": "{\"en\":1}"
},
        {
            "name": "translate_recent_target",
            "value": "\"es\""
},
        {
            "name": "translate_whitelists",
            "value": "{\"it\":\"es\"}"
},
        {
            "name": "intl.accept_languages",
            "value": "\"en-US,es-US,es,en\""
},
        {
            "name": "browser.clear_data.time_period_basic",
            "value": "0"
},
        {
            "name": "profile.using_gaia_avatar",
            "value": "true"
},
        {
            "name": "history.menu_promo_shown",
            "value": "true"
},
        {
            "name": "autofill.credit_card_enabled",
            "value": "true"
},
        {
            "name": "autofill.last_version_disused_addresses_deleted",
            "value": "70"
},
        {
            "name": "autofill.profile_enabled",
            "value": "true"
},
        {
            "name": "translate_auto_never_count",
            "value": "{\"en\":2}"
},
        {
            "name": "translate_force_trigger_on_english_count",
            "value": "2445"
},
        {
            "name": "translate_force_trigger_on_english_count_for_backoff",
            "value": "-1"
},
        {
            "name": "profile.content_settings.exceptions.automatic_downloads",
            "value": "{\"[*.]hdvgdiso01,*\":{\"setting\":1},\"[*.]www.microsoft.com,*\":{\"setting\":1},\"http://educacionvirtual.javerianacali.edu.co:80,*\":{\"last_modified\":\"13180741275242746\",\"setting\":1},\"http://hdvgdiso01:80,*\":{\"setting\":1},\"http://www.microsoft.com:80,*\":{\"setting\":1},\"https://[*.]onedrive.live.com:443,*\":{\"setting\":1},\"https://mega.nz:443,*\":{\"setting\":1},\"https://onedrive.live.com:443,*\":{\"setting\":1},\"https://portal.office.com:443,*\":{\"last_modified\":\"13184877937282802\",\"setting\":1},\"https://rdpviaweb-3-eco-web.economatica.com:443,*\":{\"setting\":1},\"https://web.whatsapp.com:443,*\":{\"setting\":1}}"
},
        {
            "name": "profile.content_settings.exceptions.flash_data",
            "value": "{\"http://192.168.0.10:8080,*\":{\"last_modified\":\"13171650482786550\",\"setting\":{\"flashPreviouslyChanged\":true}},\"http://192.168.126.65:8080,*\":{\"last_modified\":\"13171650482786654\",\"setting\":{\"flashPreviouslyChanged\":true}},\"http://hdvgdiso01:80,*\":{\"last_modified\":\"13171650482787222\",\"setting\":{\"flashPreviouslyChanged\":true}},\"http://www.redsonoraradio.net:80,*\":{\"last_modified\":\"13171650482787283\",\"setting\":{\"flashPreviouslyChanged\":true}},\"http://www.roblox.com:80,*\":{\"last_modified\":\"13171650482787160\",\"setting\":{\"flashPreviouslyChanged\":true}},\"http://www.sena.edu.co:80,*\":{\"last_modified\":\"13171650482786821\",\"setting\":{\"flashPreviouslyChanged\":true}},\"https://cacoo.com:443,*\":{\"last_modified\":\"13171650482786902\",\"setting\":{\"flashPreviouslyChanged\":true}},\"https://meeting.juniper.es:443,*\":{\"last_modified\":\"13186767280155303\",\"setting\":{\"flashPreviouslyChanged\":true}},\"https://onedrive.live.com:443,*\":{\"last_modified\":\"13171650482787093\",\"setting\":{\"flashPreviouslyChanged\":true}},\"https://www.facebook.com:443,*\":{\"last_modified\":\"13171650482787015\",\"setting\":{\"flashPreviouslyChanged\":true}},\"https://www.google.com.co:443,*\":{\"last_modified\":\"13171650482786748\",\"setting\":{\"flashPreviouslyChanged\":true}}}"
},
        {
            "name": "translate_site_blacklist",
            "value": "[\"developer.android.com\",\"www.youporn.com\",\"github.com\"]"
},
        {
            "name": "extensions.commands",
            "value": "{\"windows:Ctrl+D\":{\"command_name\":\"tab-resize-1-2\",\"extension\":\"bkpenclhmiealbebdopglffmfdiilejc\",\"global\":false},\"windows:Ctrl+Q\":{\"command_name\":\"tab-resize-2-2\",\"extension\":\"bkpenclhmiealbebdopglffmfdiilejc\",\"global\":false},\"windows:Ctrl+Shift+1\":{\"command_name\":\"tab-resize-1-1\",\"extension\":\"bkpenclhmiealbebdopglffmfdiilejc\",\"global\":false},\"windows:Ctrl+Shift+E\":{\"command_name\":\"pop-out-panel\",\"extension\":\"chlffgpmiacpedhhbkiomidkjlcfhogd\",\"global\":false},\"windows:Ctrl+Shift+K\":{\"command_name\":\"dismiss-most-recent-notification\",\"extension\":\"chlffgpmiacpedhhbkiomidkjlcfhogd\",\"global\":false},\"windows:Ctrl+Shift+X\":{\"command_name\":\"instant-push-current-tab\",\"extension\":\"chlffgpmiacpedhhbkiomidkjlcfhogd\",\"global\":false},\"windows:Ctrl+Shift+Z\":{\"command_name\":\"tab-resize-0-undo\",\"extension\":\"bkpenclhmiealbebdopglffmfdiilejc\",\"global\":false}}"
},
        {
            "name": "translate_accepted_count",
            "value": "{\"ca\":0,\"de\":0,\"en\":0,\"es\":0,\"fr\":1,\"gl\":0,\"id\":0,\"it\":1,\"iw\":0,\"ja\":0,\"nl\":0,\"pt\":1,\"ro\":0,\"ru\":0,\"und\":0}"
},
        {
            "name": "translate_blocked_languages",
            "value": "[\"en\"]"
},
        {
            "name": "profile.content_settings.exceptions.popups",
            "value": "{\"[*.]caprendizaje.sena.edu.co:8081,*\":{\"setting\":1},\"[*.]colaboracion.cen.biz,*\":{\"setting\":1},\"[*.]hdvgdiso01,*\":{\"setting\":1},\"[*.]hdvgdiso01:9090,*\":{\"setting\":1},\"[*.]incolmotos-yamaha.com.co,*\":{\"setting\":1},\"[*.]sena.blackboard.com,*\":{\"setting\":1},\"[*.]webrp.policia.gov.co,*\":{\"setting\":1},\"[*.]www.avianca.com,*\":{\"setting\":1},\"[*.]www.elempleo.com,*\":{\"setting\":1},\"[*.]www.fosyga.gov.co,*\":{\"setting\":1},\"[*.]www.grupobancolombia.com,*\":{\"setting\":1},\"[*.]www.ruv.itesm.mx,*\":{\"setting\":1},\"[*.]www.snrbotondepago.gov.co:8080,*\":{\"setting\":1},\"http://caprendizaje.sena.edu.co:8081,*\":{\"setting\":1},\"http://cgcompass.com:80,*\":{\"setting\":1},\"http://colaboracion.cen.biz:80,*\":{\"setting\":1},\"http://hdvgdiso01:80,*\":{\"last_modified\":\"13177603154352816\",\"setting\":1},\"http://hdvgdiso01:9090,*\":{\"setting\":1},\"http://incolmotos-yamaha.com.co:80,*\":{\"setting\":1},\"http://searchdatacenter.techtarget.com:80,*\":{\"last_modified\":\"13165520686803003\",\"setting\":1},\"http://sena.blackboard.com:80,*\":{\"setting\":1},\"http://webrp.policia.gov.co:80,*\":{\"setting\":1},\"http://www.avianca.com:80,*\":{\"setting\":1},\"http://www.elempleo.com:80,*\":{\"setting\":1},\"http://www.fosyga.gov.co:80,*\":{\"setting\":1},\"http://www.grupobancolombia.com:80,*\":{\"setting\":1},\"http://www.ruv.itesm.mx:80,*\":{\"setting\":1},\"http://www.snrbotondepago.gov.co:8080,*\":{\"setting\":1},\"https://[*.]blogs.office.com:443,*\":{\"setting\":1},\"https://[*.]career4.successfactors.com:443,*\":{\"setting\":1},\"https://[*.]enlinea.linix.com.co:443,*\":{\"setting\":1},\"https://[*.]es.pinterest.com:443,*\":{\"setting\":1},\"https://[*.]linea.davivienda.com:443,*\":{\"setting\":1},\"https://[*.]mail.google.com:443,*\":{\"setting\":1},\"https://[*.]ofivirtual.bancoomeva.com.co:443,*\":{\"setting\":1},\"https://[*.]pagospse.bancoomeva.com.co:443,*\":{\"setting\":1},\"https://[*.]powerbi.microsoft.com:443,*\":{\"setting\":1},\"https://[*.]servicios.inube.com.co:443,*\":{\"setting\":1},\"https://[*.]sitioseguro.movistar.com.co:443,*\":{\"setting\":1},\"https://[*.]www.bancodebogota.com:443,*\":{\"setting\":1},\"https://[*.]www.e-collect.com:443,*\":{\"setting\":1},\"https://[*.]www.finandina.com:443,*\":{\"setting\":1},\"https://banking.bancofalabella.com.co:443,*\":{\"setting\":1},\"https://blogs.office.com:443,*\":{\"setting\":1},\"https://campus.datacamp.com:443,*\":{\"setting\":1},\"https://career4.successfactors.com:443,*\":{\"setting\":1},\"https://enlinea.linix.com.co:443,*\":{\"setting\":1},\"https://es.pinterest.com:443,*\":{\"setting\":1},\"https://ideas.powerbi.com:443,*\":{\"last_modified\":\"13188599808801905\",\"setting\":1},\"https://intranet.ejuniper.com:443,*\":{\"last_modified\":\"13188496337855327\",\"setting\":1},\"https://jobs.mercadolibre.com:443,*\":{\"last_modified\":\"13178635430174591\",\"setting\":1},\"https://linea.davivienda.com:443,*\":{\"setting\":1},\"https://mail.google.com:443,*\":{\"setting\":1},\"https://ofivirtual.bancoomeva.com.co:443,*\":{\"setting\":1},\"https://onlinexperiences.com:443,*\":{\"last_modified\":\"13162565886265692\",\"setting\":1},\"https://pagospse.bancoomeva.com.co:443,*\":{\"setting\":1},\"https://powerbi.microsoft.com:443,*\":{\"setting\":1},\"https://servicios.inube.com.co:443,*\":{\"setting\":1},\"https://sitioseguro.movistar.com.co:443,*\":{\"setting\":1},\"https://sucursalpersonas.transaccionesbancolombia.com:443,*\":{\"setting\":1},\"https://www.bancodebogota.com:443,*\":{\"setting\":1},\"https://www.colpatria.com:443,*\":{\"setting\":1},\"https://www.e-collect.com:443,*\":{\"setting\":1},\"https://www.finandina.com:443,*\":{\"setting\":1},\"https://www.techrepublic.com:443,*\":{\"last_modified\":\"13173983443201951\",\"setting\":1},\"https://www.tripadvisor.co:443,*\":{\"last_modified\":\"13162953350272162\",\"setting\":1},\"https://www.vivetumoto.com:443,*\":{\"setting\":1},\"https://www.wingo.com:443,*\":{\"last_modified\":\"13168209858567927\",\"setting\":1}}"
},
        {
            "name": "translate_ignored_count_for_language",
            "value": "{\"ca\":1,\"de\":6,\"en\":33,\"es\":0,\"fr\":5,\"gl\":5,\"ja\":2,\"nl\":0,\"no\":2,\"pt\":20,\"ru\":1,\"su\":1,\"sv\":1,\"und\":1}"
},
        {
            "name": "extensions.toolbar",
            "value": "[\"nckgahadagoaajjgafhacjanaoiihapd\",\"niloccemoadcdkdjlinkgdfekeahmflj\",\"gomekmidlodglbbmalcneegieacbdmki\",\"aapbdbdomjkkjkaonfhkkikfgjllcleb\",\"meajfmicibjppdgbjfkpdikfjcflabpk\",\"chlffgpmiacpedhhbkiomidkjlcfhogd\",\"kbfnbcaeplbcioakkpcpgfkobkghlhen\",\"chklaanhfefbnpoihckbnefhakgolnmc\",\"nffaoalbilbmmfgbnbgppjihopabppdk\",\"bkpenclhmiealbebdopglffmfdiilejc\",\"ijaabbaphikljkkcbgpbaljfjpflpeoo\",\"dmglolhoplikcoamfgjgammjbgchgjdd\",\"efaidnbmnnnibpcajpcglclefindmkaj\",\"lpcaedmchfhocbbapmcbpinfpgnhiddi\",\"lmjegmlicamnimmfhcmpkclmigmmcbeh\",\"ghbmnnjooekpmoecnnnilnnbdlolhkhi\",\"boadgeojelhgndaghljhdicfkmllpafd\",\"cfhdojbkjhnklbpkdaibdccddilifddb\",\"media_router_action\"]"
},
        {
            "name": "translate_denied_count_for_language",
            "value": "{\"ca\":3,\"de\":2,\"en\":9,\"es\":5,\"gl\":2,\"id\":1,\"ja\":2,\"nl\":2,\"pt\":0,\"ro\":1,\"ru\":1,\"und\":1}"
},
        {
            "name": "bookmark_bar.show_on_all_tabs",
            "value": "true"
},
        {
            "name": "translate_site_blacklist_with_time",
            "value": "{\"developer.android.com\":0,\"github.com\":0,\"www.youporn.com\":0}"
}
    ],
    "Themes": [
        {
            "use_system_theme_by_default": false,
            "use_custom_theme": false
}
    ],
    "Managed Users": []
}