{
  "merchantOrderId": "GPA.3382-1571-1317-04978",
  "creationTime": {
    "usecSinceEpochUtc": "1532011953000000",
    "granularity": "MICROSECOND"
  },
  "transactionMerchant": {
    "name": "Google Play"
  },
  "lineItem": [{
    "purchase": {
      "status": "DELIVERED",
      "unitPrice": {
        "amountMicros": "3000000",
        "currencyCode": {
          "code": "USD"
        },
        "displayString": "$ 3.000"
      },
      "returnsInfo": {
        "isReturnable": true,
        "daysToReturn": 15
      },
      "productInfo": {
        "name": "Pro Version (TimeTune - Optimize Your Time)"
      }
    }
  }],
  "priceline": [{
    "type": "SUBTOTAL",
    "amount": {
      "amountMicros": "3000000",
      "currencyCode": {
        "code": "USD"
      }
    }
  }, {
    "type": "TAX",
    "amount": {
      "amountMicros": "0",
      "currencyCode": {
        "code": "USD"
      },
      "displayString": "$ 0"
    }
  }]
}