{
  "customer": {
  },
  "lineItem": [{
    "provider": {
      "name": "American"
    },
    "flightReservation": {
      "status": "CONFIRMED",
      "flightLeg": {
        "flightHeader": {
          "carrier": {
            "code": "AA",
            "name": "American"
          },
          "flightNumber": {
            "number": 921
          }
        },
        "flightStatus": {
          "departureTime": {
            "usecSinceEpochUtc": "1512167700000000",
            "granularity": "SECOND",
            "utcTimezoneOffsetMinutes": -300
          },
          "arrivalTime": {
            "usecSinceEpochUtc": "1512181560000000",
            "granularity": "SECOND",
            "utcTimezoneOffsetMinutes": -300
          }
        },
        "departureAirport": {
          "code": {
            "code": "MIA"
          },
          "servesCity": {
            "name": "Miami"
          },
          "location": {
            "latE7": 257958650,
            "lngE7": -802870457,
            "address": ["2100 NW 42nd Ave, Miami, Florida 33126, United States"],
            "name": "Miami International Airport"
          },
          "servesCountry": {
            "name": [{
              "value": "United States"
            }],
            "countryNameCode": "US"
          }
        },
        "arrivalAirport": {
          "code": {
            "code": "CLO"
          },
          "servesCity": {
            "name": "Cali"
          },
          "location": {
            "latE7": 35439613,
            "lngE7": -763840645,
            "address": ["Vía al Aeropuerto Norte, Palmira, Valle del Cauca, Colombia"],
            "name": "Aeropuerto Internacional Alfonso Bonilla Aragón de Palmira"
          },
          "servesCountry": {
            "name": [{
              "value": "Colombia"
            }],
            "countryNameCode": "CO"
          }
        }
      },
      "passengerInfo": [{
        "passengerName": "LIBIA PADILLA ZABALA",
        "seatNumber": "13F",
        "seatClass": "Economy",
        "securityProgram": "NOT_APPLICABLE"
      }],
      "confirmationCode": ["YTWYDU"],
      "bookingTimestamp": {
        "usecSinceEpochUtc": "1497139200000000",
        "granularity": "MILLISECOND"
      },
      "webCheckinTime": {
      }
    }
  }]
}