{
  "customer": {
  },
  "transactionMerchant": {
    "name": "Booking.com"
  },
  "lineItem": [{
    "provider": {
      "name": "Spiwak Chipichape Cali - Un Hotel Preferred",
      "location": {
        "latE7": 34759720,
        "lngE7": -765296460,
        "address": ["Avenida 6D No. 36N -18", "Cali", "Colombia"]
      }
    },
    "hotelReservation": {
      "status": "CONFIRMED",
      "confirmationCode": ["213163416"],
      "checkinTime": {
        "usecSinceEpochUtc": "1466193600000000",
        "granularity": "SECOND",
        "utcTimezoneOffsetMinutes": -300
      },
      "checkoutTime": {
        "usecSinceEpochUtc": "1466272800000000",
        "granularity": "SECOND",
        "utcTimezoneOffsetMinutes": -300
      },
      "lodgingInformation": {
        "occupancy": {
          "numberOfAdults": 2,
          "guest": [{
            "displayName": "Esteban Londoño"
          }]
        }
      }
    }
  }]
}