{
  "customer": {
  },
  "lineItem": [{
    "provider": {
      "name": "Hostal El Jaguar",
      "location": {
        "latE7": 93479520,
        "lngE7": -822108130,
        "address": ["Edificio 39 Calle 100 mts del Parque", "Old Bank", "Panama"]
      }
    },
    "hotelReservation": {
      "status": "CONFIRMED",
      "confirmationCode": ["1529231241"],
      "checkinTime": {
        "usecSinceEpochUtc": "1524873600000000",
        "granularity": "DAY"
      },
      "checkoutTime": {
        "usecSinceEpochUtc": "1525046400000000",
        "granularity": "DAY"
      }
    }
  }]
}