{
  "merchantOrderId": "GPB.1130-6206-2320-95751",
  "creationTime": {
    "usecSinceEpochUtc": "1452774994000000",
    "granularity": "MICROSECOND"
  },
  "transactionMerchant": {
    "name": "Google Play"
  },
  "lineItem": [{
    "purchase": {
      "status": "DELIVERED",
      "unitPrice": {
        "amountMicros": "28000000",
        "currencyCode": {
          "code": "USD"
        },
        "displayString": "$ 27.999"
      },
      "returnsInfo": {
        "isReturnable": true,
        "daysToReturn": 15
      },
      "productInfo": {
        "name": "Aristóteles y Dante descubren los secretos del universo"
      }
    }
  }],
  "priceline": [{
    "type": "SUBTOTAL",
    "amount": {
      "amountMicros": "28000000",
      "currencyCode": {
        "code": "USD"
      }
    }
  }]
}