{
  "merchantOrderId": "GPB.1172-1744-0977-69758",
  "creationTime": {
    "usecSinceEpochUtc": "1467111877000000",
    "granularity": "MICROSECOND"
  },
  "transactionMerchant": {
    "name": "Google Play"
  },
  "lineItem": [{
    "purchase": {
      "status": "DELIVERED",
      "unitPrice": {
        "amountMicros": "6000000",
        "currencyCode": {
          "code": "COP"
        },
        "displayString": "$ 5.134"
      },
      "returnsInfo": {
        "isReturnable": true,
        "daysToReturn": 15
      },
      "productInfo": {
        "name": "23 Hábitos Anti-Procrastinación Cómo Dejar De Ser Perezoso Y Tener Resultados En Tu Vida."
      }
    }
  }],
  "priceline": [{
    "type": "SUBTOTAL",
    "amount": {
      "amountMicros": "6000000",
      "currencyCode": {
        "code": "COP"
      }
    }
  }]
}