{
  "customer": {
  },
  "lineItem": [{
    "provider": {
      "name": "Avior"
    },
    "flightReservation": {
      "status": "CONFIRMED",
      "flightLeg": {
        "flightHeader": {
          "carrier": {
            "code": "9V",
            "name": "Avior"
          },
          "flightNumber": {
            "number": 1109
          }
        },
        "flightStatus": {
          "departureTime": {
            "usecSinceEpochUtc": "1492189200000000",
            "granularity": "SECOND",
            "utcTimezoneOffsetMinutes": -240
          },
          "arrivalTime": {
            "usecSinceEpochUtc": "1492191000000000",
            "granularity": "SECOND",
            "utcTimezoneOffsetMinutes": -240
          }
        },
        "departureAirport": {
          "code": {
            "code": "PMV"
          },
          "servesCity": {
            "name": "Porlamar"
          },
          "location": {
            "latE7": 109178861,
            "lngE7": -639691459,
            "address": ["Nueva Esparta, Venezuela"],
            "name": "Aeropuerto Internacional General en Jefe Santiago Mariño"
          },
          "servesCountry": {
            "name": [{
              "value": "Venezuela"
            }],
            "countryNameCode": "VE"
          }
        },
        "arrivalAirport": {
          "code": {
            "code": "BLA"
          },
          "servesCity": {
            "name": "Barcelona"
          },
          "location": {
            "latE7": 101040635,
            "lngE7": -646822004,
            "address": ["Barcelona, Anzoátegui, Venezuela"],
            "name": "General Jose Antonio Anzoategui International Airport"
          },
          "servesCountry": {
            "name": [{
              "value": "Venezuela"
            }],
            "countryNameCode": "VE"
          }
        }
      },
      "passengerInfo": [{
        "passengerName": "Mrs Ingrid V Astroz",
        "securityProgram": "NOT_APPLICABLE"
      }, {
        "passengerName": "Mr Esteban Londono",
        "securityProgram": "NOT_APPLICABLE"
      }],
      "confirmationCode": ["DCTYQJ"],
      "bookingTimestamp": {
        "usecSinceEpochUtc": "1489670078000000",
        "granularity": "MILLISECOND"
      },
      "webCheckinTime": {
      }
    }
  }]
}