{
  "customer": {
  },
  "lineItem": [{
    "provider": {
      "name": "Wunderbar hostal",
      "location": {
        "latE7": 96008090,
        "lngE7": -795879110,
        "address": ["Puerto Lindo", "Panamá"]
      }
    },
    "hotelReservation": {
      "status": "CANCELLED",
      "confirmationCode": ["1677556088"],
      "checkinTime": {
        "usecSinceEpochUtc": "1524873600000000",
        "granularity": "DAY"
      },
      "checkoutTime": {
        "usecSinceEpochUtc": "1525046400000000",
        "granularity": "DAY"
      }
    }
  }]
}