{
  "customer": {
  },
  "lineItem": [{
    "provider": {
      "name": "Avior"
    },
    "flightReservation": {
      "status": "CONFIRMED",
      "flightLeg": {
        "flightHeader": {
          "carrier": {
            "code": "9V",
            "name": "Avior"
          },
          "flightNumber": {
            "number": 1411
          }
        },
        "flightStatus": {
          "departureTime": {
            "usecSinceEpochUtc": "1491746400000000",
            "granularity": "SECOND",
            "utcTimezoneOffsetMinutes": -300
          },
          "arrivalTime": {
            "usecSinceEpochUtc": "1491753000000000",
            "granularity": "SECOND",
            "utcTimezoneOffsetMinutes": -240
          }
        },
        "departureAirport": {
          "code": {
            "code": "MDE"
          },
          "servesCity": {
            "name": "Medellín"
          },
          "location": {
            "latE7": 61707634,
            "lngE7": -754276201,
            "address": ["Rionegro, Antioquia, Colombia"],
            "name": "José María Córdova International Airport"
          },
          "servesCountry": {
            "name": [{
              "value": "Colombia"
            }],
            "countryNameCode": "CO"
          }
        },
        "arrivalAirport": {
          "code": {
            "code": "VLN"
          },
          "servesCity": {
            "name": "Valencia"
          },
          "location": {
            "latE7": 101540601,
            "lngE7": -679224074,
            "address": ["Avenida Iribarren Borges, Valencia, Carabobo, Venezuela"],
            "name": "Arturo Michelena International Airport"
          },
          "servesCountry": {
            "name": [{
              "value": "Venezuela"
            }],
            "countryNameCode": "VE"
          }
        }
      },
      "passengerInfo": [{
        "passengerName": "Mrs Ingrid V Astroz",
        "securityProgram": "NOT_APPLICABLE"
      }, {
        "passengerName": "Mr Esteban Londono",
        "securityProgram": "NOT_APPLICABLE"
      }],
      "confirmationCode": ["DCTYQJ"],
      "bookingTimestamp": {
        "usecSinceEpochUtc": "1489670078000000",
        "granularity": "MILLISECOND"
      },
      "webCheckinTime": {
      }
    }
  }]
}