{
  "merchantOrderId": "GPA.3307-0728-8794-70323",
  "creationTime": {
    "usecSinceEpochUtc": "1542205931000000",
    "granularity": "MICROSECOND"
  },
  "transactionMerchant": {
    "name": "Google Play"
  },
  "lineItem": [{
    "purchase": {
      "status": "DELIVERED",
      "unitPrice": {
        "amountMicros": "8500000",
        "currencyCode": {
          "code": "USD"
        },
        "displayString": "$ 8.500"
      },
      "returnsInfo": {
        "isReturnable": true,
        "daysToReturn": 15
      },
      "productInfo": {
        "name": "Unlock PRO features (Notify \u0026 Fitness for Amazfit)"
      }
    }
  }],
  "priceline": [{
    "type": "SUBTOTAL",
    "amount": {
      "amountMicros": "8500000",
      "currencyCode": {
        "code": "USD"
      }
    }
  }, {
    "type": "TAX",
    "amount": {
      "amountMicros": "0",
      "currencyCode": {
        "code": "USD"
      },
      "displayString": "$ 0"
    }
  }]
}