{
  "customer": {
  },
  "transactionMerchant": {
    "name": "Booking.com"
  },
  "lineItem": [{
    "provider": {
      "name": "Hoteles MS San Luis Village",
      "location": {
        "latE7": 125210500,
        "lngE7": -817135620,
        "address": ["Sound Bay 71-27,", "San Andrés, San Andrés Islas", "Colombia"]
      }
    },
    "hotelReservation": {
      "status": "CONFIRMED",
      "confirmationCode": ["695870281"],
      "checkinTime": {
        "usecSinceEpochUtc": "1468022400000000",
        "granularity": "DAY"
      },
      "checkoutTime": {
        "usecSinceEpochUtc": "1468108800000000",
        "granularity": "DAY"
      },
      "lodgingInformation": {
        "occupancy": {
          "numberOfAdults": 2
        }
      }
    }
  }]
}