{
  "customer": {
  },
  "lineItem": [{
    "provider": {
      "name": "Hotel Portal de Barichara",
      "location": {
        "latE7": 66349330,
        "lngE7": -732202070,
        "address": ["# 8", "Carrera 5 #104", "Barichara, Santander", "Colombia"]
      }
    },
    "hotelReservation": {
      "status": "CONFIRMED",
      "confirmationCode": ["1110527879"],
      "checkinTime": {
        "usecSinceEpochUtc": "1533427200000000",
        "granularity": "DAY"
      },
      "checkoutTime": {
        "usecSinceEpochUtc": "1533513600000000",
        "granularity": "DAY"
      }
    }
  }]
}