{
  "customer": {
  },
  "lineItem": [{
    "provider": {
      "name": "American"
    },
    "flightReservation": {
      "status": "CONFIRMED",
      "flightLeg": {
        "flightHeader": {
          "carrier": {
            "code": "AA",
            "name": "American"
          },
          "flightNumber": {
            "number": 278
          }
        },
        "flightStatus": {
          "departureTime": {
            "usecSinceEpochUtc": "1500916500000000",
            "granularity": "SECOND",
            "utcTimezoneOffsetMinutes": -240
          },
          "arrivalTime": {
            "usecSinceEpochUtc": "1500926820000000",
            "granularity": "SECOND",
            "utcTimezoneOffsetMinutes": -240
          }
        },
        "departureAirport": {
          "code": {
            "code": "MCO"
          },
          "servesCity": {
            "name": "Orlando"
          },
          "location": {
            "latE7": 284311577,
            "lngE7": -813080830,
            "address": ["1 Jeff Fuqua Blvd, Orlando, Florida 32827, United States"],
            "name": "Orlando International Airport"
          },
          "servesCountry": {
            "name": [{
              "value": "United States"
            }],
            "countryNameCode": "US"
          }
        },
        "arrivalAirport": {
          "code": {
            "code": "JFK"
          },
          "servesCity": {
            "name": "New York City"
          },
          "location": {
            "latE7": 406413111,
            "lngE7": -737781391,
            "address": ["New York, 11430, United States"],
            "name": "John F. Kennedy International Airport"
          },
          "servesCountry": {
            "name": [{
              "value": "United States"
            }],
            "countryNameCode": "US"
          }
        }
      },
      "passengerInfo": [{
        "passengerName": "Libia Padilla",
        "seatNumber": "-",
        "seatClass": "Economy (N)",
        "ticketNumber": "0012136747551",
        "securityProgram": "NOT_APPLICABLE"
      }],
      "confirmationCode": ["TNGRJP"],
      "bookingTimestamp": {
        "usecSinceEpochUtc": "1499126400000000",
        "granularity": "MILLISECOND"
      },
      "webCheckinTime": {
      }
    }
  }]
}