{
  "merchantOrderId": "GPB.1111-5246-5800-05617",
  "creationTime": {
    "usecSinceEpochUtc": "1452651204000000",
    "granularity": "MICROSECOND"
  },
  "transactionMerchant": {
    "name": "Google Play"
  },
  "lineItem": [{
    "purchase": {
      "status": "DELIVERED",
      "unitPrice": {
        "amountMicros": "24000000",
        "currencyCode": {
          "code": "USD"
        },
        "displayString": "$ 23.999"
      },
      "returnsInfo": {
        "isReturnable": true,
        "daysToReturn": 15
      },
      "productInfo": {
        "name": "Usar el cerebro"
      }
    }
  }],
  "priceline": [{
    "type": "SUBTOTAL",
    "amount": {
      "amountMicros": "24000000",
      "currencyCode": {
        "code": "USD"
      }
    }
  }]
}