{
  "customer": {
  },
  "lineItem": [{
    "provider": {
      "name": "United"
    },
    "flightReservation": {
      "status": "CONFIRMED",
      "flightLeg": {
        "flightHeader": {
          "carrier": {
            "code": "UA",
            "name": "United"
          },
          "flightNumber": {
            "number": 497
          }
        },
        "flightStatus": {
          "departureTime": {
            "usecSinceEpochUtc": "1502107500000000",
            "granularity": "SECOND",
            "utcTimezoneOffsetMinutes": -240
          },
          "arrivalTime": {
            "usecSinceEpochUtc": "1502129100000000",
            "granularity": "SECOND",
            "utcTimezoneOffsetMinutes": -420
          }
        },
        "departureAirport": {
          "code": {
            "code": "EWR"
          },
          "servesCity": {
            "name": "Newark"
          },
          "location": {
            "latE7": 406895314,
            "lngE7": -741744624,
            "address": ["3 Brewster Rd, Newark, New Jersey 07114, United States"],
            "name": "Newark Liberty International Airport"
          },
          "servesCountry": {
            "name": [{
              "value": "United States"
            }],
            "countryNameCode": "US"
          }
        },
        "arrivalAirport": {
          "code": {
            "code": "SFO"
          },
          "servesCity": {
            "name": "San Francisco"
          },
          "location": {
            "latE7": 376213129,
            "lngE7": -1223789554,
            "address": ["San Francisco, California 94128, United States"],
            "name": "San Francisco International Airport"
          },
          "servesCountry": {
            "name": [{
              "value": "United States"
            }],
            "countryNameCode": "US"
          }
        }
      },
      "passengerInfo": [{
        "passengerName": "PADILLA/LIBIA",
        "seatNumber": "-",
        "ticketNumber": "0162355054891",
        "securityProgram": "NOT_APPLICABLE"
      }],
      "confirmationCode": ["C5SLQL"],
      "bookingTimestamp": {
        "usecSinceEpochUtc": "1499126400000000",
        "granularity": "MILLISECOND"
      },
      "webCheckinTime": {
      }
    }
  }]
}