{
  "customer": {
  },
  "lineItem": [{
    "provider": {
      "name": "Avianca"
    },
    "flightReservation": {
      "status": "CONFIRMED",
      "flightLeg": {
        "flightHeader": {
          "carrier": {
            "code": "AV",
            "name": "Avianca"
          },
          "flightNumber": {
            "number": 9213
          },
          "operatingCarrier": {
            "name": "AVIANCA"
          }
        },
        "flightStatus": {
          "departureTime": {
            "usecSinceEpochUtc": "1385699520000000",
            "granularity": "SECOND",
            "utcTimezoneOffsetMinutes": -300
          },
          "arrivalTime": {
            "usecSinceEpochUtc": "1385703420000000",
            "granularity": "SECOND",
            "utcTimezoneOffsetMinutes": -300
          }
        },
        "departureAirport": {
          "code": {
            "code": "BOG"
          },
          "servesCity": {
            "name": "Bogotá"
          },
          "location": {
            "latE7": 47014128,
            "lngE7": -741444969,
            "address": ["Calle 26 #103-9, Fontibon, Bogotá, Colombia"],
            "name": "El Dorado Luis Carlos Galan Sarmiento International Airport"
          },
          "servesCountry": {
            "name": [{
              "value": "Colombia"
            }],
            "countryNameCode": "CO"
          }
        },
        "arrivalAirport": {
          "code": {
            "code": "CLO"
          },
          "servesCity": {
            "name": "Cali"
          },
          "location": {
            "latE7": 35439613,
            "lngE7": -763840645,
            "address": ["Vía al Aeropuerto Norte, Palmira, Valle del Cauca, Colombia"],
            "name": "Aeropuerto Internacional Alfonso Bonilla Aragón de Palmira"
          },
          "servesCountry": {
            "name": [{
              "value": "Colombia"
            }],
            "countryNameCode": "CO"
          }
        }
      },
      "passengerInfo": [{
        "passengerName": "PADILLA ZABALA/LIBIA MRS",
        "ticketNumber": "134 2455764010",
        "securityProgram": "NOT_APPLICABLE"
      }],
      "confirmationCode": ["TA/5UME3C", "5UME3C"],
      "bookingTimestamp": {
        "usecSinceEpochUtc": "1385658660000000",
        "granularity": "MILLISECOND"
      },
      "webCheckinTime": {
      }
    }
  }]
}