{
  "merchantOrderId": "GPA.1324-3103-9188-37859..0",
  "creationTime": {
    "usecSinceEpochUtc": "1461548848000000",
    "granularity": "MICROSECOND"
  },
  "transactionMerchant": {
    "name": "Google Play"
  },
  "lineItem": [{
    "purchase": {
      "status": "DELIVERED",
      "unitPrice": {
        "amountMicros": "15000000",
        "currencyCode": {
          "code": "COP"
        },
        "displayString": "$ 14.499/month"
      },
      "returnsInfo": {
        "isReturnable": true,
        "daysToReturn": 15
      },
      "productInfo": {
        "name": "Endomondo Premium, Monthly (Mar 2015) w. 180 days Trial (Endomondo - Running \u0026 Walking)"
      }
    }
  }],
  "priceline": [{
    "type": "SUBTOTAL",
    "amount": {
      "amountMicros": "15000000",
      "currencyCode": {
        "code": "COP"
      }
    }
  }, {
    "type": "TAX",
    "amount": {
      "amountMicros": "0",
      "currencyCode": {
        "code": "COP"
      },
      "displayString": "$ 0"
    }
  }]
}