{
  "customer": {
  },
  "lineItem": [{
    "provider": {
      "name": "Hotel Santa Catalina de la Provincia Guanentina San Gil",
      "location": {
        "latE7": 65534790,
        "lngE7": -731242110,
        "address": ["San Gil, Santander", "Colombia"]
      }
    },
    "hotelReservation": {
      "status": "CONFIRMED",
      "confirmationCode": ["1838573585"],
      "checkinTime": {
        "usecSinceEpochUtc": "1533340800000000",
        "granularity": "DAY"
      },
      "checkoutTime": {
        "usecSinceEpochUtc": "1533427200000000",
        "granularity": "DAY"
      }
    }
  }]
}