{
  "customer": {
  },
  "lineItem": [{
    "provider": {
      "name": "Hotel Hesperia Isla Margarita",
      "location": {
        "latE7": 111288580,
        "lngE7": -639164540,
        "address": ["Valle de Pedro Gonzalez, Playa Puerto Viejo", "6301, Nueva Esparta", "Venezuela"]
      }
    },
    "hotelReservation": {
      "status": "CONFIRMED",
      "confirmationCode": ["25423484"],
      "checkinTime": {
        "usecSinceEpochUtc": "1491696000000000",
        "granularity": "DAY"
      },
      "checkoutTime": {
        "usecSinceEpochUtc": "1491782400000000",
        "granularity": "DAY"
      }
    }
  }]
}