{
  "customer": {
  },
  "transactionMerchant": {
    "name": "Booking.com"
  },
  "lineItem": [{
    "provider": {
      "name": "Hotel Isla Arena Plaza",
      "location": {
        "latE7": 103627950,
        "lngE7": -755424210,
        "address": ["Isla Tierra Bomba", "Isla Tierra Bomba", "130001", "Colombia"]
      }
    },
    "hotelReservation": {
      "status": "CONFIRMED",
      "confirmationCode": ["847211051"],
      "checkinTime": {
        "usecSinceEpochUtc": "1464447600000000",
        "granularity": "SECOND",
        "utcTimezoneOffsetMinutes": -300
      },
      "checkoutTime": {
        "usecSinceEpochUtc": "1464526800000000",
        "granularity": "SECOND",
        "utcTimezoneOffsetMinutes": -300
      },
      "lodgingInformation": {
        "occupancy": {
          "numberOfAdults": 2
        }
      }
    }
  }]
}