{
  "customer": {
  },
  "transactionMerchant": {
    "name": "Booking.com"
  },
  "lineItem": [{
    "provider": {
      "name": "Hotel Casa de los Fundadores",
      "location": {
        "latE7": 56391040,
        "lngE7": -735376580,
        "address": ["Villa de Leyva - Km 1 via Guanani", "Villa de Leyva", "154001", "Colombia"]
      }
    },
    "hotelReservation": {
      "status": "CONFIRMED",
      "confirmationCode": ["1452841818"],
      "checkinTime": {
        "usecSinceEpochUtc": "1474747200000000",
        "granularity": "SECOND",
        "utcTimezoneOffsetMinutes": -300
      },
      "checkoutTime": {
        "usecSinceEpochUtc": "1474822800000000",
        "granularity": "SECOND",
        "utcTimezoneOffsetMinutes": -300
      },
      "lodgingInformation": {
        "occupancy": {
          "numberOfAdults": 2
        }
      }
    }
  }]
}