{
  "merchantOrderId": "111-3469649-8602615",
  "creationTime": {
    "usecSinceEpochUtc": "1541795476000000",
    "granularity": "MICROSECOND"
  },
  "transactionMerchant": {
    "name": "Amazon.com"
  },
  "lineItem": [{
    "purchase": {
      "status": "SHIPPED",
      "returnsInfo": {
        "isReturnable": true,
        "daysToReturn": 30
      },
      "fulfillment": {
        "location": {
          "address": ["Esteban Londoño Padilla\nCarrera 25 # 57 -25"]
        },
        "timeWindow": {
          "startTime": {
            "usecSinceEpochUtc": "1542326400000000",
            "granularity": "DAY"
          },
          "endTime": {
            "usecSinceEpochUtc": "1542326400000000",
            "granularity": "DAY"
          }
        }
      },
      "productInfo": {
        "name": "[With Free Screen..."
      }
    }
  }],
  "priceline": [{
    "type": "SUBTOTAL",
    "amount": {
      "amountMicros": "87890000",
      "currencyCode": {
        "code": "USD"
      }
    }
  }, {
    "type": "TAX",
    "amount": {
      "amountMicros": "0",
      "currencyCode": {
        "code": "USD"
      },
      "displayString": "$0.00"
    }
  }]
}