{
  "customer": {
  },
  "transactionMerchant": {
    "name": "Booking.com"
  },
  "lineItem": [{
    "provider": {
      "name": "Hospederia Calle Real",
      "location": {
        "latE7": 56331000,
        "lngE7": -735283490,
        "address": ["Carrera 12 (Transversal 10) No. 7-77 (Detras del Hotel Getzemani)", "Villa de Leyva", "154001", "Colombia"]
      }
    },
    "hotelReservation": {
      "status": "CANCELLED",
      "confirmationCode": ["1467295717"],
      "checkinTime": {
        "usecSinceEpochUtc": "1474747200000000",
        "granularity": "SECOND",
        "utcTimezoneOffsetMinutes": -300
      },
      "checkoutTime": {
        "usecSinceEpochUtc": "1474826400000000",
        "granularity": "SECOND",
        "utcTimezoneOffsetMinutes": -300
      },
      "lodgingInformation": {
        "occupancy": {
          "numberOfAdults": 2
        }
      }
    }
  }]
}