{
  "customer": {
  },
  "transactionMerchant": {
    "name": "Booking.com"
  },
  "lineItem": [{
    "provider": {
      "name": "Hotel Casa Normandia",
      "location": {
        "latE7": 46678510,
        "lngE7": -741077700,
        "address": ["Carrera 71B # 53 -35", "Bogotá", "Engativa", "110011", "Colombia"]
      }
    },
    "hotelReservation": {
      "status": "CONFIRMED",
      "confirmationCode": ["1467240208"],
      "checkinTime": {
        "usecSinceEpochUtc": "1474653600000000",
        "granularity": "SECOND",
        "utcTimezoneOffsetMinutes": -300
      },
      "checkoutTime": {
        "usecSinceEpochUtc": "1474740000000000",
        "granularity": "SECOND",
        "utcTimezoneOffsetMinutes": -300
      },
      "lodgingInformation": {
        "occupancy": {
          "numberOfAdults": 2
        }
      }
    }
  }]
}