{
  "merchantOrderId": "GPA.1354-5487-1218-49037",
  "creationTime": {
    "usecSinceEpochUtc": "1468810034000000",
    "granularity": "MICROSECOND"
  },
  "transactionMerchant": {
    "name": "Google Play"
  },
  "lineItem": [{
    "purchase": {
      "status": "DELIVERED",
      "unitPrice": {
        "amountMicros": "29000000",
        "currencyCode": {
          "code": "USD"
        },
        "displayString": "$ 29.000"
      },
      "returnsInfo": {
        "isReturnable": true,
        "daysToReturn": 15
      },
      "productInfo": {
        "name": "1,200 Pokémonedas (Pokémon GO)"
      }
    }
  }],
  "priceline": [{
    "type": "SUBTOTAL",
    "amount": {
      "amountMicros": "29000000",
      "currencyCode": {
        "code": "USD"
      }
    }
  }, {
    "type": "TAX",
    "amount": {
      "amountMicros": "0",
      "currencyCode": {
        "code": "USD"
      },
      "displayString": "$ 0"
    }
  }]
}