{
  "merchantOrderId": "GPA.3323-5316-1902-15679",
  "creationTime": {
    "usecSinceEpochUtc": "1533798120000000",
    "granularity": "MICROSECOND"
  },
  "transactionMerchant": {
    "name": "Google Play"
  },
  "lineItem": [{
    "purchase": {
      "status": "DELIVERED",
      "unitPrice": {
        "amountMicros": "12000000",
        "currencyCode": {
          "code": "USD"
        },
        "displayString": "$ 12.000"
      },
      "returnsInfo": {
        "isReturnable": true,
        "daysToReturn": 15
      },
      "productInfo": {
        "name": "MONTHLY PREMIUM SUBSCRIPTION (Magisto Video Editor \u0026 Maker)",
        "description": "Monthly Subscription ‐ Auto Renews on Sep 9, 2018"
      }
    }
  }],
  "priceline": [{
    "type": "SUBTOTAL",
    "amount": {
      "amountMicros": "12000000",
      "currencyCode": {
        "code": "USD"
      }
    }
  }, {
    "type": "TAX",
    "amount": {
      "amountMicros": "0",
      "currencyCode": {
        "code": "USD"
      },
      "displayString": "$ 0"
    }
  }]
}