{
  "customer": {
  },
  "lineItem": [{
    "provider": {
      "name": "LATAM"
    },
    "flightReservation": {
      "status": "CONFIRMED",
      "flightLeg": {
        "flightHeader": {
          "carrier": {
            "code": "LA",
            "name": "LATAM"
          },
          "flightNumber": {
            "number": 4164
          }
        },
        "flightStatus": {
          "departureTime": {
            "usecSinceEpochUtc": "1533333060000000",
            "granularity": "SECOND",
            "utcTimezoneOffsetMinutes": -300
          },
          "arrivalTime": {
            "usecSinceEpochUtc": "1533336780000000",
            "granularity": "SECOND",
            "utcTimezoneOffsetMinutes": -300
          }
        },
        "departureAirport": {
          "code": {
            "code": "BOG"
          },
          "servesCity": {
            "name": "Bogotá"
          },
          "location": {
            "latE7": 47014128,
            "lngE7": -741444969,
            "address": ["Calle 26 #103-9, Fontibon, Bogotá, Colombia"],
            "name": "El Dorado Luis Carlos Galan Sarmiento International Airport"
          },
          "servesCountry": {
            "name": [{
              "value": "Colombia"
            }],
            "countryNameCode": "CO"
          }
        },
        "arrivalAirport": {
          "code": {
            "code": "BGA"
          },
          "servesCity": {
            "name": "Bucaramanga"
          },
          "location": {
            "latE7": 71280895,
            "lngE7": -731812714,
            "address": ["Lebrija, Santander, Colombia"],
            "name": "Aeropuerto Internacional Palonegro"
          },
          "servesCountry": {
            "name": [{
              "value": "Colombia"
            }],
            "countryNameCode": "CO"
          }
        }
      },
      "confirmationCode": ["ZFCQ0M", "ZGELJH"],
      "bookingTimestamp": {
        "usecSinceEpochUtc": "1532618736000000",
        "granularity": "MILLISECOND"
      },
      "webCheckinTime": {
      }
    }
  }]
}