{
  "merchantOrderId": "GPA.1322-3439-2096-53913",
  "creationTime": {
    "usecSinceEpochUtc": "1459339310000000",
    "granularity": "MICROSECOND"
  },
  "transactionMerchant": {
    "name": "Google Play"
  },
  "lineItem": [{
    "purchase": {
      "status": "DELIVERED",
      "unitPrice": {
        "amountMicros": "2610000",
        "currencyCode": {
          "code": "USD"
        },
        "displayString": "$ 2.610"
      },
      "returnsInfo": {
        "isReturnable": true,
        "daysToReturn": 15
      },
      "productInfo": {
        "name": "7 Weeks+ Upgrade (Discounted) (7 Weeks - Habit \u0026 Goal Tracker)"
      }
    }
  }],
  "priceline": [{
    "type": "SUBTOTAL",
    "amount": {
      "amountMicros": "2610000",
      "currencyCode": {
        "code": "USD"
      }
    }
  }, {
    "type": "TAX",
    "amount": {
      "amountMicros": "0",
      "currencyCode": {
        "code": "USD"
      },
      "displayString": "$ 0"
    }
  }]
}