{
  "customer": {
  },
  "lineItem": [{
    "provider": {
      "name": "Panama Reef Divers co.",
      "location": {
        "latE7": 96043570,
        "lngE7": -795867850,
        "address": ["Puerto Lindo", "Panamá"]
      }
    },
    "hotelReservation": {
      "status": "CANCELLED",
      "confirmationCode": ["1674107721"],
      "checkinTime": {
        "usecSinceEpochUtc": "1524873600000000",
        "granularity": "DAY"
      },
      "checkoutTime": {
        "usecSinceEpochUtc": "1525046400000000",
        "granularity": "DAY"
      }
    }
  }]
}