{
  "customer": {
  },
  "lineItem": [{
    "provider": {
      "name": "United"
    },
    "flightReservation": {
      "status": "CONFIRMED",
      "flightLeg": {
        "flightHeader": {
          "carrier": {
            "code": "UA",
            "name": "United"
          },
          "flightNumber": {
            "number": 292
          }
        },
        "flightStatus": {
          "departureTime": {
            "usecSinceEpochUtc": "1500579240000000",
            "granularity": "SECOND",
            "utcTimezoneOffsetMinutes": -420
          },
          "arrivalTime": {
            "usecSinceEpochUtc": "1500599040000000",
            "granularity": "SECOND",
            "utcTimezoneOffsetMinutes": -240
          }
        },
        "departureAirport": {
          "code": {
            "code": "SFO"
          },
          "servesCity": {
            "name": "San Francisco"
          },
          "location": {
            "latE7": 376213129,
            "lngE7": -1223789554,
            "address": ["San Francisco, California 94128, United States"],
            "name": "San Francisco International Airport"
          },
          "servesCountry": {
            "name": [{
              "value": "United States"
            }],
            "countryNameCode": "US"
          }
        },
        "arrivalAirport": {
          "code": {
            "code": "MCO"
          },
          "servesCity": {
            "name": "Orlando"
          },
          "location": {
            "latE7": 284311577,
            "lngE7": -813080830,
            "address": ["1 Jeff Fuqua Blvd, Orlando, Florida 32827, United States"],
            "name": "Orlando International Airport"
          },
          "servesCountry": {
            "name": [{
              "value": "United States"
            }],
            "countryNameCode": "US"
          }
        }
      },
      "passengerInfo": [{
        "passengerName": "PADILLA/LIBIA",
        "seatNumber": "-",
        "ticketNumber": "0162355054891",
        "securityProgram": "NOT_APPLICABLE"
      }],
      "confirmationCode": ["C5SLQL"],
      "bookingTimestamp": {
        "usecSinceEpochUtc": "1499126400000000",
        "granularity": "MILLISECOND"
      },
      "webCheckinTime": {
      }
    }
  }]
}