{
  "customer": {
  },
  "lineItem": [{
    "provider": {
      "name": "Fly Corporate"
    },
    "flightReservation": {
      "status": "CONFIRMED",
      "flightLeg": {
        "flightHeader": {
          "carrier": {
            "code": "FC",
            "name": "Fly Corporate"
          },
          "flightNumber": {
            "number": 8111
          }
        },
        "flightStatus": {
          "departureTime": {
            "usecSinceEpochUtc": "1474858200000000",
            "granularity": "SECOND",
            "utcTimezoneOffsetMinutes": -300
          },
          "arrivalTime": {
            "usecSinceEpochUtc": "1474862700000000",
            "granularity": "SECOND",
            "utcTimezoneOffsetMinutes": -300
          }
        },
        "departureAirport": {
          "code": {
            "code": "BOG"
          },
          "servesCity": {
            "name": "Bogotá"
          },
          "location": {
            "latE7": 47014128,
            "lngE7": -741444969,
            "address": ["Calle 26 #103-9, Fontibon, Bogotá, Colombia"],
            "name": "El Dorado Luis Carlos Galan Sarmiento International Airport"
          },
          "servesCountry": {
            "name": [{
              "value": "Colombia"
            }],
            "countryNameCode": "CO"
          }
        },
        "arrivalAirport": {
          "code": {
            "code": "CLO"
          },
          "servesCity": {
            "name": "Cali"
          },
          "location": {
            "latE7": 35439613,
            "lngE7": -763840645,
            "address": ["Vía al Aeropuerto Norte, Palmira, Valle del Cauca, Colombia"],
            "name": "Aeropuerto Internacional Alfonso Bonilla Aragón de Palmira"
          },
          "servesCountry": {
            "name": [{
              "value": "Colombia"
            }],
            "countryNameCode": "CO"
          }
        }
      },
      "passengerInfo": [{
        "passengerName": "Esteban Londoño Padilla",
        "securityProgram": "NOT_APPLICABLE"
      }],
      "confirmationCode": ["SC1Q6X"],
      "bookingTimestamp": {
        "usecSinceEpochUtc": "1474301456000000",
        "granularity": "MILLISECOND"
      },
      "webCheckinTime": {
      }
    }
  }]
}