{
  "customer": {
  },
  "lineItem": [{
    "provider": {
      "name": "Virgin America"
    },
    "flightReservation": {
      "status": "CONFIRMED",
      "flightLeg": {
        "flightHeader": {
          "carrier": {
            "code": "VX",
            "name": "Virgin America"
          },
          "flightNumber": {
            "number": 77
          },
          "operatingCarrier": {
            "name": "Virgin America"
          }
        },
        "flightStatus": {
          "departureTime": {
            "usecSinceEpochUtc": "1497308100000000",
            "granularity": "SECOND",
            "utcTimezoneOffsetMinutes": -240
          },
          "arrivalTime": {
            "usecSinceEpochUtc": "1497329040000000",
            "granularity": "SECOND",
            "utcTimezoneOffsetMinutes": -420
          }
        },
        "departureAirport": {
          "code": {
            "code": "IAD"
          },
          "servesCity": {
            "name": "Washington, D.C."
          },
          "location": {
            "latE7": 389531162,
            "lngE7": -774565388,
            "address": ["1 Saarinen Cir, Dulles, Virginia 20166, United States"],
            "name": "Dulles International Airport"
          },
          "servesCountry": {
            "name": [{
              "value": "United States"
            }],
            "countryNameCode": "US"
          }
        },
        "arrivalAirport": {
          "code": {
            "code": "SFO"
          },
          "servesCity": {
            "name": "San Francisco"
          },
          "location": {
            "latE7": 376213129,
            "lngE7": -1223789554,
            "address": ["San Francisco, California 94128, United States"],
            "name": "San Francisco International Airport"
          },
          "servesCountry": {
            "name": [{
              "value": "United States"
            }],
            "countryNameCode": "US"
          }
        }
      },
      "passengerInfo": [{
        "passengerName": "Libia Zabala",
        "seatClass": "Coach (H)",
        "ticketNumber": "0272142500806",
        "securityProgram": "NOT_APPLICABLE",
        "frequentFlyerProgram": "MP"
      }],
      "confirmationCode": ["LGXBRO", "OFQYNR"],
      "bookingTimestamp": {
        "usecSinceEpochUtc": "1496728038000000",
        "granularity": "MILLISECOND"
      },
      "webCheckinTime": {
      }
    }
  }]
}