{
  "merchantOrderId": "GPA.1342-5526-9664-44013",
  "creationTime": {
    "usecSinceEpochUtc": "1462632009000000",
    "granularity": "MICROSECOND"
  },
  "transactionMerchant": {
    "name": "Google Play"
  },
  "lineItem": [{
    "purchase": {
      "status": "DELIVERED",
      "unitPrice": {
        "amountMicros": "12000000",
        "currencyCode": {
          "code": "COP"
        },
        "displayString": "$ 11.117"
      },
      "returnsInfo": {
        "isReturnable": true,
        "daysToReturn": 15
      },
      "productInfo": {
        "name": "Navigation pack [1 year] (Wikiloc outdoor navigation GPS)"
      }
    }
  }],
  "priceline": [{
    "type": "SUBTOTAL",
    "amount": {
      "amountMicros": "12000000",
      "currencyCode": {
        "code": "COP"
      }
    }
  }, {
    "type": "TAX",
    "amount": {
      "amountMicros": "0",
      "currencyCode": {
        "code": "COP"
      },
      "displayString": "$ 0"
    }
  }]
}