{
  "customer": {
  },
  "lineItem": [{
    "provider": {
      "name": "VivaColombia"
    },
    "flightReservation": {
      "status": "CONFIRMED",
      "flightLeg": {
        "flightHeader": {
          "carrier": {
            "code": "FC",
            "name": "VivaColombia"
          },
          "flightNumber": {
            "number": 8163
          }
        },
        "flightStatus": {
          "departureTime": {
            "usecSinceEpochUtc": "1468255200000000",
            "granularity": "SECOND",
            "utcTimezoneOffsetMinutes": -300
          },
          "arrivalTime": {
            "usecSinceEpochUtc": "1468262400000000",
            "granularity": "SECOND",
            "utcTimezoneOffsetMinutes": -300
          },
          "boardingTime": {
            "usecSinceEpochUtc": "1468252500000000",
            "granularity": "SECOND",
            "utcTimezoneOffsetMinutes": -300
          }
        },
        "departureAirport": {
          "code": {
            "code": "ADZ"
          },
          "servesCity": {
            "name": "San Andrés"
          },
          "location": {
            "latE7": 125861164,
            "lngE7": -817021578,
            "address": ["Av Colon, San Andrés, 880001, Colombia"],
            "name": "Aeropuerto Internacional Gustavo Rojas Pinilla"
          },
          "servesCountry": {
            "name": [{
              "value": "Colombia"
            }],
            "countryNameCode": "CO"
          }
        },
        "arrivalAirport": {
          "code": {
            "code": "CLO"
          },
          "servesCity": {
            "name": "Cali"
          },
          "location": {
            "latE7": 35439613,
            "lngE7": -763840645,
            "address": ["Vía al Aeropuerto Norte, Palmira, Valle del Cauca, Colombia"],
            "name": "Aeropuerto Internacional Alfonso Bonilla Aragón de Palmira"
          },
          "servesCountry": {
            "name": [{
              "value": "Colombia"
            }],
            "countryNameCode": "CO"
          }
        }
      },
      "passengerInfo": [{
        "passengerName": "ESTEBAN LONDONO PADILLA",
        "securityProgram": "NOT_APPLICABLE"
      }, {
        "passengerName": "ELIANA RAMIREZ DRADA",
        "securityProgram": "NOT_APPLICABLE"
      }],
      "confirmationCode": ["KYMWYY"],
      "bookingTimestamp": {
      },
      "webCheckinTime": {
        "usecSinceEpochUtc": "1467996000000000",
        "granularity": "SECOND",
        "utcTimezoneOffsetMinutes": -300
      }
    }
  }]
}