{
  "customer": {
  },
  "lineItem": [{
    "provider": {
      "name": "American"
    },
    "flightReservation": {
      "status": "CONFIRMED",
      "flightLeg": {
        "flightHeader": {
          "carrier": {
            "code": "AA",
            "name": "American"
          },
          "flightNumber": {
            "number": 2421
          }
        },
        "flightStatus": {
          "departureTime": {
            "usecSinceEpochUtc": "1512086400000000",
            "granularity": "SECOND",
            "utcTimezoneOffsetMinutes": -300
          },
          "arrivalTime": {
            "usecSinceEpochUtc": "1512096420000000",
            "granularity": "SECOND",
            "utcTimezoneOffsetMinutes": -300
          }
        },
        "departureAirport": {
          "code": {
            "code": "IAD"
          },
          "servesCity": {
            "name": "Washington, D.C."
          },
          "location": {
            "latE7": 389531162,
            "lngE7": -774565388,
            "address": ["1 Saarinen Cir, Dulles, Virginia 20166, United States"],
            "name": "Dulles International Airport"
          },
          "servesCountry": {
            "name": [{
              "value": "United States"
            }],
            "countryNameCode": "US"
          }
        },
        "arrivalAirport": {
          "code": {
            "code": "MIA"
          },
          "servesCity": {
            "name": "Miami"
          },
          "location": {
            "latE7": 257958650,
            "lngE7": -802870457,
            "address": ["2100 NW 42nd Ave, Miami, Florida 33126, United States"],
            "name": "Miami International Airport"
          },
          "servesCountry": {
            "name": [{
              "value": "United States"
            }],
            "countryNameCode": "US"
          }
        }
      },
      "passengerInfo": [{
        "passengerName": "LIBIA PADILLA ZABALA",
        "seatNumber": "13F",
        "seatClass": "Economy",
        "securityProgram": "NOT_APPLICABLE"
      }],
      "confirmationCode": ["YTWYDU"],
      "bookingTimestamp": {
        "usecSinceEpochUtc": "1497139200000000",
        "granularity": "MILLISECOND"
      },
      "webCheckinTime": {
      }
    }
  }]
}