{
  "customer": {
  },
  "transactionMerchant": {
    "name": "Booking.com"
  },
  "lineItem": [{
    "provider": {
      "name": "Casa de las Palmas",
      "location": {
        "latE7": -42091890,
        "lngE7": -699448270,
        "address": ["Carrera 11 #13110", "Leticia, Amazonas", "Colombia"]
      }
    },
    "hotelReservation": {
      "status": "CONFIRMED",
      "confirmationCode": ["1630805221"],
      "checkinTime": {
        "usecSinceEpochUtc": "1501860600000000",
        "granularity": "SECOND",
        "utcTimezoneOffsetMinutes": -240
      },
      "checkoutTime": {
        "usecSinceEpochUtc": "1502118000000000",
        "granularity": "SECOND",
        "utcTimezoneOffsetMinutes": -240
      },
      "lodgingInformation": {
        "occupancy": {
          "numberOfAdults": 2
        }
      }
    }
  }]
}