{
  "customer": {
  },
  "lineItem": [{
    "provider": {
      "name": "Cabañas Digir Dubbu",
      "location": {
        "latE7": 94340040,
        "lngE7": -785231920,
        "address": ["Digir Dubbu - Isla Tigre Digir Dubbu - Gunayala", "Isla Tigre", "Panamá"]
      }
    },
    "hotelReservation": {
      "status": "CANCELLED",
      "confirmationCode": ["1957542641"],
      "checkinTime": {
        "usecSinceEpochUtc": "1524873600000000",
        "granularity": "DAY"
      },
      "checkoutTime": {
        "usecSinceEpochUtc": "1525046400000000",
        "granularity": "DAY"
      }
    }
  }]
}