{
  "merchantOrderId": "GPA.1339-4494-2793-88111",
  "creationTime": {
    "usecSinceEpochUtc": "1474457875000000",
    "granularity": "MICROSECOND"
  },
  "transactionMerchant": {
    "name": "Google Play"
  },
  "lineItem": [{
    "purchase": {
      "status": "DELIVERED",
      "unitPrice": {
        "amountMicros": "2500000",
        "currencyCode": {
          "code": "USD"
        },
        "displayString": "$ 2.500 por mes"
      },
      "returnsInfo": {
        "isReturnable": true,
        "daysToReturn": 15
      },
      "productInfo": {
        "name": "Peak Pro 1 month - 50% discount (Peak - Brain Training)"
      }
    }
  }],
  "priceline": [{
    "type": "SUBTOTAL",
    "amount": {
      "amountMicros": "2500000",
      "currencyCode": {
        "code": "USD"
      }
    }
  }, {
    "type": "TAX",
    "amount": {
      "amountMicros": "0",
      "currencyCode": {
        "code": "USD"
      },
      "displayString": "$ 0"
    }
  }]
}