{
  "merchantOrderId": "D01-0241654-5766624",
  "creationTime": {
    "usecSinceEpochUtc": "1543704834000000",
    "granularity": "MICROSECOND"
  },
  "transactionMerchant": {
    "name": "Amazon.com"
  },
  "lineItem": [{
    "purchase": {
      "status": "ACCEPTED",
      "unitPrice": {
        "amountMicros": "6990000",
        "currencyCode": {
          "code": "USD"
        },
        "displayString": "$6.99"
      },
      "returnsInfo": {
        "isReturnable": true,
        "daysToReturn": 30
      },
      "landingPageUrl": {
        "link": "https://www.amazon.com/gp/f.html?C\u003dO5ID2HJ90BI3\u0026K\u003dPLH3NKCR8K1C\u0026M\u003durn:rtn:msg:20181201225353321766cbe72c4d1495c9e0dc5010p0na\u0026R\u003d2DYZXKDLEU24R\u0026T\u003dC\u0026U\u003dhttps%3A%2F%2Fwww.amazon.com%2Fdp%2FB07KWD7CN6%2Fref%3Dpe_385040_118058080_TE_M1DP\u0026H\u003d31XE9ILKSTUWVA03ELFBGAMRFSKA\u0026ref_\u003dpe_385040_118058080_TE_M1DP"
      },
      "productInfo": {
        "name": "Me Voló la Tapa: 5 principios básicos para la plenitud (Spanish Edition)",
        "description": "Kindle Edition"
      }
    }
  }],
  "priceline": [{
    "type": "SUBTOTAL",
    "amount": {
      "amountMicros": "6990000",
      "currencyCode": {
        "code": "USD"
      }
    }
  }, {
    "type": "TAX",
    "amount": {
      "amountMicros": "0",
      "currencyCode": {
        "code": "USD"
      },
      "displayString": "$0.00"
    }
  }]
}