{
  "customer": {
  },
  "lineItem": [{
    "provider": {
      "name": "Hotel Dann Carlton Bucaramanga",
      "location": {
        "latE7": 71178110,
        "lngE7": -731124530,
        "address": ["Calle 47 #2883", "Bucaramanga, Santander", "Colombia"]
      }
    },
    "hotelReservation": {
      "status": "CONFIRMED",
      "confirmationCode": ["1074489578"],
      "checkinTime": {
        "usecSinceEpochUtc": "1533513600000000",
        "granularity": "DAY"
      },
      "checkoutTime": {
        "usecSinceEpochUtc": "1533600000000000",
        "granularity": "DAY"
      }
    }
  }]
}