{
  "merchantOrderId": "GPA.3382-7854-7870-58022",
  "creationTime": {
    "usecSinceEpochUtc": "1521382973000000",
    "granularity": "MICROSECOND"
  },
  "transactionMerchant": {
    "name": "Google Play"
  },
  "lineItem": [{
    "purchase": {
      "status": "DELIVERED",
      "unitPrice": {
        "amountMicros": "17500000",
        "currencyCode": {
          "code": "COP"
        },
        "displayString": "$ 17.500/month"
      },
      "returnsInfo": {
        "isReturnable": true,
        "daysToReturn": 15
      },
      "productInfo": {
        "name": "Speaky Premium (Speaky - Language Exchange)",
        "description": "Monthly Subscription - Auto Renews on Apr 18, 2018"
      }
    }
  }],
  "priceline": [{
    "type": "SUBTOTAL",
    "amount": {
      "amountMicros": "17500000",
      "currencyCode": {
        "code": "COP"
      }
    }
  }, {
    "type": "TAX",
    "amount": {
      "amountMicros": "0",
      "currencyCode": {
        "code": "COP"
      },
      "displayString": "$ 0"
    }
  }]
}