{
  "customer": {
  },
  "transactionMerchant": {
    "name": "Booking.com"
  },
  "lineItem": [{
    "provider": {
      "name": "Eco-hostal Casa Nativa Isla",
      "location": {
        "latE7": 101747360,
        "lngE7": -757388660,
        "address": ["Isla Grande, Islas de Rosario", "Isla Grande", "Colombia"]
      }
    },
    "hotelReservation": {
      "status": "CONFIRMED",
      "confirmationCode": ["297083107"],
      "checkinTime": {
        "usecSinceEpochUtc": "1464480000000000",
        "granularity": "DAY"
      },
      "checkoutTime": {
        "usecSinceEpochUtc": "1464566400000000",
        "granularity": "DAY"
      },
      "lodgingInformation": {
        "occupancy": {
          "numberOfAdults": 2
        }
      }
    }
  }]
}