[ {
  "contentDetails" : {
    "videoId" : "nkAyggAM1q4",
    "videoPublishedAt" : "2018-05-23T21:15:00.000Z"
  },
  "etag" : "\"XI7nbFXulYBIpL0ayR_gDh3eu1k/UtSyAx3yKx9PvX2q6WMFlJb80IM\"",
  "id" : "UExkcmtYTldnc0o1cm5NNDk1RW9BTmRsV0hhYlRROXpYdC41NkI0NEY2RDEwNTU3Q0M2",
  "kind" : "youtube#playlistItem",
  "snippet" : {
    "channelId" : "UCxeDEhM41DYX7Tyh1edBc4w",
    "channelTitle" : "Esteban Londoño",
    "description" : "Join the mmmEnglish Grammar Challenge & win cool prizes! 😎 \nhttps://www.mmmenglish.com/grammar-challenge/\n\nHooray! Emma has finally made a lesson about the passive voice! (Many of you have been asking for it!)\n\nIn this lesson, I'll teach you WHAT it is, HOW to use it & WHY you should use it in English.... with lots of examples and practice!\n\nReady? Let's do this!      \n\nRead the full transcript of this lesson on my blog here: https://www.mmmenglish.com/2018/05/24/what-is-the-passive-voice/\n\nEnglish Tools I recommend!\n⭐️Improve your English pronunciation and expression by imitating a native English speaker: https://www.mmmenglish.com/imitation\n⭐️Try Grammarly Grammar Checker - it's FREE! https://www.grammarly.com/mmmenglish\n⭐️English Listening practice - Try Audible for FREE! http://www.audibletrial.com/mmmEnglish \n\nFind me here: \nmmmEnglish Website: http://bit.ly/mmmEnglish \nOn Facebook: http://bit.ly/mmmEnglishFB\nOn Instagram: http://bit.ly/mmmEnglishInsta \nLadies Facebook Group http://bit.ly/LadiesLoveEnglish \nTweetMe on Twitter: http://bit.ly/TweetMmmEnglish \nSubscribe on YouTube: https://www.youtube.com/channel/UCrRi...\n\nTRANSLATE THIS VIDEO!\nDo your friends a favour and help to translate this lesson into your native language! Contribute subtitles translations here:  https://www.youtube.com/timedtext_video?v=nkAyggAM1q4&ref=share\n\nYour name will be featured underneath the video 😝",
    "playlistId" : "PLdrkXNWgsJ5rnM495EoANdlWHabTQ9zXt",
    "position" : 0,
    "publishedAt" : "2018-09-12T03:41:10.000Z",
    "resourceId" : {
      "kind" : "youtube#video",
      "videoId" : "nkAyggAM1q4"
    },
    "thumbnails" : {
      "default" : {
        "height" : 90,
        "url" : "https://i.ytimg.com/vi/nkAyggAM1q4/default.jpg",
        "width" : 120
      },
      "high" : {
        "height" : 360,
        "url" : "https://i.ytimg.com/vi/nkAyggAM1q4/hqdefault.jpg",
        "width" : 480
      },
      "maxres" : {
        "height" : 720,
        "url" : "https://i.ytimg.com/vi/nkAyggAM1q4/maxresdefault.jpg",
        "width" : 1280
      },
      "medium" : {
        "height" : 180,
        "url" : "https://i.ytimg.com/vi/nkAyggAM1q4/mqdefault.jpg",
        "width" : 320
      },
      "standard" : {
        "height" : 480,
        "url" : "https://i.ytimg.com/vi/nkAyggAM1q4/sddefault.jpg",
        "width" : 640
      }
    },
    "title" : "How to use the Passive Voice 😅 English Grammar Lesson"
  },
  "status" : {
    "privacyStatus" : "public"
  }
}, {
  "contentDetails" : {
    "videoId" : "qp54ZV5RqPU",
    "videoPublishedAt" : "2018-04-26T23:02:27.000Z"
  },
  "etag" : "\"XI7nbFXulYBIpL0ayR_gDh3eu1k/2pzvN7kwgNJLLzQykPe2p62-cU0\"",
  "id" : "UExkcmtYTldnc0o1cm5NNDk1RW9BTmRsV0hhYlRROXpYdC4yODlGNEE0NkRGMEEzMEQy",
  "kind" : "youtube#playlistItem",
  "snippet" : {
    "channelId" : "UCxeDEhM41DYX7Tyh1edBc4w",
    "channelTitle" : "Esteban Londoño",
    "description" : "More confusing English words EXPLAINED! \nAvoid making English mistakes! Use Grammarly Grammar Checker for FREE! https://www.grammarly.com/mmmenglish\n\nEFFECT and AFFECT!\nThough they sound the same (or very similar) when spoken, they have different uses.\n\nThe meaning of each word is similar - they both talk about something changing another thing. \nThough, they are different TYPES of words. \n‘Effect’ is usually a noun. \n‘Affect’ is usually a verb. \n\nThis lesson will help you understand the difference AND give you a few useful tips to help you use them correctly!\n  \nRead the full transcript of this lesson on my blog here: https://www.mmmenglish.com/2018/04/27/effect-or-affect/\n\nEnglish Tools I recommend!\n⭐️Try Grammarly Grammar Checker - it's FREE! https://www.grammarly.com/mmmenglish\n⭐️English Listening practice - Try Audible for FREE! http://www.audibletrial.com/mmmEnglish \n⭐️Improve your English pronunciation and expression by imitating a native English speaker: https://www.mmmenglish.com/imitation\n\nFind me here: \nmmmEnglish Website: http://bit.ly/mmmEnglish \nOn Facebook: http://bit.ly/mmmEnglishFB\nOn Instagram: http://bit.ly/mmmEnglishInsta \nLadies Facebook Group http://bit.ly/LadiesLoveEnglish \nTweetMe on Twitter: http://bit.ly/TweetMmmEnglish \nSubscribe on YouTube: https://www.youtube.com/channel/UCrRi...\n\nTRANSLATE THIS VIDEO!\nDo your friends a favour and help to translate this lesson into your native language! Contribute subtitles translations here:  \nhttp://www.youtube.com/timedtext_video?ref=share&v=qp54ZV5RqPU\nYour name will be featured underneath the video 😝",
    "playlistId" : "PLdrkXNWgsJ5rnM495EoANdlWHabTQ9zXt",
    "position" : 1,
    "publishedAt" : "2018-09-12T03:41:26.000Z",
    "resourceId" : {
      "kind" : "youtube#video",
      "videoId" : "qp54ZV5RqPU"
    },
    "thumbnails" : {
      "default" : {
        "height" : 90,
        "url" : "https://i.ytimg.com/vi/qp54ZV5RqPU/default.jpg",
        "width" : 120
      },
      "high" : {
        "height" : 360,
        "url" : "https://i.ytimg.com/vi/qp54ZV5RqPU/hqdefault.jpg",
        "width" : 480
      },
      "maxres" : {
        "height" : 720,
        "url" : "https://i.ytimg.com/vi/qp54ZV5RqPU/maxresdefault.jpg",
        "width" : 1280
      },
      "medium" : {
        "height" : 180,
        "url" : "https://i.ytimg.com/vi/qp54ZV5RqPU/mqdefault.jpg",
        "width" : 320
      },
      "standard" : {
        "height" : 480,
        "url" : "https://i.ytimg.com/vi/qp54ZV5RqPU/sddefault.jpg",
        "width" : 640
      }
    },
    "title" : "EFFECT or AFFECT? 🤔 English Mistakes that Native Speakers Make too!!"
  },
  "status" : {
    "privacyStatus" : "public"
  }
}, {
  "contentDetails" : {
    "videoId" : "RnTpYKOLca4",
    "videoPublishedAt" : "2018-04-14T00:35:27.000Z"
  },
  "etag" : "\"XI7nbFXulYBIpL0ayR_gDh3eu1k/GCce2c837u6b-KUqytk8B4KwLB0\"",
  "id" : "UExkcmtYTldnc0o1cm5NNDk1RW9BTmRsV0hhYlRROXpYdC4wMTcyMDhGQUE4NTIzM0Y5",
  "kind" : "youtube#playlistItem",
  "snippet" : {
    "channelId" : "UCxeDEhM41DYX7Tyh1edBc4w",
    "channelTitle" : "Esteban Londoño",
    "description" : "⭐️Improve your English pronunciation and expression by imitating a native English speaker - https://www.mmmenglish.com/imitation \n\nHave you heard of collocations? When two or more words go together naturally in English - words that often appear together in sentences. \nLearning COLLOCATIONS (rather than individual words) helps you to sound more fluent and natural when you use English! \nIn this lesson, I'll go through 20 collocations with the verb MAKE (words that often appear in sentences with the verb make!)\n\nWant to keep studying English collocations? \n👉I recommend: \nOxford Collocations Dictionary: https://amzn.to/2H39yEJ\nEnglish Collocations In Use: https://amzn.to/2EP6j1J (Advanced Learners)\n(Online Tool) http://www.ozdic.com/\n   \nRead the full transcript of this lesson on my blog here: https://www.mmmenglish.com/blog\n\nEnglish Tools I recommend!\n⭐️Try Grammarly Grammar Checker - it's FREE! https://www.grammarly.com/mmmenglish\n⭐️English Listening practice - Try Audible for FREE! http://www.audibletrial.com/mmmEnglish \n⭐️Improve your English pronunciation and expression by imitating a native English speaker: https://www.mmmenglish.com/imitation\n\nFind me here: \nmmmEnglish Website: http://bit.ly/mmmEnglish \nOn Facebook: http://bit.ly/mmmEnglishFB\nOn Instagram: http://bit.ly/mmmEnglishInsta \nLadies Facebook Group http://bit.ly/LadiesLoveEnglish \nTweetMe on Twitter: http://bit.ly/TweetMmmEnglish \nSubscribe on YouTube: https://www.youtube.com/channel/UCrRi...\n\nTRANSLATE THIS VIDEO!\nDo your friends a favour and help to translate this lesson into your native language! Contribute subtitles translations here:  \nhttp://www.youtube.com/timedtext_video?ref=share&v=zTujTznkcLo\nYour name will be featured underneath the video 😝",
    "playlistId" : "PLdrkXNWgsJ5rnM495EoANdlWHabTQ9zXt",
    "position" : 2,
    "publishedAt" : "2018-09-12T03:41:32.000Z",
    "resourceId" : {
      "kind" : "youtube#video",
      "videoId" : "RnTpYKOLca4"
    },
    "thumbnails" : {
      "default" : {
        "height" : 90,
        "url" : "https://i.ytimg.com/vi/RnTpYKOLca4/default.jpg",
        "width" : 120
      },
      "high" : {
        "height" : 360,
        "url" : "https://i.ytimg.com/vi/RnTpYKOLca4/hqdefault.jpg",
        "width" : 480
      },
      "maxres" : {
        "height" : 720,
        "url" : "https://i.ytimg.com/vi/RnTpYKOLca4/maxresdefault.jpg",
        "width" : 1280
      },
      "medium" : {
        "height" : 180,
        "url" : "https://i.ytimg.com/vi/RnTpYKOLca4/mqdefault.jpg",
        "width" : 320
      },
      "standard" : {
        "height" : 480,
        "url" : "https://i.ytimg.com/vi/RnTpYKOLca4/sddefault.jpg",
        "width" : 640
      }
    },
    "title" : "The smart way to improve your English | Learn Collocations"
  },
  "status" : {
    "privacyStatus" : "public"
  }
}, {
  "contentDetails" : {
    "videoId" : "jo158cE6XYs",
    "videoPublishedAt" : "2018-03-16T06:36:49.000Z"
  },
  "etag" : "\"XI7nbFXulYBIpL0ayR_gDh3eu1k/vrWf5SgWgkwLAXDvy3_7FgJIAcQ\"",
  "id" : "UExkcmtYTldnc0o1cm5NNDk1RW9BTmRsV0hhYlRROXpYdC41MjE1MkI0OTQ2QzJGNzNG",
  "kind" : "youtube#playlistItem",
  "snippet" : {
    "channelId" : "UCxeDEhM41DYX7Tyh1edBc4w",
    "channelTitle" : "Esteban Londoño",
    "description" : "Get your free audiobook 👉http://www.audibletrial.com/mmmEnglish \nImprove your listening and pronunciation by LISTENING to English books (and get your first book first book free!)  \n\nI can already hear you saying... \"Emma! Go and Come? These verbs are easy!\" You're right - they are simple verbs. \nBut they actually have very similar meanings. And for that reason, they are often used incorrectly by English learners!\n\nIn this lesson, we’ll take a close look at the differences, so that you can feel more confident when you use them. \n\nRead the full transcript of this lesson on my blog here:\nhttps://www.mmmenglish.com/2018/03/16/improve-your-vocabulary-confusing-english-verbs-come-go/\n\nEnglish Tools I recommend!\n⭐️Try Grammarly Grammar Checker - it's FREE! https://www.grammarly.com/mmmenglish\n⭐️English Listening practice - Try Audible for FREE! http://www.audibletrial.com/mmmEnglish \n⭐️Improve your English pronunciation and expression by imitating a native English speaker: https://www.mmmenglish.com/imitation\n\nFind me here: \nmmmEnglish Website: http://bit.ly/mmmEnglish \nOn Facebook: http://bit.ly/mmmEnglishFB\nOn Instagram: http://bit.ly/mmmEnglishInsta \nLadies Facebook Group http://bit.ly/LadiesLoveEnglish \nTweetMe on Twitter: http://bit.ly/TweetMmmEnglish \nSubscribe on YouTube: https://www.youtube.com/channel/UCrRi...\n\nTRANSLATE THIS VIDEO!\nDo your friends a favour and help to translate this lesson into your native language! Contribute subtitles translations here:  \nhttp://www.youtube.com/timedtext_video?v=jo158cE6XYs&ref=share\nYour name will be featured underneath the video 😝",
    "playlistId" : "PLdrkXNWgsJ5rnM495EoANdlWHabTQ9zXt",
    "position" : 3,
    "publishedAt" : "2018-09-12T03:41:43.000Z",
    "resourceId" : {
      "kind" : "youtube#video",
      "videoId" : "jo158cE6XYs"
    },
    "thumbnails" : {
      "default" : {
        "height" : 90,
        "url" : "https://i.ytimg.com/vi/jo158cE6XYs/default.jpg",
        "width" : 120
      },
      "high" : {
        "height" : 360,
        "url" : "https://i.ytimg.com/vi/jo158cE6XYs/hqdefault.jpg",
        "width" : 480
      },
      "maxres" : {
        "height" : 720,
        "url" : "https://i.ytimg.com/vi/jo158cE6XYs/maxresdefault.jpg",
        "width" : 1280
      },
      "medium" : {
        "height" : 180,
        "url" : "https://i.ytimg.com/vi/jo158cE6XYs/mqdefault.jpg",
        "width" : 320
      },
      "standard" : {
        "height" : 480,
        "url" : "https://i.ytimg.com/vi/jo158cE6XYs/sddefault.jpg",
        "width" : 640
      }
    },
    "title" : "Confusing English Verbs | GO & COME"
  },
  "status" : {
    "privacyStatus" : "public"
  }
}, {
  "contentDetails" : {
    "videoId" : "yPRI-Sj5eD0",
    "videoPublishedAt" : "2018-06-06T23:31:43.000Z"
  },
  "etag" : "\"XI7nbFXulYBIpL0ayR_gDh3eu1k/a1gwu2AZR8b8C-tXbaF0hmYlI60\"",
  "id" : "UExkcmtYTldnc0o1cm5NNDk1RW9BTmRsV0hhYlRROXpYdC4wOTA3OTZBNzVEMTUzOTMy",
  "kind" : "youtube#playlistItem",
  "snippet" : {
    "channelId" : "UCxeDEhM41DYX7Tyh1edBc4w",
    "channelTitle" : "Esteban Londoño",
    "description" : "English Listening practice - Try Audible for FREE! http://www.audibletrial.com/mmmEnglish \n\nBook Recommendation! 📚\nThe book I recommend in this video is called \"Where’d you go, Bernadette?\" by Maria Semple. It is a hilarious novel about change in a woman's life - perfect to practise vocabulary about change and lots of informal, slang expressions! \nThis book is challenging -  great for upper-intermediate to advanced level English learners! \n\nDownload the audiobook here: http://www.audibletrial.com/mmmEnglish & listen to the pronunciation and natural expression as the story is read to you!\n \nOr grab the book here https://amzn.to/2sRIwun and curl up somewhere comfortable to read it! \n\nRead the full transcript of this lesson on my blog here: https://www.mmmenglish.com/2018/06/06/advanced-vocabulary-5-english-idioms-about-change/\n\nEnglish Tools I recommend!\n⭐️Improve your English pronunciation and expression by imitating a native English speaker: https://www.mmmenglish.com/imitation\n⭐️Try Grammarly Grammar Checker - it's FREE! https://www.grammarly.com/mmmenglish\n⭐️English Listening practice - Try Audible for FREE! http://www.audibletrial.com/mmmEnglish \n\nFind me here: \nmmmEnglish Website: http://bit.ly/mmmEnglish \nOn Facebook: http://bit.ly/mmmEnglishFB\nOn Instagram: http://bit.ly/mmmEnglishInsta \nLadies Facebook Group http://bit.ly/LadiesLoveEnglish \nTweetMe on Twitter: http://bit.ly/TweetMmmEnglish \nSubscribe on YouTube: https://www.youtube.com/channel/UCrRi...\n\nTRANSLATE THIS VIDEO!\nDo your friends a favour and help to translate this lesson into your native language! Contribute subtitles translations here:  http://www.youtube.com/timedtext_video?v=yPRI-Sj5eD0&ref=share\n\nYour name will be featured underneath the video 😝",
    "playlistId" : "PLdrkXNWgsJ5rnM495EoANdlWHabTQ9zXt",
    "position" : 4,
    "publishedAt" : "2018-09-12T03:41:56.000Z",
    "resourceId" : {
      "kind" : "youtube#video",
      "videoId" : "yPRI-Sj5eD0"
    },
    "thumbnails" : {
      "default" : {
        "height" : 90,
        "url" : "https://i.ytimg.com/vi/yPRI-Sj5eD0/default.jpg",
        "width" : 120
      },
      "high" : {
        "height" : 360,
        "url" : "https://i.ytimg.com/vi/yPRI-Sj5eD0/hqdefault.jpg",
        "width" : 480
      },
      "maxres" : {
        "height" : 720,
        "url" : "https://i.ytimg.com/vi/yPRI-Sj5eD0/maxresdefault.jpg",
        "width" : 1280
      },
      "medium" : {
        "height" : 180,
        "url" : "https://i.ytimg.com/vi/yPRI-Sj5eD0/mqdefault.jpg",
        "width" : 320
      },
      "standard" : {
        "height" : 480,
        "url" : "https://i.ytimg.com/vi/yPRI-Sj5eD0/sddefault.jpg",
        "width" : 640
      }
    },
    "title" : "Advanced Vocabulary | 5 English idioms about CHANGE"
  },
  "status" : {
    "privacyStatus" : "public"
  }
}, {
  "contentDetails" : {
    "videoId" : "Y0vvDN5d5Pg",
    "videoPublishedAt" : "2018-09-10T11:00:05.000Z"
  },
  "etag" : "\"XI7nbFXulYBIpL0ayR_gDh3eu1k/MxE8Ldz9nSEg8IwwpyR1M76kTc8\"",
  "id" : "UExkcmtYTldnc0o1cm5NNDk1RW9BTmRsV0hhYlRROXpYdC4xMkVGQjNCMUM1N0RFNEUx",
  "kind" : "youtube#playlistItem",
  "snippet" : {
    "channelId" : "UCxeDEhM41DYX7Tyh1edBc4w",
    "channelTitle" : "Esteban Londoño",
    "description" : "Start improving your fluency now with the English Fluency Formula audio ebook FREE sample: http://bit.ly/effebook --~--\n⏰ How much time does it really take to become fluent in English? ⏰\nFree chapter of The English Fluency Formula: https://goo.gl/va6Qgp\n👀 See the full lesson on the blog: http://bit.ly/2M5EJkD\n\nHow much time does it really take to become fluent in English? Most teachers will tell you that it depends, which is definitely a true statement! But today, we're going to go even deeper into that answer to understand why it depends, and what it depends on. This will guarantee that you make an informed decision, and you'll know exactly what you're getting into, when you commit to learning English with Go Natural English.\n\nHow do you know how long it will take you to become fluent in English? Well, first, you need to know what level of fluency you want to achieve! Next, what is fluency to YOU? Why do you want to speak English? The answers to these questions are personal, and they are the foundation for your English studies. Take a minute to answer these for yourself, and then you'll be ready to continue your fluency goals. This will keep you motivated throughout your entire learning experience.\n\n👉 FOLLOW ON IG @gonaturalenglish\n👉 TWEET US @gonaturaleng\n👉 FACEBOOK: http://facebook.com/gonaturalenglish\n\nIMPROVE YOUR ENGLISH FLUENCY WITH GO NATURAL ENGLISH LESSONS ON LISTENING, GRAMMAR, PRONUNCIATION, AMERICAN ACCENT TRAINING, VOCABULARY AND ALL THE SECRETS YOU WON'T LEARN IN A TRADITIONAL CLASSROOM!",
    "playlistId" : "PLdrkXNWgsJ5rnM495EoANdlWHabTQ9zXt",
    "position" : 5,
    "publishedAt" : "2018-09-12T03:42:47.000Z",
    "resourceId" : {
      "kind" : "youtube#video",
      "videoId" : "Y0vvDN5d5Pg"
    },
    "thumbnails" : {
      "default" : {
        "height" : 90,
        "url" : "https://i.ytimg.com/vi/Y0vvDN5d5Pg/default.jpg",
        "width" : 120
      },
      "high" : {
        "height" : 360,
        "url" : "https://i.ytimg.com/vi/Y0vvDN5d5Pg/hqdefault.jpg",
        "width" : 480
      },
      "maxres" : {
        "height" : 720,
        "url" : "https://i.ytimg.com/vi/Y0vvDN5d5Pg/maxresdefault.jpg",
        "width" : 1280
      },
      "medium" : {
        "height" : 180,
        "url" : "https://i.ytimg.com/vi/Y0vvDN5d5Pg/mqdefault.jpg",
        "width" : 320
      },
      "standard" : {
        "height" : 480,
        "url" : "https://i.ytimg.com/vi/Y0vvDN5d5Pg/sddefault.jpg",
        "width" : 640
      }
    },
    "title" : "How long does it take to learn to speak English Fluently?"
  },
  "status" : {
    "privacyStatus" : "public"
  }
}, {
  "contentDetails" : {
    "videoId" : "ZDaZ5XlGfwE",
    "videoPublishedAt" : "2018-08-13T11:00:06.000Z"
  },
  "etag" : "\"XI7nbFXulYBIpL0ayR_gDh3eu1k/wiQUZ0WZ0at6lTGjcw9_c8_iVXI\"",
  "id" : "UExkcmtYTldnc0o1cm5NNDk1RW9BTmRsV0hhYlRROXpYdC41MzJCQjBCNDIyRkJDN0VD",
  "kind" : "youtube#playlistItem",
  "snippet" : {
    "channelId" : "UCxeDEhM41DYX7Tyh1edBc4w",
    "channelTitle" : "Esteban Londoño",
    "description" : "Start improving your fluency now with the English Fluency Formula audio ebook FREE sample: http://bit.ly/effebook --~--\nHow to become an active learner, take control, and learn faster!\n👉 Free chapter of The English Fluency Formula: https://goo.gl/va6Qgp\n👀 See the full lesson on the blog: http://bit.ly/2Oy8TQ1\n\nWhy is it that some people get stuck and have to repeat the same class over again, and other people seem to learn so quickly? If you feel like you're not progressing in your studies (or, really, anything in life!), there is no doubt that frustration will follow. A lot of us have had this experience one way or another in our lives.\n\nIt is NOT a matter of intelligence! Still, we each learn differently, and we need to understand what the best way is for us to learn. It's also so important to remember to not be embarrassed.\n\nWe know how difficult it is, and how hard it feels, to not be where you want to be in any aspect of your life. We've been there! But don't get upset, and don't get stuck! Instead, channel the negativity into things you could do instead to motivate yourself further; to turn that piece of carbon into a diamond! 💎✨\n\nIn this lesson, we will talk about how to avoid repeating a level in your studies, and how to progress and improve faster and more successfully. Here are the important steps you need to take to make sure you're learning in the easiest, fastest, and best way possible for YOU.\n\nClick on our video lesson above for more, and be sure to tell us in the comments what you think. Are there ways to be an active learner that we forgot? Let us know!\n\nGo beyond what your teacher assigns you, and take control of your own learning!\n\n👉 FOLLOW ON IG @gonaturalenglish\n👉 TWEET US @gonaturaleng\n👉 FACEBOOK: http://facebook.com/gonaturalenglish\n\nIMPROVE YOUR ENGLISH FLUENCY WITH GO NATURAL ENGLISH LESSONS ON LISTENING, GRAMMAR, PRONUNCIATION, AMERICAN ACCENT TRAINING, VOCABULARY AND ALL THE SECRETS YOU WON'T LEARN IN A TRADITIONAL CLASSROOM!",
    "playlistId" : "PLdrkXNWgsJ5rnM495EoANdlWHabTQ9zXt",
    "position" : 6,
    "publishedAt" : "2018-09-12T03:44:10.000Z",
    "resourceId" : {
      "kind" : "youtube#video",
      "videoId" : "ZDaZ5XlGfwE"
    },
    "thumbnails" : {
      "default" : {
        "height" : 90,
        "url" : "https://i.ytimg.com/vi/ZDaZ5XlGfwE/default.jpg",
        "width" : 120
      },
      "high" : {
        "height" : 360,
        "url" : "https://i.ytimg.com/vi/ZDaZ5XlGfwE/hqdefault.jpg",
        "width" : 480
      },
      "maxres" : {
        "height" : 720,
        "url" : "https://i.ytimg.com/vi/ZDaZ5XlGfwE/maxresdefault.jpg",
        "width" : 1280
      },
      "medium" : {
        "height" : 180,
        "url" : "https://i.ytimg.com/vi/ZDaZ5XlGfwE/mqdefault.jpg",
        "width" : 320
      },
      "standard" : {
        "height" : 480,
        "url" : "https://i.ytimg.com/vi/ZDaZ5XlGfwE/sddefault.jpg",
        "width" : 640
      }
    },
    "title" : "DON'T GET STUCK! HOW TO BECOME AN ACTIVE LEARNER & LEARN ENGLISH FASTER"
  },
  "status" : {
    "privacyStatus" : "public"
  }
}, {
  "contentDetails" : {
    "videoId" : "KfdcdiZF3dg",
    "videoPublishedAt" : "2018-07-16T11:00:01.000Z"
  },
  "etag" : "\"XI7nbFXulYBIpL0ayR_gDh3eu1k/3x8ng9GCkYU9njQ7P3qGCQHg-kk\"",
  "id" : "UExkcmtYTldnc0o1cm5NNDk1RW9BTmRsV0hhYlRROXpYdC5DQUNERDQ2NkIzRUQxNTY1",
  "kind" : "youtube#playlistItem",
  "snippet" : {
    "channelId" : "UCxeDEhM41DYX7Tyh1edBc4w",
    "channelTitle" : "Esteban Londoño",
    "description" : "Start improving your fluency now with the English Fluency Formula audio ebook FREE sample: http://bit.ly/effebook --~--\nDo you know how to pronounce these DIFFICULT words correctly? 😳\n👉 Free chapter of The English Fluency Formula: goo.gl/va6Qgp\n👀 See the full lesson on the blog: goo.gl/cpvSkJ\n\nLearning a foreign language is full of difficult tasks, and learning to pronounce words correctly is a very common struggle -- but don't get frustrated!\n\nWe've been in your shoes, and we know that feeling we get when we know our pronunciation is incorrect, and we risk native speakers not understanding us. You might feel awkward, frustrated, or like your confidence is on vacation. We get it. \n\nYou might struggle with long, monosyllabic words. You probably know these words in your native language just fine, but they become difficult to figure out in English. \n\nSo, here's a list of the top 10 words that are the most difficult to pronounce in English, and how you can learn to say them easily and correctly (and, most importantly, frustration free!). Think about how you would pronounce each of them first, then check out our examples on how to pronounce them more easily. You should then understand the word's meaning, repeat the word so that you memorize the correct pronunciation, and compare and understand examples of common mistakes.\n\n👉 FOLLOW ON IG @gonaturalenglish\n👉 TWEET US @gonaturaleng\n👉 FACEBOOK: http://facebook.com/gonaturalenglish\n\nIMPROVE YOUR ENGLISH FLUENCY WITH GO NATURAL ENGLISH LESSONS ON LISTENING, GRAMMAR, PRONUNCIATION, AMERICAN ACCENT TRAINING, VOCABULARY AND ALL THE SECRETS YOU WON'T LEARN IN A TRADITIONAL CLASSROOM!",
    "playlistId" : "PLdrkXNWgsJ5rnM495EoANdlWHabTQ9zXt",
    "position" : 7,
    "publishedAt" : "2018-09-12T03:44:43.000Z",
    "resourceId" : {
      "kind" : "youtube#video",
      "videoId" : "KfdcdiZF3dg"
    },
    "thumbnails" : {
      "default" : {
        "height" : 90,
        "url" : "https://i.ytimg.com/vi/KfdcdiZF3dg/default.jpg",
        "width" : 120
      },
      "high" : {
        "height" : 360,
        "url" : "https://i.ytimg.com/vi/KfdcdiZF3dg/hqdefault.jpg",
        "width" : 480
      },
      "maxres" : {
        "height" : 720,
        "url" : "https://i.ytimg.com/vi/KfdcdiZF3dg/maxresdefault.jpg",
        "width" : 1280
      },
      "medium" : {
        "height" : 180,
        "url" : "https://i.ytimg.com/vi/KfdcdiZF3dg/mqdefault.jpg",
        "width" : 320
      },
      "standard" : {
        "height" : 480,
        "url" : "https://i.ytimg.com/vi/KfdcdiZF3dg/sddefault.jpg",
        "width" : 640
      }
    },
    "title" : "10 DIFFICULT English Words to Pronounce 😳"
  },
  "status" : {
    "privacyStatus" : "public"
  }
} ]