[ {
  "contentDetails" : {
    "videoId" : "hGOYxik3oeE",
    "videoPublishedAt" : "2017-07-19T22:00:17.000Z"
  },
  "etag" : "\"XI7nbFXulYBIpL0ayR_gDh3eu1k/0BMAHb2eU_DwhJN3LFyaeZqTQMo\"",
  "id" : "UExkcmtYTldnc0o1cE1wb1dyeDZlcGc5V2hfYmpFSzctaC41NkI0NEY2RDEwNTU3Q0M2",
  "kind" : "youtube#playlistItem",
  "snippet" : {
    "channelId" : "UCxeDEhM41DYX7Tyh1edBc4w",
    "channelTitle" : "Esteban Londoño",
    "description" : "Check out more Bowflex workouts here: https://goo.gl/jkjFMm\n\nDo you have less than ten minutes to exercise and no equipment? No problem. By performing bodyweight moves in a circuit-style workout you can torch calories and tone your muscles in just minutes. \n\nThere is a method to the madness, however. In this fat-torching, ab-flattening six-minute workout you will do a cardio move followed immediately by a abdominal move. This combination elevates your heart rate during the cardio interval, then allows for a quick recovery during the core exercise.\n\nEach movement will be done for 30 seconds each, allowing you to go at your own pace and take rest breaks if and when you need to, It’s not about how many repetitions you do, it’s about working within your limits and challenging yourself. \n\nJust starting out? Do one three-minute circuit until you’re ready for two. If you’re advanced and have a few extra minutes, you can do this workout twice for a super-challenging 12-minute workout.\n\nHere are the six exercises that you will do for 30 seconds, two times each for a total of six minutes:\n\n1. Mountain Climbers\n2. Plank\n3. Squat Jumps\n4. Standing Ab Crunches\n5. Burpees\n6. Jabs\n\nLooking for similar workouts that work the core? Try this 3 Minute Perfect Plank Workout: https://youtu.be/ynUw0YsrmSg\n\nSubscribe for more workouts and tips: http://goo.gl/sxLYmP\n\nAdditional fitness tips: http://goo.gl/vFWbTL\n\nQuick workouts: http://goo.gl/mj1b0C\n\nhttp://www.Bowflex.com - Find all the fitness solutions you'll ever need to be a healthier you.\n\nhttp://www.Bowflex.com/Blog - Head to the Bowflex Insider blog to read the latest in all things related to fitness and health and find simple ways to start losing weight.\n\nConnect with us and socialize with other Bowflex fans:\nhttp://www.facebook.com/Bowflex\nhttp://twitter.com/Bowflex\nhttp://plus.google.com/+Bowflex\nhttp://pinterest.com/Bowflex",
    "playlistId" : "PLdrkXNWgsJ5pMpoWrx6epg9Wh_bjEK7-h",
    "position" : 0,
    "publishedAt" : "2018-08-31T02:11:54.000Z",
    "resourceId" : {
      "kind" : "youtube#video",
      "videoId" : "hGOYxik3oeE"
    },
    "thumbnails" : {
      "default" : {
        "height" : 90,
        "url" : "https://i.ytimg.com/vi/hGOYxik3oeE/default.jpg",
        "width" : 120
      },
      "high" : {
        "height" : 360,
        "url" : "https://i.ytimg.com/vi/hGOYxik3oeE/hqdefault.jpg",
        "width" : 480
      },
      "maxres" : {
        "height" : 720,
        "url" : "https://i.ytimg.com/vi/hGOYxik3oeE/maxresdefault.jpg",
        "width" : 1280
      },
      "medium" : {
        "height" : 180,
        "url" : "https://i.ytimg.com/vi/hGOYxik3oeE/mqdefault.jpg",
        "width" : 320
      },
      "standard" : {
        "height" : 480,
        "url" : "https://i.ytimg.com/vi/hGOYxik3oeE/sddefault.jpg",
        "width" : 640
      }
    },
    "title" : "The Six Minute HIIT and Abs Workout"
  },
  "status" : {
    "privacyStatus" : "public"
  }
}, {
  "contentDetails" : {
    "videoId" : "flKtc1G05NY",
    "videoPublishedAt" : "2015-04-05T17:43:17.000Z"
  },
  "etag" : "\"XI7nbFXulYBIpL0ayR_gDh3eu1k/ALHbWW_MBwilYsOCiN-FO03lNzg\"",
  "id" : "UExkcmtYTldnc0o1cE1wb1dyeDZlcGc5V2hfYmpFSzctaC4yODlGNEE0NkRGMEEzMEQy",
  "kind" : "youtube#playlistItem",
  "snippet" : {
    "channelId" : "UCxeDEhM41DYX7Tyh1edBc4w",
    "channelTitle" : "Esteban Londoño",
    "description" : "Demostración gráfica del ejercicio BAR COMPLEX muy completo para calentar a tope o incluso para un wod.\n\nBAR COMPLEX\n5 MUSCLE UP\n5 CHESTO TO BAR\n5 PULL UPS KIPPING\n5 TOES TO BAR\n\nTODO SIN BAJARTE DE LA BARRA.",
    "playlistId" : "PLdrkXNWgsJ5pMpoWrx6epg9Wh_bjEK7-h",
    "position" : 1,
    "publishedAt" : "2018-08-31T02:12:03.000Z",
    "resourceId" : {
      "kind" : "youtube#video",
      "videoId" : "flKtc1G05NY"
    },
    "thumbnails" : {
      "default" : {
        "height" : 90,
        "url" : "https://i.ytimg.com/vi/flKtc1G05NY/default.jpg",
        "width" : 120
      },
      "high" : {
        "height" : 360,
        "url" : "https://i.ytimg.com/vi/flKtc1G05NY/hqdefault.jpg",
        "width" : 480
      },
      "maxres" : {
        "height" : 720,
        "url" : "https://i.ytimg.com/vi/flKtc1G05NY/maxresdefault.jpg",
        "width" : 1280
      },
      "medium" : {
        "height" : 180,
        "url" : "https://i.ytimg.com/vi/flKtc1G05NY/mqdefault.jpg",
        "width" : 320
      },
      "standard" : {
        "height" : 480,
        "url" : "https://i.ytimg.com/vi/flKtc1G05NY/sddefault.jpg",
        "width" : 640
      }
    },
    "title" : "Crossfit Bar Complex Elche Commando"
  },
  "status" : {
    "privacyStatus" : "public"
  }
}, {
  "contentDetails" : {
    "videoId" : "mmq5zZfmIws",
    "videoPublishedAt" : "2017-09-13T16:30:02.000Z"
  },
  "etag" : "\"XI7nbFXulYBIpL0ayR_gDh3eu1k/g3bS0l9r6JQzmBGYAOZYBpUbD4A\"",
  "id" : "UExkcmtYTldnc0o1cE1wb1dyeDZlcGc5V2hfYmpFSzctaC4wOTA3OTZBNzVEMTUzOTMy",
  "kind" : "youtube#playlistItem",
  "snippet" : {
    "channelId" : "UCxeDEhM41DYX7Tyh1edBc4w",
    "channelTitle" : "Esteban Londoño",
    "description" : "Download song at: https://tabatasongs.com/7-minute-workout/\n\nInger Houghton demonstrates the entire 7 Minute Workout while listening to \"The 7 Minute Workout\" by Tabata Songs. (Get it on: Spotify, iTunes, Google Play). Just like other Tabata Songs, the music tells the listener when to Start, Stop, and which exercise is next. \n\nWhen we asked our Tabata Songs listeners what other workouts they do that could use some programed music and instruction (a la Tabata Songs), the overwhelming response was... The 7 Minute Workout! Well, you asked for it and we listened! The 7 Minute Workout, a scientifically driven sequence of movements famous by this New York Times article, has gone viral among young professionals with heavy work schedules.\n\nOur listeners' feedback stated that The 7 Minute Workout, just like Tabata, can be difficult without help of a timer and/or instruction. So we made our first 7 Minute Workout Song based off of our most popular Tabata Song (\"Deep Orchestra Tabata\").\n\nThe 7 Minute Workout consists of:\n\n• Jumping jacks\n• Wall sits\n• Push-ups\n• Abdominal crunches\n• Step-ups onto a chair\n• Squats\n• Triceps dips on a chair\n• Planks\n• High knees/running in place\n• Lunges\n• Push-ups and rotations\n• Side plank Left\n• Side plank Right\n\nhttp://www.itunes.com/TabataSongs\nhttp://www.Spotify.com/TabataSongs\nhttp://www.tabatasongs.com\n\nInger Houghton @IngerInDubai\nhttp://www.Instagram.com/IngerinDubai\nhttp://www.shpdubai.com/",
    "playlistId" : "PLdrkXNWgsJ5pMpoWrx6epg9Wh_bjEK7-h",
    "position" : 2,
    "publishedAt" : "2018-08-31T02:12:24.000Z",
    "resourceId" : {
      "kind" : "youtube#video",
      "videoId" : "mmq5zZfmIws"
    },
    "thumbnails" : {
      "default" : {
        "height" : 90,
        "url" : "https://i.ytimg.com/vi/mmq5zZfmIws/default.jpg",
        "width" : 120
      },
      "high" : {
        "height" : 360,
        "url" : "https://i.ytimg.com/vi/mmq5zZfmIws/hqdefault.jpg",
        "width" : 480
      },
      "maxres" : {
        "height" : 720,
        "url" : "https://i.ytimg.com/vi/mmq5zZfmIws/maxresdefault.jpg",
        "width" : 1280
      },
      "medium" : {
        "height" : 180,
        "url" : "https://i.ytimg.com/vi/mmq5zZfmIws/mqdefault.jpg",
        "width" : 320
      },
      "standard" : {
        "height" : 480,
        "url" : "https://i.ytimg.com/vi/mmq5zZfmIws/sddefault.jpg",
        "width" : 640
      }
    },
    "title" : "7 Minute Workout Song (w/timer) | Tabata Songs"
  },
  "status" : {
    "privacyStatus" : "public"
  }
}, {
  "contentDetails" : {
    "videoId" : "Bm2nj2tVAvw",
    "videoPublishedAt" : "2018-03-29T16:43:26.000Z"
  },
  "etag" : "\"XI7nbFXulYBIpL0ayR_gDh3eu1k/E06gQlKgXs_jb4XXs2ptERiySNU\"",
  "id" : "UExkcmtYTldnc0o1cE1wb1dyeDZlcGc5V2hfYmpFSzctaC4xMkVGQjNCMUM1N0RFNEUx",
  "kind" : "youtube#playlistItem",
  "snippet" : {
    "channelId" : "UCxeDEhM41DYX7Tyh1edBc4w",
    "channelTitle" : "Esteban Londoño",
    "description" : "Get this song at: https://goo.gl/gGTwDr\nMore about Awaken Training Series: https://revival-strength.com/ats/\n\nWatch Marcus Filly (6x CrossFit Games Athlete & Founder of Functional Bodybuilding & Revival-Strength) perform this Functional Bodybuilding approach to a Tabata workout while listening to \"Dark Symphony Tabata\".\n\nThis Tabata Workout programmed and performed by Marcus includes alternating sets of Kettlebell Cross Body Walking Lunges & L-Sit Flutter Kicks. The Tabata Protocol consists of eight 20 second intervals, each followed by 10 seconds of rest, for a total of four minutes. \n\nTabataSongs creates music that matches the exact timing of the Tabata Protocol. \n\nMarcus Filly is the founder of Revival-Strength, which helps individuals develop their fitness and get breakthrough results with the Individual Design program. Individuals work with a Revival Strength coach one-on-one to provide a custom training, nutrition, and lifestyle program either remotely or at their facility in San Rafael, CA. \n\nFor more information visit http://www.Revival-Strength.com\nFollow Marcus on instagram: @MarcusFilly\n\nProduced by Tabata Songs\nFilmed by Ghitta Larsen",
    "playlistId" : "PLdrkXNWgsJ5pMpoWrx6epg9Wh_bjEK7-h",
    "position" : 3,
    "publishedAt" : "2018-09-28T10:33:54.000Z",
    "resourceId" : {
      "kind" : "youtube#video",
      "videoId" : "Bm2nj2tVAvw"
    },
    "thumbnails" : {
      "default" : {
        "height" : 90,
        "url" : "https://i.ytimg.com/vi/Bm2nj2tVAvw/default.jpg",
        "width" : 120
      },
      "high" : {
        "height" : 360,
        "url" : "https://i.ytimg.com/vi/Bm2nj2tVAvw/hqdefault.jpg",
        "width" : 480
      },
      "maxres" : {
        "height" : 720,
        "url" : "https://i.ytimg.com/vi/Bm2nj2tVAvw/maxresdefault.jpg",
        "width" : 1280
      },
      "medium" : {
        "height" : 180,
        "url" : "https://i.ytimg.com/vi/Bm2nj2tVAvw/mqdefault.jpg",
        "width" : 320
      },
      "standard" : {
        "height" : 480,
        "url" : "https://i.ytimg.com/vi/Bm2nj2tVAvw/sddefault.jpg",
        "width" : 640
      }
    },
    "title" : "Functional Bodybuilding Tabata w/ Marcus Filly"
  },
  "status" : {
    "privacyStatus" : "public"
  }
}, {
  "contentDetails" : {
    "videoId" : "3aWeFsczEso",
    "videoPublishedAt" : "2018-09-20T18:54:42.000Z"
  },
  "etag" : "\"XI7nbFXulYBIpL0ayR_gDh3eu1k/jPvKXIo51w7I6DWDH7xlQCWxMNo\"",
  "id" : "UExkcmtYTldnc0o1cE1wb1dyeDZlcGc5V2hfYmpFSzctaC41MzJCQjBCNDIyRkJDN0VD",
  "kind" : "youtube#playlistItem",
  "snippet" : {
    "channelId" : "UCxeDEhM41DYX7Tyh1edBc4w",
    "channelTitle" : "Esteban Londoño",
    "description" : "Song: \"Hey Ya! (Tabata)\" \nGet the Tabata Songs App: https://goo.gl/xhVxrc \nGet this song on Spotify: https://goo.gl/XFXsZY\nGet this song on iTunes: https://goo.gl/wDEU2P\nGet this song on Apple Music: https://goo.gl/zGmBuH\n\nInger Houghton demonstrates Tabata Bottom-to-Bottom Squats! What makes \"bottom-to-bottom\" different than regular Tabata Squats? ...you rest at the bottom of the squat!\n\n\"Hey Ya! (Tabata)\" by Tabata Songs features J. Aaron Boykin on lead vocals. \nhttp://www.itunes.com/TabataSongs\nhttp://www.Spotify.com/TabataSongs\nhttp://www.tabatasongs.com\n\nInger Houghton @IngerInDubai\nhttp://www.Instagram.com/IngerinDubai\nhttp://www.shpdubai.com/\n\nTabataSongs creates music that matches the exact timing of the Tabata Protocol. \n\nWhat is the Tabata Protocol? 20 Seconds of sprint/work, 10 second rest, for 4 straight minutes. Tabata music lets you focus on your workout, rather than think about having to look at your watch or a timer.\n\nTabata Training began in the mid 1990's. Japanese fitness researcher Dr Izumi Tabata created a HIIT (high intensity interval training) workout, using this very method. Dr Tabata proved the tabata method to draw heavily from both the aerobic and anaerobic systems, unlike most conventional workouts, which tend heavily favor one or the other. \n\nThe Tabata Interval has gained a lot of recognition throughout the Crossfit community, running community, and health clubs across the globe, for its versatility, adaptability, and positive results. \n\nThe Tabata Interval Method has proven to maximize VO2 max, while also building endurance, burning fat, and retaining muscle. Though the Tabata was not designed as a fat loss or weight loss program, it has gained a lot of recent attention in response to tabatas ability to speed up the metabolism and burn fat.",
    "playlistId" : "PLdrkXNWgsJ5pMpoWrx6epg9Wh_bjEK7-h",
    "position" : 4,
    "publishedAt" : "2018-09-28T10:34:06.000Z",
    "resourceId" : {
      "kind" : "youtube#video",
      "videoId" : "3aWeFsczEso"
    },
    "thumbnails" : {
      "default" : {
        "height" : 90,
        "url" : "https://i.ytimg.com/vi/3aWeFsczEso/default.jpg",
        "width" : 120
      },
      "high" : {
        "height" : 360,
        "url" : "https://i.ytimg.com/vi/3aWeFsczEso/hqdefault.jpg",
        "width" : 480
      },
      "maxres" : {
        "height" : 720,
        "url" : "https://i.ytimg.com/vi/3aWeFsczEso/maxresdefault.jpg",
        "width" : 1280
      },
      "medium" : {
        "height" : 180,
        "url" : "https://i.ytimg.com/vi/3aWeFsczEso/mqdefault.jpg",
        "width" : 320
      },
      "standard" : {
        "height" : 480,
        "url" : "https://i.ytimg.com/vi/3aWeFsczEso/sddefault.jpg",
        "width" : 640
      }
    },
    "title" : "Tabata Bottom to Bottom Air Squats (w/ Inger Houghton)"
  },
  "status" : {
    "privacyStatus" : "public"
  }
}, {
  "contentDetails" : {
    "videoId" : "pT_i1PBkoH4",
    "videoPublishedAt" : "2018-05-30T17:00:07.000Z"
  },
  "etag" : "\"XI7nbFXulYBIpL0ayR_gDh3eu1k/lhpmlDMmMv-5Prs0K_MA_4HyTa0\"",
  "id" : "UExkcmtYTldnc0o1cE1wb1dyeDZlcGc5V2hfYmpFSzctaC5DQUNERDQ2NkIzRUQxNTY1",
  "kind" : "youtube#playlistItem",
  "snippet" : {
    "channelId" : "UCxeDEhM41DYX7Tyh1edBc4w",
    "channelTitle" : "Esteban Londoño",
    "description" : "Song: \"Rocky (Tabata Mix)\" by Tabata Songs\nGet Tabata Songs: https://TabataSongs.com\n\n3x Guinness World Record Pull-Up Title Holder Adam Sandel takes the Tabata Pull-up Challenge, performing as many strict pull-ups as possible over the course of a 4 minute tabata (20 seconds on, 10 seconds off, for 4 minutes).\n\nAdam Sandel is a bodyweight athlete and philosopher from Boston, Massachusetts, who trains to set records in pull-ups.  \n\nSandel holds 3 Guinness World Records:\n-Most Pull-ups in One Minute (55 reps)\n-Most Pull-ups in One Minute w/ 40lbs (32 reps)\n-Most Pull-ups in One Minute w/ 80 lbs (18 reps)\n\nFilmed at CrossFit Marblehead in Marblehead, MA\nhttp://www.crossfitmarblehead.com/\n\nAdam Sandel\nhttp://AdamSandel.com \n@Professor.Pullups",
    "playlistId" : "PLdrkXNWgsJ5pMpoWrx6epg9Wh_bjEK7-h",
    "position" : 5,
    "publishedAt" : "2018-09-28T10:34:29.000Z",
    "resourceId" : {
      "kind" : "youtube#video",
      "videoId" : "pT_i1PBkoH4"
    },
    "thumbnails" : {
      "default" : {
        "height" : 90,
        "url" : "https://i.ytimg.com/vi/pT_i1PBkoH4/default.jpg",
        "width" : 120
      },
      "high" : {
        "height" : 360,
        "url" : "https://i.ytimg.com/vi/pT_i1PBkoH4/hqdefault.jpg",
        "width" : 480
      },
      "maxres" : {
        "height" : 720,
        "url" : "https://i.ytimg.com/vi/pT_i1PBkoH4/maxresdefault.jpg",
        "width" : 1280
      },
      "medium" : {
        "height" : 180,
        "url" : "https://i.ytimg.com/vi/pT_i1PBkoH4/mqdefault.jpg",
        "width" : 320
      },
      "standard" : {
        "height" : 480,
        "url" : "https://i.ytimg.com/vi/pT_i1PBkoH4/sddefault.jpg",
        "width" : 640
      }
    },
    "title" : "Tabata Pull-ups- w/Pull-up World Record Holder Adam Sandel"
  },
  "status" : {
    "privacyStatus" : "public"
  }
}, {
  "contentDetails" : {
    "videoId" : "3HvlVkCYXqY",
    "videoPublishedAt" : "2018-02-21T15:41:41.000Z"
  },
  "etag" : "\"XI7nbFXulYBIpL0ayR_gDh3eu1k/JFrA_g0A8sFM3rDtp6NDRriU9Eo\"",
  "id" : "UExkcmtYTldnc0o1cE1wb1dyeDZlcGc5V2hfYmpFSzctaC45NDk1REZENzhEMzU5MDQz",
  "kind" : "youtube#playlistItem",
  "snippet" : {
    "channelId" : "UCxeDEhM41DYX7Tyh1edBc4w",
    "channelTitle" : "Esteban Londoño",
    "description" : "Song: \"Tabata WOD\" by Tabata Songs\nGet Tabata Songs: http://www.TabataSongs.com\nhttp://www.Spotify.com/TabataSongs\n\nGuinness World Record Pull-Up Title Holder Adam Sandel takes his first attempt at The Tabata Gravity Challenge. \n\nWhat is the Tabata Gravity Challenge?\n\n20 Seconds Strict Pullups\n10 Seconds Rest\n20 Seconds Pushups\n10 Seconds Rest\nx4 (Total of Four Minutes)\n\nScore = Total Reps\n\nWatch Adam's first attempt here. Can you beat his score of 128?\n\nRequirements: \nPull Ups- must be Strict Pull Ups (No Kipping or Butterfly Pull-ups)\nPush Ups- Arms must extend straight at top position, must break a 90 degree right angle at bottom position. Post your #GravityChallenge videos!\n\nAdam Sandel is a bodyweight athlete and philosopher from Boston, Massachusetts, who trains to set records in pull-ups.  Since 2015, he has set three Guinness World Records, including Most Pull-Ups in One Minute at 51 (December, 2016)- SEE VIDEO.\n\nFilmed at CrossFit Coolidge Corner in Brookeline, MA\nhttp://www.crossfitcoolidgecorner.com/",
    "playlistId" : "PLdrkXNWgsJ5pMpoWrx6epg9Wh_bjEK7-h",
    "position" : 6,
    "publishedAt" : "2018-09-28T10:34:55.000Z",
    "resourceId" : {
      "kind" : "youtube#video",
      "videoId" : "3HvlVkCYXqY"
    },
    "thumbnails" : {
      "default" : {
        "height" : 90,
        "url" : "https://i.ytimg.com/vi/3HvlVkCYXqY/default.jpg",
        "width" : 120
      },
      "high" : {
        "height" : 360,
        "url" : "https://i.ytimg.com/vi/3HvlVkCYXqY/hqdefault.jpg",
        "width" : 480
      },
      "maxres" : {
        "height" : 720,
        "url" : "https://i.ytimg.com/vi/3HvlVkCYXqY/maxresdefault.jpg",
        "width" : 1280
      },
      "medium" : {
        "height" : 180,
        "url" : "https://i.ytimg.com/vi/3HvlVkCYXqY/mqdefault.jpg",
        "width" : 320
      },
      "standard" : {
        "height" : 480,
        "url" : "https://i.ytimg.com/vi/3HvlVkCYXqY/sddefault.jpg",
        "width" : 640
      }
    },
    "title" : "Tabata Gravity Challenge: Pull-Ups / Push-Ups with Adam Sandel (Pull-Up World Record Title Holder)"
  },
  "status" : {
    "privacyStatus" : "public"
  }
}, {
  "contentDetails" : {
    "videoId" : "eXiaoTyyGBM",
    "videoPublishedAt" : "2017-08-05T03:27:50.000Z"
  },
  "etag" : "\"XI7nbFXulYBIpL0ayR_gDh3eu1k/VxSZdZLN0ackKMbBaVMb3NNGEDw\"",
  "id" : "UExkcmtYTldnc0o1cE1wb1dyeDZlcGc5V2hfYmpFSzctaC5GNjNDRDREMDQxOThCMDQ2",
  "kind" : "youtube#playlistItem",
  "snippet" : {
    "channelId" : "UCxeDEhM41DYX7Tyh1edBc4w",
    "channelTitle" : "Esteban Londoño",
    "description" : "Get this jump rope: https://tinyurl.com/CROSSROPEbolt\nhttp://www.TabataSongs.com\n\nHow many double-unders can YOU get in a Tabata? \nPost in comments below...\n\nCROSSROPE founder Dave Hunt going all-out to see how many Triple Unders he can accomplish. \n\nDave uses the Crossrope Bolt Set rope system for this video. \n\nFilmed at CrossFit Felix- Seattle, WA\nhttp://www.CrossFitFelix.com\n\nFilmed by Connor Limbocker\n\nTabata Songs:\nhttp://www.TabataSongs.com",
    "playlistId" : "PLdrkXNWgsJ5pMpoWrx6epg9Wh_bjEK7-h",
    "position" : 7,
    "publishedAt" : "2018-09-28T10:35:12.000Z",
    "resourceId" : {
      "kind" : "youtube#video",
      "videoId" : "eXiaoTyyGBM"
    },
    "thumbnails" : {
      "default" : {
        "height" : 90,
        "url" : "https://i.ytimg.com/vi/eXiaoTyyGBM/default.jpg",
        "width" : 120
      },
      "high" : {
        "height" : 360,
        "url" : "https://i.ytimg.com/vi/eXiaoTyyGBM/hqdefault.jpg",
        "width" : 480
      },
      "maxres" : {
        "height" : 720,
        "url" : "https://i.ytimg.com/vi/eXiaoTyyGBM/maxresdefault.jpg",
        "width" : 1280
      },
      "medium" : {
        "height" : 180,
        "url" : "https://i.ytimg.com/vi/eXiaoTyyGBM/mqdefault.jpg",
        "width" : 320
      },
      "standard" : {
        "height" : 480,
        "url" : "https://i.ytimg.com/vi/eXiaoTyyGBM/sddefault.jpg",
        "width" : 640
      }
    },
    "title" : "100+ Triple Unders (Unbroken) | Tabata Songs | Crossrope"
  },
  "status" : {
    "privacyStatus" : "public"
  }
} ]