[ {
  "contentDetails" : {
    "videoId" : "BXcFEhl7ynM",
    "videoPublishedAt" : "2017-09-13T16:03:58.000Z"
  },
  "etag" : "\"XI7nbFXulYBIpL0ayR_gDh3eu1k/9xPaeGn15YKuZFa_cJPOIkThMHE\"",
  "id" : "UExkcmtYTldnc0o1cGEwaXZYMWtNWE1kSmlUcHlhTHJHNy41NkI0NEY2RDEwNTU3Q0M2",
  "kind" : "youtube#playlistItem",
  "snippet" : {
    "channelId" : "UCxeDEhM41DYX7Tyh1edBc4w",
    "channelTitle" : "Esteban Londoño",
    "description" : "Meet Todai Robot, an AI project that performed in the top 20 percent of students on the entrance exam for the University of Tokyo -- without actually understanding a thing. While it's not matriculating anytime soon, Todai Robot's success raises alarming questions for the future of human education. How can we help kids learn the things that humans can do better than AI?\nThe TED Talks channel features the best talks and performances from the TED Conference, where the world's leading thinkers and doers give the talk of their lives in 18 minutes (or less). Look for talks on Technology, Entertainment and Design -- plus science, business, global issues, the arts and more.\n\nFollow TED on Twitter: http://www.twitter.com/TEDTalks\nLike TED on Facebook: https://www.facebook.com/TED\n\nSubscribe to our channel: https://www.youtube.com/TED",
    "playlistId" : "PLdrkXNWgsJ5pa0ivX1kMXMdJiTpyaLrG7",
    "position" : 0,
    "publishedAt" : "2018-10-21T16:20:14.000Z",
    "resourceId" : {
      "kind" : "youtube#video",
      "videoId" : "BXcFEhl7ynM"
    },
    "thumbnails" : {
      "default" : {
        "height" : 90,
        "url" : "https://i.ytimg.com/vi/BXcFEhl7ynM/default.jpg",
        "width" : 120
      },
      "high" : {
        "height" : 360,
        "url" : "https://i.ytimg.com/vi/BXcFEhl7ynM/hqdefault.jpg",
        "width" : 480
      },
      "maxres" : {
        "height" : 720,
        "url" : "https://i.ytimg.com/vi/BXcFEhl7ynM/maxresdefault.jpg",
        "width" : 1280
      },
      "medium" : {
        "height" : 180,
        "url" : "https://i.ytimg.com/vi/BXcFEhl7ynM/mqdefault.jpg",
        "width" : 320
      },
      "standard" : {
        "height" : 480,
        "url" : "https://i.ytimg.com/vi/BXcFEhl7ynM/sddefault.jpg",
        "width" : 640
      }
    },
    "title" : "Can a robot pass a university entrance exam? | Noriko Arai"
  },
  "status" : {
    "privacyStatus" : "public"
  }
}, {
  "contentDetails" : {
    "videoId" : "aR5N2Jl8k14",
    "videoPublishedAt" : "2017-02-28T22:46:41.000Z"
  },
  "etag" : "\"XI7nbFXulYBIpL0ayR_gDh3eu1k/_-EH8-umkSVCiGib-7igh59Fs6E\"",
  "id" : "UExkcmtYTldnc0o1cGEwaXZYMWtNWE1kSmlUcHlhTHJHNy4yODlGNEE0NkRGMEEzMEQy",
  "kind" : "youtube#playlistItem",
  "snippet" : {
    "channelId" : "UCxeDEhM41DYX7Tyh1edBc4w",
    "channelTitle" : "Esteban Londoño",
    "description" : "What do you get when you give a design tool a digital nervous system? Computers that improve our ability to think and imagine, and robotic systems that come up with (and build) radical new designs for bridges, cars, drones and much more -- all by themselves. Take a tour of the Augmented Age with futurist Maurice Conti and preview a time when robots and humans will work side-by-side to accomplish things neither could do alone.\n\nTEDTalks is a daily video podcast of the best talks and performances from the TED Conference, where the world's leading thinkers and doers give the talk of their lives in 18 minutes (or less). Look for talks on Technology, Entertainment and Design -- plus science, business, global issues, the arts and much more.\nFind closed captions and translated subtitles in many languages at http://www.ted.com/translate\n\nFollow TED news on Twitter: http://www.twitter.com/tednews\nLike TED on Facebook: https://www.facebook.com/TED\n\nSubscribe to our channel: http://www.youtube.com/user/TEDtalksDirector",
    "playlistId" : "PLdrkXNWgsJ5pa0ivX1kMXMdJiTpyaLrG7",
    "position" : 1,
    "publishedAt" : "2018-10-21T17:02:26.000Z",
    "resourceId" : {
      "kind" : "youtube#video",
      "videoId" : "aR5N2Jl8k14"
    },
    "thumbnails" : {
      "default" : {
        "height" : 90,
        "url" : "https://i.ytimg.com/vi/aR5N2Jl8k14/default.jpg",
        "width" : 120
      },
      "high" : {
        "height" : 360,
        "url" : "https://i.ytimg.com/vi/aR5N2Jl8k14/hqdefault.jpg",
        "width" : 480
      },
      "maxres" : {
        "height" : 720,
        "url" : "https://i.ytimg.com/vi/aR5N2Jl8k14/maxresdefault.jpg",
        "width" : 1280
      },
      "medium" : {
        "height" : 180,
        "url" : "https://i.ytimg.com/vi/aR5N2Jl8k14/mqdefault.jpg",
        "width" : 320
      },
      "standard" : {
        "height" : 480,
        "url" : "https://i.ytimg.com/vi/aR5N2Jl8k14/sddefault.jpg",
        "width" : 640
      }
    },
    "title" : "The incredible inventions of intuitive AI | Maurice Conti"
  },
  "status" : {
    "privacyStatus" : "public"
  }
}, {
  "contentDetails" : {
    "videoId" : "s0E_qoFpDMM",
    "videoPublishedAt" : "2017-11-29T17:00:05.000Z"
  },
  "etag" : "\"XI7nbFXulYBIpL0ayR_gDh3eu1k/-nljMmGck_UidoSzbIcbk1eKTak\"",
  "id" : "UExkcmtYTldnc0o1cGEwaXZYMWtNWE1kSmlUcHlhTHJHNy41MjE1MkI0OTQ2QzJGNzNG",
  "kind" : "youtube#playlistItem",
  "snippet" : {
    "channelId" : "UCxeDEhM41DYX7Tyh1edBc4w",
    "channelTitle" : "Esteban Londoño",
    "description" : "A pesar de contar con pocos medios materiales, con objetos sencillos lograron unir belleza y Física: El péndulo de Foucault, la balanza de torsión… Estos son los 9 experimentos más bellos de la historia.  \n\nPatrocinado por Universitat Politècnica de València UPV (http://www.upv.es)\n\n¡Suscríbete al canal!\n\nSigue a Javier Santaolalla:\nhttps://www.youtube.com/channel/UCQX_MZRCaluNKxkywkLEgfA/videos\nhttp://twitter.com/jasantaolalla\nhttp://instagram.com/jasantaolalla/ \n\nSíguenos en Facebook:\nhttp://www.facebook.com/Date-un-Voltio-343219849200135/",
    "playlistId" : "PLdrkXNWgsJ5pa0ivX1kMXMdJiTpyaLrG7",
    "position" : 2,
    "publishedAt" : "2018-10-22T13:06:16.000Z",
    "resourceId" : {
      "kind" : "youtube#video",
      "videoId" : "s0E_qoFpDMM"
    },
    "thumbnails" : {
      "default" : {
        "height" : 90,
        "url" : "https://i.ytimg.com/vi/s0E_qoFpDMM/default.jpg",
        "width" : 120
      },
      "high" : {
        "height" : 360,
        "url" : "https://i.ytimg.com/vi/s0E_qoFpDMM/hqdefault.jpg",
        "width" : 480
      },
      "maxres" : {
        "height" : 720,
        "url" : "https://i.ytimg.com/vi/s0E_qoFpDMM/maxresdefault.jpg",
        "width" : 1280
      },
      "medium" : {
        "height" : 180,
        "url" : "https://i.ytimg.com/vi/s0E_qoFpDMM/mqdefault.jpg",
        "width" : 320
      },
      "standard" : {
        "height" : 480,
        "url" : "https://i.ytimg.com/vi/s0E_qoFpDMM/sddefault.jpg",
        "width" : 640
      }
    },
    "title" : "Los experimentos más bellos de la historia"
  },
  "status" : {
    "privacyStatus" : "public"
  }
}, {
  "contentDetails" : {
    "videoId" : "U4-DmT12D9E",
    "videoPublishedAt" : "2015-07-21T10:16:41.000Z"
  },
  "etag" : "\"XI7nbFXulYBIpL0ayR_gDh3eu1k/jJ2XFfWkj5wmvHb0-npnr1WoF1g\"",
  "id" : "UExkcmtYTldnc0o1cGEwaXZYMWtNWE1kSmlUcHlhTHJHNy4wOTA3OTZBNzVEMTUzOTMy",
  "kind" : "youtube#playlistItem",
  "snippet" : {
    "channelId" : "UCxeDEhM41DYX7Tyh1edBc4w",
    "channelTitle" : "Esteban Londoño",
    "description" : "¿Qué es la luz? ¿Es una onda o es una partícula? Vamos a hablar de la dualidad onda-partícula. ¡Suscríbete a “Date un voltio”!\n\nSigue a Javier Santaolalla:\nhttp://twitter.com/jasantaolalla",
    "playlistId" : "PLdrkXNWgsJ5pa0ivX1kMXMdJiTpyaLrG7",
    "position" : 3,
    "publishedAt" : "2018-10-22T13:07:07.000Z",
    "resourceId" : {
      "kind" : "youtube#video",
      "videoId" : "U4-DmT12D9E"
    },
    "thumbnails" : {
      "default" : {
        "height" : 90,
        "url" : "https://i.ytimg.com/vi/U4-DmT12D9E/default.jpg",
        "width" : 120
      },
      "high" : {
        "height" : 360,
        "url" : "https://i.ytimg.com/vi/U4-DmT12D9E/hqdefault.jpg",
        "width" : 480
      },
      "maxres" : {
        "height" : 720,
        "url" : "https://i.ytimg.com/vi/U4-DmT12D9E/maxresdefault.jpg",
        "width" : 1280
      },
      "medium" : {
        "height" : 180,
        "url" : "https://i.ytimg.com/vi/U4-DmT12D9E/mqdefault.jpg",
        "width" : 320
      },
      "standard" : {
        "height" : 480,
        "url" : "https://i.ytimg.com/vi/U4-DmT12D9E/sddefault.jpg",
        "width" : 640
      }
    },
    "title" : "¿La luz es una partícula o una onda?"
  },
  "status" : {
    "privacyStatus" : "public"
  }
}, {
  "contentDetails" : {
    "videoId" : "Y9ScxCemsPM",
    "videoPublishedAt" : "2017-05-18T16:04:17.000Z"
  },
  "etag" : "\"XI7nbFXulYBIpL0ayR_gDh3eu1k/6XaOStK6enxiJK75guOzclqF608\"",
  "id" : "UExkcmtYTldnc0o1cGEwaXZYMWtNWE1kSmlUcHlhTHJHNy4xMkVGQjNCMUM1N0RFNEUx",
  "kind" : "youtube#playlistItem",
  "snippet" : {
    "channelId" : "UCxeDEhM41DYX7Tyh1edBc4w",
    "channelTitle" : "Esteban Londoño",
    "description" : "Si hay un experimento que revela lo extraño que es el mundo... Es el Experimento de la Doble Rendija. ¿Preparado para conocer la naturaleza cuántica de la realidad?\n\nNo te pierdas ningún video: solo tienes que... SUSCRIBIRTE, ¡es GRATIS!: https://www.youtube.com/user/QuantumFracture?sub_confirmation=1\n¡Sígueme en TWITTER! https://twitter.com/QuantumFracture\n¡Y también en FACEBOOK! https://www.facebook.com/QuantumFracture\n¡Y (si, como no) también en INSTAGRAM! https://instagram.com/quantumfracture/\n\nPor si queréis aprender más sobre este experimento de la mano de Richard Feynman:\nhttp://www.feynmanlectures.caltech.edu/III_01.html\n\nLos físicos que aquí aparecen los he escogido de manera arbitraria. Realmente la mecánica cuántica fue construida por muchísimos grandes científicos. Bien podrían haber salido gente como: Max Planck, Niels Bohr, Werner Heisenberg, Louis de Broglie, Arthur Compton, Albert Einstein, Erwin Schrödinger, Max Born, John von Neumann, Paul Dirac, Enrico Fermi, Wolfgang Pauli, Max von Laue, Freeman Dyson, David Hilbert, Wilhelm Wien, Satyendra Nath Bose, Arnold Sommerfeld, Álvaro Ojeda...\n\nUn pequeño detalle: en la realidad si ejecutas el experimento y haces el juego de separar las cajas, cuando las alejas, las concentracion no se alejas; se juntan. Y al contrario, si juntas las cajas, las concentraciones se alejan. Es algo contra intuitivo, pero está bien explicado cuando estudias la interferencia que se produce. Podéis ver los número aquí:\nhttps://en.wikipedia.org/wiki/Double-slit_experiment#Classical_wave-optics_formulation\n\nMÁS vídeos:\n\nHablando sobre la Masa Negativa:\nhttps://youtu.be/7UBfKerPwPI\n\nTierra Plana vs Tierra Esférica: La Batalla Definitiva\nhttps://youtu.be/iVNt1NuU0hE\n\nLas animaciones aquí mostradas no pretenden ser precisas, sino mostrar aspectos cualitativos. Tienen propósitos educativos.\n\n\nREFERENCIAS\n\nSable\nCrédito: Municipal Archives of Trondheim, FLickr.com\nhttps://www.flickr.com/photos/trondheim_byarkiv/2836554439/\n\nSet Up Experimental (dramatización)\nCrédito: Axel Griech, Max Planck.\nhttps://phys.org/news/2015-04-rydberg-atoms-magnetic-crystals-optical.html\n\nRuedecita\nCrédito: textures.com\nhttp://www.textures.com/download/buttons0030/7218\n\nMaquina del Azar\nCrŽdito: textures.com\nhttps://www.textures.com/download/buttons0001/7187?q=machine\n\nDivider de Chris Zabriskie está sujeta a una licencia de Creative Commons Attribution (https://creativecommons.org/licenses/by/4.0/)\nFuente: http://chriszabriskie.com/divider/\nArtista: http://chriszabriskie.com/\n\nPitido Campana\nCrédito: guestbug, freesound.org\nhttps://www.freesound.org/people/guestbug/sounds/386849/\n\nCampana Clin\nHand Bells, D, Single.wav\nCC BY 3.0\nCrédito: InspectorJ, freesound.org\nhttps://www.freesound.org/people/InspectorJ/sounds/339813/\n\nTono Seleccionar\nGame Sound Selection.wav\nCC BY 3.0\nCrédito: Bertrof, freesound.org\nhttps://www.freesound.org/people/Bertrof/sounds/131658/\n\nFuego\nCrédito: juskiddink, freesoound.org\nhttps://www.freesound.org/people/juskiddink/sounds/65795/\n\nTono Ping\nPing!\nCC BY 3.0\nCrédito: unfa, freesound.org\nhttp://www.freesound.org/people/unfa/sounds/215415/",
    "playlistId" : "PLdrkXNWgsJ5pa0ivX1kMXMdJiTpyaLrG7",
    "position" : 4,
    "publishedAt" : "2018-10-22T13:07:35.000Z",
    "resourceId" : {
      "kind" : "youtube#video",
      "videoId" : "Y9ScxCemsPM"
    },
    "thumbnails" : {
      "default" : {
        "height" : 90,
        "url" : "https://i.ytimg.com/vi/Y9ScxCemsPM/default.jpg",
        "width" : 120
      },
      "high" : {
        "height" : 360,
        "url" : "https://i.ytimg.com/vi/Y9ScxCemsPM/hqdefault.jpg",
        "width" : 480
      },
      "maxres" : {
        "height" : 720,
        "url" : "https://i.ytimg.com/vi/Y9ScxCemsPM/maxresdefault.jpg",
        "width" : 1280
      },
      "medium" : {
        "height" : 180,
        "url" : "https://i.ytimg.com/vi/Y9ScxCemsPM/mqdefault.jpg",
        "width" : 320
      },
      "standard" : {
        "height" : 480,
        "url" : "https://i.ytimg.com/vi/Y9ScxCemsPM/sddefault.jpg",
        "width" : 640
      }
    },
    "title" : "Este Experimento te Dejará LOCO | La Doble Rendija"
  },
  "status" : {
    "privacyStatus" : "public"
  }
}, {
  "contentDetails" : {
    "videoId" : "zOX-gbH7J64",
    "videoPublishedAt" : "2016-12-06T15:00:03.000Z"
  },
  "etag" : "\"XI7nbFXulYBIpL0ayR_gDh3eu1k/8jtBIxPChRvvXJnveq2_RQj18Tk\"",
  "id" : "UExkcmtYTldnc0o1cGEwaXZYMWtNWE1kSmlUcHlhTHJHNy41MzJCQjBCNDIyRkJDN0VD",
  "kind" : "youtube#playlistItem",
  "snippet" : {
    "channelId" : "UCxeDEhM41DYX7Tyh1edBc4w",
    "channelTitle" : "Esteban Londoño",
    "description" : "La mecánica cuántica es una de las teorías de la física con más paradojas e incógnitas. ¿Sabes cuáles son las diferentes interpretaciones que se han hecho de ella? \n\n¡Suscríbete al canal!\n\nSigue a Javier Santaolalla:\nhttps://www.youtube.com/channel/UCQX_MZRCaluNKxkywkLEgfA/videos\nhttp://twitter.com/jasantaolalla\nhttp://instagram.com/jasantaolalla/ \n\nSíguenos en Facebook:\nhttp://www.facebook.com/Date-un-Voltio-343219849200135/",
    "playlistId" : "PLdrkXNWgsJ5pa0ivX1kMXMdJiTpyaLrG7",
    "position" : 5,
    "publishedAt" : "2018-10-22T13:18:01.000Z",
    "resourceId" : {
      "kind" : "youtube#video",
      "videoId" : "zOX-gbH7J64"
    },
    "thumbnails" : {
      "default" : {
        "height" : 90,
        "url" : "https://i.ytimg.com/vi/zOX-gbH7J64/default.jpg",
        "width" : 120
      },
      "high" : {
        "height" : 360,
        "url" : "https://i.ytimg.com/vi/zOX-gbH7J64/hqdefault.jpg",
        "width" : 480
      },
      "maxres" : {
        "height" : 720,
        "url" : "https://i.ytimg.com/vi/zOX-gbH7J64/maxresdefault.jpg",
        "width" : 1280
      },
      "medium" : {
        "height" : 180,
        "url" : "https://i.ytimg.com/vi/zOX-gbH7J64/mqdefault.jpg",
        "width" : 320
      },
      "standard" : {
        "height" : 480,
        "url" : "https://i.ytimg.com/vi/zOX-gbH7J64/sddefault.jpg",
        "width" : 640
      }
    },
    "title" : "¿Qué es la mecánica cuántica?"
  },
  "status" : {
    "privacyStatus" : "public"
  }
}, {
  "contentDetails" : {
    "videoId" : "uhy030WnpJ4",
    "videoPublishedAt" : "2018-10-24T11:53:12.000Z"
  },
  "etag" : "\"XI7nbFXulYBIpL0ayR_gDh3eu1k/JHSI-nJpOoaq1xyvRZpgE9Xmh5w\"",
  "id" : "UExkcmtYTldnc0o1cGEwaXZYMWtNWE1kSmlUcHlhTHJHNy5DQUNERDQ2NkIzRUQxNTY1",
  "kind" : "youtube#playlistItem",
  "snippet" : {
    "channelId" : "UCxeDEhM41DYX7Tyh1edBc4w",
    "channelTitle" : "Esteban Londoño",
    "description" : "(English and Portuguese subtitles available)\nhttps://www.ejuniper.com/ Jaime Sastre, CEO and founder of Juniper, explains the internationalization process of Juniper, focusing on the case of Brazil, a market that has been conquered thanks to building trust.\n\nThe global expansion of Juniper is a model of how a company manages to penetrate the main emerging markets, thanks to its ability to adapt to local cultures, conditions and game rules in these countries. \n\nSastre deeply addresses key points of Juniper's globalization process and how the Company has been designed to expand internationally since its inception, having the American market as the first stop on the way. He also identifies the individual values to succeed in the business world and explains what living with fear means to make better decisions.",
    "playlistId" : "PLdrkXNWgsJ5pa0ivX1kMXMdJiTpyaLrG7",
    "position" : 6,
    "publishedAt" : "2018-10-25T11:22:10.000Z",
    "resourceId" : {
      "kind" : "youtube#video",
      "videoId" : "uhy030WnpJ4"
    },
    "thumbnails" : {
      "default" : {
        "height" : 90,
        "url" : "https://i.ytimg.com/vi/uhy030WnpJ4/default.jpg",
        "width" : 120
      },
      "high" : {
        "height" : 360,
        "url" : "https://i.ytimg.com/vi/uhy030WnpJ4/hqdefault.jpg",
        "width" : 480
      },
      "medium" : {
        "height" : 180,
        "url" : "https://i.ytimg.com/vi/uhy030WnpJ4/mqdefault.jpg",
        "width" : 320
      }
    },
    "title" : "Key points of Juniper’s Global Expansion - interview with Jaime Sastre (subtitles)"
  },
  "status" : {
    "privacyStatus" : "public"
  }
}, {
  "contentDetails" : {
    "videoId" : "u21W_tfPVrY",
    "videoPublishedAt" : "2018-06-07T18:31:44.000Z"
  },
  "etag" : "\"XI7nbFXulYBIpL0ayR_gDh3eu1k/BHAmKxhqM70wTwCQkuwnCea7vWo\"",
  "id" : "UExkcmtYTldnc0o1cGEwaXZYMWtNWE1kSmlUcHlhTHJHNy45NDk1REZENzhEMzU5MDQz",
  "kind" : "youtube#playlistItem",
  "snippet" : {
    "channelId" : "UCxeDEhM41DYX7Tyh1edBc4w",
    "channelTitle" : "Esteban Londoño",
    "description" : "Learn how to use Visual Studio Code like a pro with my top-ten strategies for developer productivity and happiness. https://angularfirebase.com/lessons/top-10-vscode-pro-tips/\n\n- Get VS Code https://code.visualstudio.com/",
    "playlistId" : "PLdrkXNWgsJ5pa0ivX1kMXMdJiTpyaLrG7",
    "position" : 7,
    "publishedAt" : "2018-10-30T03:11:39.000Z",
    "resourceId" : {
      "kind" : "youtube#video",
      "videoId" : "u21W_tfPVrY"
    },
    "thumbnails" : {
      "default" : {
        "height" : 90,
        "url" : "https://i.ytimg.com/vi/u21W_tfPVrY/default.jpg",
        "width" : 120
      },
      "high" : {
        "height" : 360,
        "url" : "https://i.ytimg.com/vi/u21W_tfPVrY/hqdefault.jpg",
        "width" : 480
      },
      "maxres" : {
        "height" : 720,
        "url" : "https://i.ytimg.com/vi/u21W_tfPVrY/maxresdefault.jpg",
        "width" : 1280
      },
      "medium" : {
        "height" : 180,
        "url" : "https://i.ytimg.com/vi/u21W_tfPVrY/mqdefault.jpg",
        "width" : 320
      },
      "standard" : {
        "height" : 480,
        "url" : "https://i.ytimg.com/vi/u21W_tfPVrY/sddefault.jpg",
        "width" : 640
      }
    },
    "title" : "VS Code Top-Ten Pro Tips"
  },
  "status" : {
    "privacyStatus" : "public"
  }
}, {
  "contentDetails" : {
    "videoId" : "40riCqvRoMs",
    "videoPublishedAt" : "2015-03-23T15:31:26.000Z"
  },
  "etag" : "\"XI7nbFXulYBIpL0ayR_gDh3eu1k/lcU0juRzfUxw0_JGB2xJfLqTa0s\"",
  "id" : "UExkcmtYTldnc0o1cGEwaXZYMWtNWE1kSmlUcHlhTHJHNy5GNjNDRDREMDQxOThCMDQ2",
  "kind" : "youtube#playlistItem",
  "snippet" : {
    "channelId" : "UCxeDEhM41DYX7Tyh1edBc4w",
    "channelTitle" : "Esteban Londoño",
    "description" : "When a very young child looks at a picture, she can identify simple elements: \"cat,\" \"book,\" \"chair.\" Now, computers are getting smart enough to do that too. What's next? In a thrilling talk, computer vision expert Fei-Fei Li describes the state of the art — including the database of 15 million photos her team built to \"teach\" a computer to understand pictures — and the key insights yet to come.\n\nTEDTalks is a daily video podcast of the best talks and performances from the TED Conference, where the world's leading thinkers and doers give the talk of their lives in 18 minutes (or less). Look for talks on Technology, Entertainment and Design -- plus science, business, global issues, the arts and much more.\nFind closed captions and translated subtitles in many languages at http://www.ted.com/translate\n\nFollow TED news on Twitter: http://www.twitter.com/tednews\nLike TED on Facebook: https://www.facebook.com/TED\n\nSubscribe to our channel: http://www.youtube.com/user/TEDtalksDirector",
    "playlistId" : "PLdrkXNWgsJ5pa0ivX1kMXMdJiTpyaLrG7",
    "position" : 8,
    "publishedAt" : "2018-10-31T01:36:00.000Z",
    "resourceId" : {
      "kind" : "youtube#video",
      "videoId" : "40riCqvRoMs"
    },
    "thumbnails" : {
      "default" : {
        "height" : 90,
        "url" : "https://i.ytimg.com/vi/40riCqvRoMs/default.jpg",
        "width" : 120
      },
      "high" : {
        "height" : 360,
        "url" : "https://i.ytimg.com/vi/40riCqvRoMs/hqdefault.jpg",
        "width" : 480
      },
      "maxres" : {
        "height" : 720,
        "url" : "https://i.ytimg.com/vi/40riCqvRoMs/maxresdefault.jpg",
        "width" : 1280
      },
      "medium" : {
        "height" : 180,
        "url" : "https://i.ytimg.com/vi/40riCqvRoMs/mqdefault.jpg",
        "width" : 320
      },
      "standard" : {
        "height" : 480,
        "url" : "https://i.ytimg.com/vi/40riCqvRoMs/sddefault.jpg",
        "width" : 640
      }
    },
    "title" : "How we teach computers to understand pictures | Fei Fei Li"
  },
  "status" : {
    "privacyStatus" : "public"
  }
} ]