[ {
  "contentDetails" : {
    "videoId" : "WXdAX0No2hM",
    "videoPublishedAt" : "2017-09-22T13:44:21.000Z"
  },
  "etag" : "\"XI7nbFXulYBIpL0ayR_gDh3eu1k/UB2tGYBS8vDJVNGXk85KjqZeGG0\"",
  "id" : "UExkcmtYTldnc0o1ckhFdXpHc2tGNlEzWWJ4elQzMXFOUC41NkI0NEY2RDEwNTU3Q0M2",
  "kind" : "youtube#playlistItem",
  "snippet" : {
    "channelId" : "UCxeDEhM41DYX7Tyh1edBc4w",
    "channelTitle" : "Esteban Londoño",
    "description" : "A simple straight forward video tutorial to help you with your basics of photography.\n\nRegister today:\nhttps://goo.gl/m5wDfy\n\nSubscribe to our online video based photography tutorials and learn in-depth the below core fundamental concepts of photography:\n\n- Subject Knowledge / Natural History of subjects\n- Fundamentals of photography\n- White Balance\n- Exposure Triangle Parameters of ISO, Aperture and Shutter speed\n- Metering and exposure compensation\n- Focusing Modes and Focusing Points\n- Composition\n- Understanding Lighting\n- Low light photography\n- Getting that sharp image with good colours\n- Understanding your equipment and shooting techniques\n- Digital Post Processing\n\nAll the above and a lot more starting at just Rs 4,997/ for 1 year subscription. Around 180+ video based tutorials to watch and learn.",
    "playlistId" : "PLdrkXNWgsJ5rHEuzGskF6Q3YbxzT31qNP",
    "position" : 0,
    "publishedAt" : "2018-11-22T02:18:12.000Z",
    "resourceId" : {
      "kind" : "youtube#video",
      "videoId" : "WXdAX0No2hM"
    },
    "thumbnails" : {
      "default" : {
        "height" : 90,
        "url" : "https://i.ytimg.com/vi/WXdAX0No2hM/default.jpg",
        "width" : 120
      },
      "high" : {
        "height" : 360,
        "url" : "https://i.ytimg.com/vi/WXdAX0No2hM/hqdefault.jpg",
        "width" : 480
      },
      "maxres" : {
        "height" : 720,
        "url" : "https://i.ytimg.com/vi/WXdAX0No2hM/maxresdefault.jpg",
        "width" : 1280
      },
      "medium" : {
        "height" : 180,
        "url" : "https://i.ytimg.com/vi/WXdAX0No2hM/mqdefault.jpg",
        "width" : 320
      },
      "standard" : {
        "height" : 480,
        "url" : "https://i.ytimg.com/vi/WXdAX0No2hM/sddefault.jpg",
        "width" : 640
      }
    },
    "title" : "Be a Better Photographer in 45 mins"
  },
  "status" : {
    "privacyStatus" : "public"
  }
} ]