[ {
  "contentDetails" : {
    "videoId" : "3VXjqzlF7gc",
    "videoPublishedAt" : "2017-10-22T15:31:26.000Z"
  },
  "etag" : "\"XI7nbFXulYBIpL0ayR_gDh3eu1k/e72-JM8w0f6v7YFW8u7UiEUbGP4\"",
  "id" : "TEx4ZURFaE00MURZWDdUeWgxZWRCYzR3LjNWWGpxemxGN2dj",
  "kind" : "youtube#playlistItem",
  "snippet" : {
    "channelId" : "UCxeDEhM41DYX7Tyh1edBc4w",
    "channelTitle" : "Esteban Londoño",
    "description" : "¡Nueva sección en el canal para celebrar que ya somos más de 1000 mentes curiosas! \n\nMuchas gracias por formar parte de DotCSV!\n\n---\n\nBúscame también en:\n\n- Facebook : https://www.facebook.com/AI.dotCSV/\n- Twitter: https://twitter.com/dotCSV\n- Patreon: https://www.patreon.com/dotcsv\n- Ivoox: http://bit.ly/2E3Q7KA\n\n-- ¡MÁS CIENCIA! ---\n\nEste canal forma parte de la red de divulgación de SCENIO. Si quieres conocer otros fantásticos proyectos de divulgación entra aquí:\n\nhttp://scenio.es/colaboradores\n\n#Scenio\n\n---\n\n[Si no te quieres perder nada, además de suscribirte te recomiendo que le des a la campana que se encuentra al lado del botón de suscribirte]",
    "playlistId" : "LLxeDEhM41DYX7Tyh1edBc4w",
    "position" : 0,
    "publishedAt" : "2018-12-17T00:23:58.000Z",
    "resourceId" : {
      "kind" : "youtube#video",
      "videoId" : "3VXjqzlF7gc"
    },
    "thumbnails" : {
      "default" : {
        "height" : 90,
        "url" : "https://i.ytimg.com/vi/3VXjqzlF7gc/default.jpg",
        "width" : 120
      },
      "high" : {
        "height" : 360,
        "url" : "https://i.ytimg.com/vi/3VXjqzlF7gc/hqdefault.jpg",
        "width" : 480
      },
      "maxres" : {
        "height" : 720,
        "url" : "https://i.ytimg.com/vi/3VXjqzlF7gc/maxresdefault.jpg",
        "width" : 1280
      },
      "medium" : {
        "height" : 180,
        "url" : "https://i.ytimg.com/vi/3VXjqzlF7gc/mqdefault.jpg",
        "width" : 320
      },
      "standard" : {
        "height" : 480,
        "url" : "https://i.ytimg.com/vi/3VXjqzlF7gc/sddefault.jpg",
        "width" : 640
      }
    },
    "title" : "Novedades por los 1000 suscriptores!!! | DATA COFFEE #0"
  },
  "status" : {
    "privacyStatus" : "public"
  }
}, {
  "contentDetails" : {
    "videoId" : "xOZyUb09o0g",
    "videoPublishedAt" : "2018-10-25T22:53:22.000Z"
  },
  "etag" : "\"XI7nbFXulYBIpL0ayR_gDh3eu1k/eRLfhG0qX_LxSf9dq6wnQP01v5k\"",
  "id" : "TEx4ZURFaE00MURZWDdUeWgxZWRCYzR3LnhPWnlVYjA5bzBn",
  "kind" : "youtube#playlistItem",
  "snippet" : {
    "channelId" : "UCxeDEhM41DYX7Tyh1edBc4w",
    "channelTitle" : "Esteban Londoño",
    "description" : "#MeVolólaTapa",
    "playlistId" : "LLxeDEhM41DYX7Tyh1edBc4w",
    "position" : 1,
    "publishedAt" : "2018-10-31T03:18:44.000Z",
    "resourceId" : {
      "kind" : "youtube#video",
      "videoId" : "xOZyUb09o0g"
    },
    "thumbnails" : {
      "default" : {
        "height" : 90,
        "url" : "https://i.ytimg.com/vi/xOZyUb09o0g/default.jpg",
        "width" : 120
      },
      "high" : {
        "height" : 360,
        "url" : "https://i.ytimg.com/vi/xOZyUb09o0g/hqdefault.jpg",
        "width" : 480
      },
      "maxres" : {
        "height" : 720,
        "url" : "https://i.ytimg.com/vi/xOZyUb09o0g/maxresdefault.jpg",
        "width" : 1280
      },
      "medium" : {
        "height" : 180,
        "url" : "https://i.ytimg.com/vi/xOZyUb09o0g/mqdefault.jpg",
        "width" : 320
      },
      "standard" : {
        "height" : 480,
        "url" : "https://i.ytimg.com/vi/xOZyUb09o0g/sddefault.jpg",
        "width" : 640
      }
    },
    "title" : "AUTOCONSCIENCIA"
  },
  "status" : {
    "privacyStatus" : "public"
  }
}, {
  "contentDetails" : {
    "videoId" : "k8A5KER8bRE",
    "videoPublishedAt" : "2018-10-22T13:55:16.000Z"
  },
  "etag" : "\"XI7nbFXulYBIpL0ayR_gDh3eu1k/lQ0GmOQM-TbqF6_hEGdqpuxXPqM\"",
  "id" : "TEx4ZURFaE00MURZWDdUeWgxZWRCYzR3Lms4QTVLRVI4YlJF",
  "kind" : "youtube#playlistItem",
  "snippet" : {
    "channelId" : "UCxeDEhM41DYX7Tyh1edBc4w",
    "channelTitle" : "Esteban Londoño",
    "description" : "#MeVolólaTapa Gran parte del éxito empresarial de las personas se debe a una excelente ejecución de la autogestión, en este video hablamos un poco sobre este segundo AUTO.",
    "playlistId" : "LLxeDEhM41DYX7Tyh1edBc4w",
    "position" : 2,
    "publishedAt" : "2018-10-31T02:54:37.000Z",
    "resourceId" : {
      "kind" : "youtube#video",
      "videoId" : "k8A5KER8bRE"
    },
    "thumbnails" : {
      "default" : {
        "height" : 90,
        "url" : "https://i.ytimg.com/vi/k8A5KER8bRE/default.jpg",
        "width" : 120
      },
      "high" : {
        "height" : 360,
        "url" : "https://i.ytimg.com/vi/k8A5KER8bRE/hqdefault.jpg",
        "width" : 480
      },
      "maxres" : {
        "height" : 720,
        "url" : "https://i.ytimg.com/vi/k8A5KER8bRE/maxresdefault.jpg",
        "width" : 1280
      },
      "medium" : {
        "height" : 180,
        "url" : "https://i.ytimg.com/vi/k8A5KER8bRE/mqdefault.jpg",
        "width" : 320
      },
      "standard" : {
        "height" : 480,
        "url" : "https://i.ytimg.com/vi/k8A5KER8bRE/sddefault.jpg",
        "width" : 640
      }
    },
    "title" : "AUTOGESTIÓN"
  },
  "status" : {
    "privacyStatus" : "public"
  }
}, {
  "contentDetails" : {
    "videoId" : "uhy030WnpJ4",
    "videoPublishedAt" : "2018-10-24T11:53:12.000Z"
  },
  "etag" : "\"XI7nbFXulYBIpL0ayR_gDh3eu1k/_53KHUixbM23NU0YylWQx8Fqlss\"",
  "id" : "TEx4ZURFaE00MURZWDdUeWgxZWRCYzR3LnVoeTAzMFducEo0",
  "kind" : "youtube#playlistItem",
  "snippet" : {
    "channelId" : "UCxeDEhM41DYX7Tyh1edBc4w",
    "channelTitle" : "Esteban Londoño",
    "description" : "(English and Portuguese subtitles available)\nhttps://www.ejuniper.com/ Jaime Sastre, CEO and founder of Juniper, explains the internationalization process of Juniper, focusing on the case of Brazil, a market that has been conquered thanks to building trust.\n\nThe global expansion of Juniper is a model of how a company manages to penetrate the main emerging markets, thanks to its ability to adapt to local cultures, conditions and game rules in these countries. \n\nSastre deeply addresses key points of Juniper's globalization process and how the Company has been designed to expand internationally since its inception, having the American market as the first stop on the way. He also identifies the individual values to succeed in the business world and explains what living with fear means to make better decisions.",
    "playlistId" : "LLxeDEhM41DYX7Tyh1edBc4w",
    "position" : 3,
    "publishedAt" : "2018-10-25T11:21:51.000Z",
    "resourceId" : {
      "kind" : "youtube#video",
      "videoId" : "uhy030WnpJ4"
    },
    "thumbnails" : {
      "default" : {
        "height" : 90,
        "url" : "https://i.ytimg.com/vi/uhy030WnpJ4/default.jpg",
        "width" : 120
      },
      "high" : {
        "height" : 360,
        "url" : "https://i.ytimg.com/vi/uhy030WnpJ4/hqdefault.jpg",
        "width" : 480
      },
      "medium" : {
        "height" : 180,
        "url" : "https://i.ytimg.com/vi/uhy030WnpJ4/mqdefault.jpg",
        "width" : 320
      }
    },
    "title" : "Key points of Juniper’s Global Expansion - interview with Jaime Sastre (subtitles)"
  },
  "status" : {
    "privacyStatus" : "public"
  }
}, {
  "contentDetails" : {
    "videoId" : "aR5N2Jl8k14",
    "videoPublishedAt" : "2017-02-28T22:46:41.000Z"
  },
  "etag" : "\"XI7nbFXulYBIpL0ayR_gDh3eu1k/2z7rv6Eom01x415GzoOkPHPSmPE\"",
  "id" : "TEx4ZURFaE00MURZWDdUeWgxZWRCYzR3LmFSNU4ySmw4azE0",
  "kind" : "youtube#playlistItem",
  "snippet" : {
    "channelId" : "UCxeDEhM41DYX7Tyh1edBc4w",
    "channelTitle" : "Esteban Londoño",
    "description" : "What do you get when you give a design tool a digital nervous system? Computers that improve our ability to think and imagine, and robotic systems that come up with (and build) radical new designs for bridges, cars, drones and much more -- all by themselves. Take a tour of the Augmented Age with futurist Maurice Conti and preview a time when robots and humans will work side-by-side to accomplish things neither could do alone.\n\nTEDTalks is a daily video podcast of the best talks and performances from the TED Conference, where the world's leading thinkers and doers give the talk of their lives in 18 minutes (or less). Look for talks on Technology, Entertainment and Design -- plus science, business, global issues, the arts and much more.\nFind closed captions and translated subtitles in many languages at http://www.ted.com/translate\n\nFollow TED news on Twitter: http://www.twitter.com/tednews\nLike TED on Facebook: https://www.facebook.com/TED\n\nSubscribe to our channel: http://www.youtube.com/user/TEDtalksDirector",
    "playlistId" : "LLxeDEhM41DYX7Tyh1edBc4w",
    "position" : 4,
    "publishedAt" : "2018-10-21T17:02:23.000Z",
    "resourceId" : {
      "kind" : "youtube#video",
      "videoId" : "aR5N2Jl8k14"
    },
    "thumbnails" : {
      "default" : {
        "height" : 90,
        "url" : "https://i.ytimg.com/vi/aR5N2Jl8k14/default.jpg",
        "width" : 120
      },
      "high" : {
        "height" : 360,
        "url" : "https://i.ytimg.com/vi/aR5N2Jl8k14/hqdefault.jpg",
        "width" : 480
      },
      "maxres" : {
        "height" : 720,
        "url" : "https://i.ytimg.com/vi/aR5N2Jl8k14/maxresdefault.jpg",
        "width" : 1280
      },
      "medium" : {
        "height" : 180,
        "url" : "https://i.ytimg.com/vi/aR5N2Jl8k14/mqdefault.jpg",
        "width" : 320
      },
      "standard" : {
        "height" : 480,
        "url" : "https://i.ytimg.com/vi/aR5N2Jl8k14/sddefault.jpg",
        "width" : 640
      }
    },
    "title" : "The incredible inventions of intuitive AI | Maurice Conti"
  },
  "status" : {
    "privacyStatus" : "public"
  }
}, {
  "contentDetails" : {
    "videoId" : "BXcFEhl7ynM",
    "videoPublishedAt" : "2017-09-13T16:03:58.000Z"
  },
  "etag" : "\"XI7nbFXulYBIpL0ayR_gDh3eu1k/Xd-z38P4zL6rrjERgVmJ_SHmj_Q\"",
  "id" : "TEx4ZURFaE00MURZWDdUeWgxZWRCYzR3LkJYY0ZFaGw3eW5N",
  "kind" : "youtube#playlistItem",
  "snippet" : {
    "channelId" : "UCxeDEhM41DYX7Tyh1edBc4w",
    "channelTitle" : "Esteban Londoño",
    "description" : "Meet Todai Robot, an AI project that performed in the top 20 percent of students on the entrance exam for the University of Tokyo -- without actually understanding a thing. While it's not matriculating anytime soon, Todai Robot's success raises alarming questions for the future of human education. How can we help kids learn the things that humans can do better than AI?\nThe TED Talks channel features the best talks and performances from the TED Conference, where the world's leading thinkers and doers give the talk of their lives in 18 minutes (or less). Look for talks on Technology, Entertainment and Design -- plus science, business, global issues, the arts and more.\n\nFollow TED on Twitter: http://www.twitter.com/TEDTalks\nLike TED on Facebook: https://www.facebook.com/TED\n\nSubscribe to our channel: https://www.youtube.com/TED",
    "playlistId" : "LLxeDEhM41DYX7Tyh1edBc4w",
    "position" : 5,
    "publishedAt" : "2018-10-21T16:19:43.000Z",
    "resourceId" : {
      "kind" : "youtube#video",
      "videoId" : "BXcFEhl7ynM"
    },
    "thumbnails" : {
      "default" : {
        "height" : 90,
        "url" : "https://i.ytimg.com/vi/BXcFEhl7ynM/default.jpg",
        "width" : 120
      },
      "high" : {
        "height" : 360,
        "url" : "https://i.ytimg.com/vi/BXcFEhl7ynM/hqdefault.jpg",
        "width" : 480
      },
      "maxres" : {
        "height" : 720,
        "url" : "https://i.ytimg.com/vi/BXcFEhl7ynM/maxresdefault.jpg",
        "width" : 1280
      },
      "medium" : {
        "height" : 180,
        "url" : "https://i.ytimg.com/vi/BXcFEhl7ynM/mqdefault.jpg",
        "width" : 320
      },
      "standard" : {
        "height" : 480,
        "url" : "https://i.ytimg.com/vi/BXcFEhl7ynM/sddefault.jpg",
        "width" : 640
      }
    },
    "title" : "Can a robot pass a university entrance exam? | Noriko Arai"
  },
  "status" : {
    "privacyStatus" : "public"
  }
}, {
  "contentDetails" : {
    "videoId" : "i7xNCEetO04",
    "videoPublishedAt" : "2018-09-18T13:17:55.000Z"
  },
  "etag" : "\"XI7nbFXulYBIpL0ayR_gDh3eu1k/9tyOgZkaXz0DFOirLlQs01jxeW4\"",
  "id" : "TEx4ZURFaE00MURZWDdUeWgxZWRCYzR3Lmk3eE5DRWV0TzA0",
  "kind" : "youtube#playlistItem",
  "snippet" : {
    "channelId" : "UCxeDEhM41DYX7Tyh1edBc4w",
    "channelTitle" : "Esteban Londoño",
    "description" : "#MeVolólaTapa Hoy presento el preámbulo del ciclo virtuoso  de la vida.\nEsta entrega continua hablando sobre un principio infalible para el éxito, \"La Continuidad\".",
    "playlistId" : "LLxeDEhM41DYX7Tyh1edBc4w",
    "position" : 6,
    "publishedAt" : "2018-09-18T15:07:18.000Z",
    "resourceId" : {
      "kind" : "youtube#video",
      "videoId" : "i7xNCEetO04"
    },
    "thumbnails" : {
      "default" : {
        "height" : 90,
        "url" : "https://i.ytimg.com/vi/i7xNCEetO04/default.jpg",
        "width" : 120
      },
      "high" : {
        "height" : 360,
        "url" : "https://i.ytimg.com/vi/i7xNCEetO04/hqdefault.jpg",
        "width" : 480
      },
      "maxres" : {
        "height" : 720,
        "url" : "https://i.ytimg.com/vi/i7xNCEetO04/maxresdefault.jpg",
        "width" : 1280
      },
      "medium" : {
        "height" : 180,
        "url" : "https://i.ytimg.com/vi/i7xNCEetO04/mqdefault.jpg",
        "width" : 320
      },
      "standard" : {
        "height" : 480,
        "url" : "https://i.ytimg.com/vi/i7xNCEetO04/sddefault.jpg",
        "width" : 640
      }
    },
    "title" : "CICLO VIRTUOSO DE LA VIDA"
  },
  "status" : {
    "privacyStatus" : "public"
  }
}, {
  "contentDetails" : {
    "videoId" : "ewjRItLlgG8",
    "videoPublishedAt" : "2018-04-20T12:00:04.000Z"
  },
  "etag" : "\"XI7nbFXulYBIpL0ayR_gDh3eu1k/XdNKcmL6hzTqtlXdnayPUjztC5I\"",
  "id" : "TEx4ZURFaE00MURZWDdUeWgxZWRCYzR3LmV3alJJdExsZ0c4",
  "kind" : "youtube#playlistItem",
  "snippet" : {
    "channelId" : "UCxeDEhM41DYX7Tyh1edBc4w",
    "channelTitle" : "Esteban Londoño",
    "description" : "When should you use the filter function with CALCULATE? \nAs you probably have noticed, sometimes people use a column in the filter part of CALCULATE and sometimes they use the FILTER function.\n\nThe question is, when should you use what? \nIn this video I will try to clarify that question.\n\nDont miss part 2 where we talk about KEEPFILTERS: https://youtu.be/DnI7XNRGeCA\n\nDownload the file here: https://curbal.com/blog/glossary/calculate-dax\n\nHere you will find all the previous CALCULATE and FILTER function tutorials.\nhttps://curbal.com/blog/glossary/calculate-dax\nhttps://curbal.com/blog/glossary/filter-dax\n\n\nGet Northwind Dataset: https://www.youtube.com/watch?v=k3NMIlLffrU\n\nLink to EXCEL SURVEY: https://1drv.ms/xs/s!Ar8CDNp8cGTcgjaHonN82T8I1jQT\n\n\nLooking for a download file? Go to our Download Center: https://curbal.com/donwload-center\n\nSUBSCRIBE to learn more about Power and Excel BI!\nhttps://www.youtube.com/channel/UCJ7UhloHSA4wAqPzyi6TOkw?sub_confirmation=1\n\nOur PLAYLISTS:\n- Join our DAX Fridays! Series: https://goo.gl/FtUWUX\n- Power BI dashboards for beginners: https://goo.gl/9YzyDP\n- Power BI Tips & Tricks: https://goo.gl/H6kUbP\n- Power Bi and Google Analytics: https://goo.gl/ZNsY8l\n\nABOUT CURBAL:\nWebsite: http://www.curbal.com\nContact us: http://www.curbal.com/contact\n\n▼▼▼▼▼▼▼▼▼▼\n\nIf you feel that any of the videos, downloads, blog posts that I have created have been useful to you and you want to help me keep on going, here you can do a small donation to support my work and keep the channel running:\n\nhttps://curbal.com/product/sponsor-me\n\nMany thanks in advance!\n\n▲▲▲▲▲▲▲▲▲▲\n\nQUESTIONS? COMMENTS? SUGGESTIONS? You’ll find me here:\n► Twitter: @curbalen, @ruthpozuelo\n► Google +: https://goo.gl/rvIBDP\n► Facebook: https://goo.gl/bME2sB\n\n #DAXFRIDAYS #CURBAL #DAX #POWERBI #MVP",
    "playlistId" : "LLxeDEhM41DYX7Tyh1edBc4w",
    "position" : 7,
    "publishedAt" : "2018-09-06T13:23:25.000Z",
    "resourceId" : {
      "kind" : "youtube#video",
      "videoId" : "ewjRItLlgG8"
    },
    "thumbnails" : {
      "default" : {
        "height" : 90,
        "url" : "https://i.ytimg.com/vi/ewjRItLlgG8/default.jpg",
        "width" : 120
      },
      "high" : {
        "height" : 360,
        "url" : "https://i.ytimg.com/vi/ewjRItLlgG8/hqdefault.jpg",
        "width" : 480
      },
      "maxres" : {
        "height" : 720,
        "url" : "https://i.ytimg.com/vi/ewjRItLlgG8/maxresdefault.jpg",
        "width" : 1280
      },
      "medium" : {
        "height" : 180,
        "url" : "https://i.ytimg.com/vi/ewjRItLlgG8/mqdefault.jpg",
        "width" : 320
      },
      "standard" : {
        "height" : 480,
        "url" : "https://i.ytimg.com/vi/ewjRItLlgG8/sddefault.jpg",
        "width" : 640
      }
    },
    "title" : "DAX Fridays! #78: When should I use FILTER() with CALCULATE?"
  },
  "status" : {
    "privacyStatus" : "public"
  }
}, {
  "contentDetails" : {
    "videoId" : "z1yAvsyy1-8",
    "videoPublishedAt" : "2018-09-04T04:15:03.000Z"
  },
  "etag" : "\"XI7nbFXulYBIpL0ayR_gDh3eu1k/RZDU8IaRDxcxHOQqCN6Q2nz82KQ\"",
  "id" : "TEx4ZURFaE00MURZWDdUeWgxZWRCYzR3LnoxeUF2c3l5MS04",
  "kind" : "youtube#playlistItem",
  "snippet" : {
    "channelId" : "UCxeDEhM41DYX7Tyh1edBc4w",
    "channelTitle" : "Esteban Londoño",
    "description" : "#MeVolólaTapa Continuamos con la serie sobre la importancia de soñar",
    "playlistId" : "LLxeDEhM41DYX7Tyh1edBc4w",
    "position" : 8,
    "publishedAt" : "2018-09-04T23:18:19.000Z",
    "resourceId" : {
      "kind" : "youtube#video",
      "videoId" : "z1yAvsyy1-8"
    },
    "thumbnails" : {
      "default" : {
        "height" : 90,
        "url" : "https://i.ytimg.com/vi/z1yAvsyy1-8/default.jpg",
        "width" : 120
      },
      "high" : {
        "height" : 360,
        "url" : "https://i.ytimg.com/vi/z1yAvsyy1-8/hqdefault.jpg",
        "width" : 480
      },
      "maxres" : {
        "height" : 720,
        "url" : "https://i.ytimg.com/vi/z1yAvsyy1-8/maxresdefault.jpg",
        "width" : 1280
      },
      "medium" : {
        "height" : 180,
        "url" : "https://i.ytimg.com/vi/z1yAvsyy1-8/mqdefault.jpg",
        "width" : 320
      },
      "standard" : {
        "height" : 480,
        "url" : "https://i.ytimg.com/vi/z1yAvsyy1-8/sddefault.jpg",
        "width" : 640
      }
    },
    "title" : "Principio del huevo y el pollito"
  },
  "status" : {
    "privacyStatus" : "public"
  }
}, {
  "contentDetails" : {
    "videoId" : "NhrUYBZBPho",
    "videoPublishedAt" : "2018-08-25T18:20:42.000Z"
  },
  "etag" : "\"XI7nbFXulYBIpL0ayR_gDh3eu1k/hZNQmgrvwdrqaujNBdeLLpz2vP8\"",
  "id" : "TEx4ZURFaE00MURZWDdUeWgxZWRCYzR3Lk5oclVZQlpCUGhv",
  "kind" : "youtube#playlistItem",
  "snippet" : {
    "channelId" : "UCxeDEhM41DYX7Tyh1edBc4w",
    "channelTitle" : "Esteban Londoño",
    "description" : "#MeVolólaTapa ¿Por qué es tan difícil alcanzar los sueños? - en este video te comparto algunos consejos muy prácticos para que tú puedas lograr cumplir tus sueños.",
    "playlistId" : "LLxeDEhM41DYX7Tyh1edBc4w",
    "position" : 9,
    "publishedAt" : "2018-08-25T23:28:46.000Z",
    "resourceId" : {
      "kind" : "youtube#video",
      "videoId" : "NhrUYBZBPho"
    },
    "thumbnails" : {
      "default" : {
        "height" : 90,
        "url" : "https://i.ytimg.com/vi/NhrUYBZBPho/default.jpg",
        "width" : 120
      },
      "high" : {
        "height" : 360,
        "url" : "https://i.ytimg.com/vi/NhrUYBZBPho/hqdefault.jpg",
        "width" : 480
      },
      "medium" : {
        "height" : 180,
        "url" : "https://i.ytimg.com/vi/NhrUYBZBPho/mqdefault.jpg",
        "width" : 320
      },
      "standard" : {
        "height" : 480,
        "url" : "https://i.ytimg.com/vi/NhrUYBZBPho/sddefault.jpg",
        "width" : 640
      }
    },
    "title" : "La importancia de tener un sueño"
  },
  "status" : {
    "privacyStatus" : "public"
  }
}, {
  "contentDetails" : {
    "videoId" : "AWcpfDyEJNI",
    "videoPublishedAt" : "2017-06-12T23:45:17.000Z"
  },
  "etag" : "\"XI7nbFXulYBIpL0ayR_gDh3eu1k/iha0W9S2f-7AczWWl7Gwb1pyC7M\"",
  "id" : "TEx4ZURFaE00MURZWDdUeWgxZWRCYzR3LkFXY3BmRHlFSk5J",
  "kind" : "youtube#playlistItem",
  "snippet" : {
    "channelId" : "UCxeDEhM41DYX7Tyh1edBc4w",
    "channelTitle" : "Esteban Londoño",
    "description" : "Join this session to learn how to leverage and integrate advanced analytics components inside your BI solutions. We will give an overview of the different machine learning tools that are available to you within the Microsoft stack such as R integration with Power BI, Azure ML and Cognitive Services. We will also contextualize these building blocks within broader Power BI solutions. Examples covered will include common patterns, solution templates, and customer case studies.\n\nFollow us on Twitter - https://twitter.com/mspowerbi\n\nMore questions? Try asking the Power BI Community @ https://community.powerbi.com/",
    "playlistId" : "LLxeDEhM41DYX7Tyh1edBc4w",
    "position" : 10,
    "publishedAt" : "2018-07-17T23:13:50.000Z",
    "resourceId" : {
      "kind" : "youtube#video",
      "videoId" : "AWcpfDyEJNI"
    },
    "thumbnails" : {
      "default" : {
        "height" : 90,
        "url" : "https://i.ytimg.com/vi/AWcpfDyEJNI/default.jpg",
        "width" : 120
      },
      "high" : {
        "height" : 360,
        "url" : "https://i.ytimg.com/vi/AWcpfDyEJNI/hqdefault.jpg",
        "width" : 480
      },
      "maxres" : {
        "height" : 720,
        "url" : "https://i.ytimg.com/vi/AWcpfDyEJNI/maxresdefault.jpg",
        "width" : 1280
      },
      "medium" : {
        "height" : 180,
        "url" : "https://i.ytimg.com/vi/AWcpfDyEJNI/mqdefault.jpg",
        "width" : 320
      },
      "standard" : {
        "height" : 480,
        "url" : "https://i.ytimg.com/vi/AWcpfDyEJNI/sddefault.jpg",
        "width" : 640
      }
    },
    "title" : "Integrating Advanced Analytics into your BI Solutions"
  },
  "status" : {
    "privacyStatus" : "public"
  }
}, {
  "contentDetails" : {
    "videoId" : "C1Ew8b0iPYw",
    "videoPublishedAt" : "2015-07-09T19:41:01.000Z"
  },
  "etag" : "\"XI7nbFXulYBIpL0ayR_gDh3eu1k/kNm3mjZN77kXVggwzYk4-uuaEQ0\"",
  "id" : "TEx4ZURFaE00MURZWDdUeWgxZWRCYzR3LkMxRXc4YjBpUFl3",
  "kind" : "youtube#playlistItem",
  "snippet" : {
    "channelId" : "UCxeDEhM41DYX7Tyh1edBc4w",
    "channelTitle" : "Esteban Londoño",
    "description" : "En este video tutorial explico cómo crear un proyecto de Reporting services básico (una tabla) y publicarlo en mi servidor local; utilizando la base de datos AdventureWorks2008R2 en SQLSERVER 2014 Y DATATOOLS PARA VISUAL STUDIO 2013",
    "playlistId" : "LLxeDEhM41DYX7Tyh1edBc4w",
    "position" : 11,
    "publishedAt" : "2018-06-30T03:51:38.000Z",
    "resourceId" : {
      "kind" : "youtube#video",
      "videoId" : "C1Ew8b0iPYw"
    },
    "thumbnails" : {
      "default" : {
        "height" : 90,
        "url" : "https://i.ytimg.com/vi/C1Ew8b0iPYw/default.jpg",
        "width" : 120
      },
      "high" : {
        "height" : 360,
        "url" : "https://i.ytimg.com/vi/C1Ew8b0iPYw/hqdefault.jpg",
        "width" : 480
      },
      "medium" : {
        "height" : 180,
        "url" : "https://i.ytimg.com/vi/C1Ew8b0iPYw/mqdefault.jpg",
        "width" : 320
      },
      "standard" : {
        "height" : 480,
        "url" : "https://i.ytimg.com/vi/C1Ew8b0iPYw/sddefault.jpg",
        "width" : 640
      }
    },
    "title" : "Tutorial Reporting Services SQL SERVER 2014"
  },
  "status" : {
    "privacyStatus" : "public"
  }
}, {
  "contentDetails" : {
    "videoId" : "THUQxb1g-zw",
    "videoPublishedAt" : "2017-06-25T14:41:36.000Z"
  },
  "etag" : "\"XI7nbFXulYBIpL0ayR_gDh3eu1k/UOMN5hU0hbsC0-KzxVSLawuMsxM\"",
  "id" : "TEx4ZURFaE00MURZWDdUeWgxZWRCYzR3LlRIVVF4YjFnLXp3",
  "kind" : "youtube#playlistItem",
  "snippet" : {
    "channelId" : "UCxeDEhM41DYX7Tyh1edBc4w",
    "channelTitle" : "Esteban Londoño",
    "description" : "Python, R y SQL son los lenguajes más populares en Data Science. A partir de SQL Server 2017, podremos utilizar los tres lenguajes desde SQL Server, eliminando la necesidad de mover datos entre aplicaciones y facilitando el deployment de soluciones híbridas. SQL Server Machine Learning Services ofrece también nuevas librerías que permiten alto rendimiento y escalabilidad en Python y R. En esta charla revisaremos como empezar a sacar provecho de estas nuevas opciones que nos ofrece SQL Server 2017.",
    "playlistId" : "LLxeDEhM41DYX7Tyh1edBc4w",
    "position" : 12,
    "publishedAt" : "2018-06-24T12:24:01.000Z",
    "resourceId" : {
      "kind" : "youtube#video",
      "videoId" : "THUQxb1g-zw"
    },
    "thumbnails" : {
      "default" : {
        "height" : 90,
        "url" : "https://i.ytimg.com/vi/THUQxb1g-zw/default.jpg",
        "width" : 120
      },
      "high" : {
        "height" : 360,
        "url" : "https://i.ytimg.com/vi/THUQxb1g-zw/hqdefault.jpg",
        "width" : 480
      },
      "maxres" : {
        "height" : 720,
        "url" : "https://i.ytimg.com/vi/THUQxb1g-zw/maxresdefault.jpg",
        "width" : 1280
      },
      "medium" : {
        "height" : 180,
        "url" : "https://i.ytimg.com/vi/THUQxb1g-zw/mqdefault.jpg",
        "width" : 320
      },
      "standard" : {
        "height" : 480,
        "url" : "https://i.ytimg.com/vi/THUQxb1g-zw/sddefault.jpg",
        "width" : 640
      }
    },
    "title" : "Utilizando Python y R desde SQL Server Machine Learning Services"
  },
  "status" : {
    "privacyStatus" : "public"
  }
}, {
  "contentDetails" : {
    "videoId" : "ZfU0-MBXNw4",
    "videoPublishedAt" : "2018-06-09T15:00:59.000Z"
  },
  "etag" : "\"XI7nbFXulYBIpL0ayR_gDh3eu1k/VRYiEfzi6uyvQ2OF5-_Hzw2b9V8\"",
  "id" : "TEx4ZURFaE00MURZWDdUeWgxZWRCYzR3LlpmVTAtTUJYTnc0",
  "kind" : "youtube#playlistItem",
  "snippet" : {
    "channelId" : "UCxeDEhM41DYX7Tyh1edBc4w",
    "channelTitle" : "Esteban Londoño",
    "description" : "La consulta anticorrupción que hasta los corruptos aceptaron, la bajada de calzones de Gaviria y su penetración a las filas de Duque, la patraseada de los Galán, los corruptos haciéndole fila a Uribe y la mala leche de los petristas en las redes. Y mucho más!\n\nFollow Pirry\nhttps://twitter.com/PirryOficial\nhttps://www.facebook.com/pirryoficial/\nhttps://www.instagram.com/pirryoficial/\n--\n📩 Email: p@pirryoficial.com",
    "playlistId" : "LLxeDEhM41DYX7Tyh1edBc4w",
    "position" : 13,
    "publishedAt" : "2018-06-10T22:55:13.000Z",
    "resourceId" : {
      "kind" : "youtube#video",
      "videoId" : "ZfU0-MBXNw4"
    },
    "thumbnails" : {
      "default" : {
        "height" : 90,
        "url" : "https://i.ytimg.com/vi/ZfU0-MBXNw4/default.jpg",
        "width" : 120
      },
      "high" : {
        "height" : 360,
        "url" : "https://i.ytimg.com/vi/ZfU0-MBXNw4/hqdefault.jpg",
        "width" : 480
      },
      "maxres" : {
        "height" : 720,
        "url" : "https://i.ytimg.com/vi/ZfU0-MBXNw4/maxresdefault.jpg",
        "width" : 1280
      },
      "medium" : {
        "height" : 180,
        "url" : "https://i.ytimg.com/vi/ZfU0-MBXNw4/mqdefault.jpg",
        "width" : 320
      },
      "standard" : {
        "height" : 480,
        "url" : "https://i.ytimg.com/vi/ZfU0-MBXNw4/sddefault.jpg",
        "width" : 640
      }
    },
    "title" : "NOTICERDO 🐽, EL NOTICIERO MÁS CHIMBO DEL PAÍS 😝"
  },
  "status" : {
    "privacyStatus" : "public"
  }
}, {
  "contentDetails" : {
    "videoId" : "AAf7e9DJDRg",
    "videoPublishedAt" : "2017-10-09T23:32:41.000Z"
  },
  "etag" : "\"XI7nbFXulYBIpL0ayR_gDh3eu1k/sEle4byu72JqNZLGn5ROtkGJ8nc\"",
  "id" : "TEx4ZURFaE00MURZWDdUeWgxZWRCYzR3LkFBZjdlOURKRFJn",
  "kind" : "youtube#playlistItem",
  "snippet" : {
    "channelId" : "UCxeDEhM41DYX7Tyh1edBc4w",
    "channelTitle" : "Esteban Londoño",
    "description" : "Descubre cuál es el estilo de vida de un programador en distintas partes del mundo, cuánto gana y cuál es el costo de vida en distintas ciudades. En este PlatziLive Freddy Vega (@freddier) te explica cuáles son los sueldos de los programadores y cómo es su calidad de vida. ¿Qué compran? ¿cuáles son sus gastos más importantes? ¿cómo se entretienen? ¿a dónde viajan?\n\nCuéntanos en los comentarios cómo está tu país con respecto a la comparación que hace Freddy.\n\n----------------------------------------------------------------------\nTodo esto y más, en http://platzi.com\n\n\n\n¡Suscríbete a nosotros!\nFacebook: http://bit.ly/platzifb\nAquí, en YouTube: http://bit.ly/mejoryt",
    "playlistId" : "LLxeDEhM41DYX7Tyh1edBc4w",
    "position" : 14,
    "publishedAt" : "2017-10-13T13:42:14.000Z",
    "resourceId" : {
      "kind" : "youtube#video",
      "videoId" : "AAf7e9DJDRg"
    },
    "thumbnails" : {
      "default" : {
        "height" : 90,
        "url" : "https://i.ytimg.com/vi/AAf7e9DJDRg/default.jpg",
        "width" : 120
      },
      "high" : {
        "height" : 360,
        "url" : "https://i.ytimg.com/vi/AAf7e9DJDRg/hqdefault.jpg",
        "width" : 480
      },
      "maxres" : {
        "height" : 720,
        "url" : "https://i.ytimg.com/vi/AAf7e9DJDRg/maxresdefault.jpg",
        "width" : 1280
      },
      "medium" : {
        "height" : 180,
        "url" : "https://i.ytimg.com/vi/AAf7e9DJDRg/mqdefault.jpg",
        "width" : 320
      },
      "standard" : {
        "height" : 480,
        "url" : "https://i.ytimg.com/vi/AAf7e9DJDRg/sddefault.jpg",
        "width" : 640
      }
    },
    "title" : "Cuánto es el sueldo de un programador en Latinoamérica y Silicon Valley"
  },
  "status" : {
    "privacyStatus" : "public"
  }
}, {
  "contentDetails" : {
    "videoId" : "KBxeJO2d_k8",
    "videoPublishedAt" : "2017-07-11T16:45:36.000Z"
  },
  "etag" : "\"XI7nbFXulYBIpL0ayR_gDh3eu1k/GDFXkHHUw8Fh8JaBMSB7Ay6lgSE\"",
  "id" : "TEx4ZURFaE00MURZWDdUeWgxZWRCYzR3LktCeGVKTzJkX2s4",
  "kind" : "youtube#playlistItem",
  "snippet" : {
    "channelId" : "UCxeDEhM41DYX7Tyh1edBc4w",
    "channelTitle" : "Esteban Londoño",
    "description" : "",
    "playlistId" : "LLxeDEhM41DYX7Tyh1edBc4w",
    "position" : 15,
    "publishedAt" : "2017-07-12T21:19:32.000Z",
    "resourceId" : {
      "kind" : "youtube#video",
      "videoId" : "KBxeJO2d_k8"
    },
    "thumbnails" : {
      "default" : {
        "height" : 90,
        "url" : "https://i.ytimg.com/vi/KBxeJO2d_k8/default.jpg",
        "width" : 120
      },
      "high" : {
        "height" : 360,
        "url" : "https://i.ytimg.com/vi/KBxeJO2d_k8/hqdefault.jpg",
        "width" : 480
      },
      "maxres" : {
        "height" : 720,
        "url" : "https://i.ytimg.com/vi/KBxeJO2d_k8/maxresdefault.jpg",
        "width" : 1280
      },
      "medium" : {
        "height" : 180,
        "url" : "https://i.ytimg.com/vi/KBxeJO2d_k8/mqdefault.jpg",
        "width" : 320
      },
      "standard" : {
        "height" : 480,
        "url" : "https://i.ytimg.com/vi/KBxeJO2d_k8/sddefault.jpg",
        "width" : 640
      }
    },
    "title" : "VIDEO DE INICIO- YO SOY ADN"
  },
  "status" : {
    "privacyStatus" : "public"
  }
}, {
  "contentDetails" : {
    "videoId" : "alW1KlAhDQ0",
    "videoPublishedAt" : "2015-10-11T09:38:45.000Z"
  },
  "etag" : "\"XI7nbFXulYBIpL0ayR_gDh3eu1k/DetgpgAM5WvxuvOfJvq1Y3W24uY\"",
  "id" : "TEx4ZURFaE00MURZWDdUeWgxZWRCYzR3LmFsVzFLbEFoRFEw",
  "kind" : "youtube#playlistItem",
  "snippet" : {
    "channelId" : "UCxeDEhM41DYX7Tyh1edBc4w",
    "channelTitle" : "Esteban Londoño",
    "description" : "Entender el conflicto en Siria en 5 minutos",
    "playlistId" : "LLxeDEhM41DYX7Tyh1edBc4w",
    "position" : 16,
    "publishedAt" : "2017-04-14T12:10:56.000Z",
    "resourceId" : {
      "kind" : "youtube#video",
      "videoId" : "alW1KlAhDQ0"
    },
    "thumbnails" : {
      "default" : {
        "height" : 90,
        "url" : "https://i.ytimg.com/vi/alW1KlAhDQ0/default.jpg",
        "width" : 120
      },
      "high" : {
        "height" : 360,
        "url" : "https://i.ytimg.com/vi/alW1KlAhDQ0/hqdefault.jpg",
        "width" : 480
      },
      "medium" : {
        "height" : 180,
        "url" : "https://i.ytimg.com/vi/alW1KlAhDQ0/mqdefault.jpg",
        "width" : 320
      }
    },
    "title" : "Entender el conflicto en Siria en 5 minutos"
  },
  "status" : {
    "privacyStatus" : "public"
  }
}, {
  "contentDetails" : {
    "videoId" : "44XmLKAfpjI",
    "videoPublishedAt" : "2016-04-22T16:40:22.000Z"
  },
  "etag" : "\"XI7nbFXulYBIpL0ayR_gDh3eu1k/z17BX68I7BrJPRehDiumDHdCB_w\"",
  "id" : "TEx4ZURFaE00MURZWDdUeWgxZWRCYzR3LjQ0WG1MS0FmcGpJ",
  "kind" : "youtube#playlistItem",
  "snippet" : {
    "channelId" : "UCxeDEhM41DYX7Tyh1edBc4w",
    "channelTitle" : "Esteban Londoño",
    "description" : "En Platzi Live John Freddy Vega y Christian Van Der Henst  te hablan sobre cómo funcionan las empresas de tecnología que han salido a la bolsa, y por qué están obligadas a publicar reportes financieros cada trimestre.\n\nAhora en abril recibimos los reportes de Microsoft, Yahoo, Alphabet, Netflix, Verizon, etc.  Qué significan, qué expectativas cumplieron y más información sobre los buenos y malos términos para hacer fundraising en el mercado de capital privado.\n\n----------------------------------------------------------------------\nTodo esto y más, en http://platzi.com\n\n\n\n¡Suscríbete a nosotros!\nTwitter: http://twitter.com/platzi\nFacebook: http://bit.ly/platzifb\nAquí, en YouTube: http://bit.ly/mejoryt",
    "playlistId" : "LLxeDEhM41DYX7Tyh1edBc4w",
    "position" : 17,
    "publishedAt" : "2016-05-11T23:48:14.000Z",
    "resourceId" : {
      "kind" : "youtube#video",
      "videoId" : "44XmLKAfpjI"
    },
    "thumbnails" : {
      "default" : {
        "height" : 90,
        "url" : "https://i.ytimg.com/vi/44XmLKAfpjI/default.jpg",
        "width" : 120
      },
      "high" : {
        "height" : 360,
        "url" : "https://i.ytimg.com/vi/44XmLKAfpjI/hqdefault.jpg",
        "width" : 480
      },
      "maxres" : {
        "height" : 720,
        "url" : "https://i.ytimg.com/vi/44XmLKAfpjI/maxresdefault.jpg",
        "width" : 1280
      },
      "medium" : {
        "height" : 180,
        "url" : "https://i.ytimg.com/vi/44XmLKAfpjI/mqdefault.jpg",
        "width" : 320
      },
      "standard" : {
        "height" : 480,
        "url" : "https://i.ytimg.com/vi/44XmLKAfpjI/sddefault.jpg",
        "width" : 640
      }
    },
    "title" : "La historia detrás de las acciones, Silicon Valley y los \"quarters\""
  },
  "status" : {
    "privacyStatus" : "public"
  }
}, {
  "contentDetails" : {
    "videoId" : "dE8u65YgJJw",
    "videoPublishedAt" : "2015-09-21T13:30:00.000Z"
  },
  "etag" : "\"XI7nbFXulYBIpL0ayR_gDh3eu1k/j2veqlmp6yruDWCoZXcq8WBPNnc\"",
  "id" : "TEx4ZURFaE00MURZWDdUeWgxZWRCYzR3LmRFOHU2NVlnSkp3",
  "kind" : "youtube#playlistItem",
  "snippet" : {
    "channelId" : "UCxeDEhM41DYX7Tyh1edBc4w",
    "channelTitle" : "Esteban Londoño",
    "description" : "",
    "playlistId" : "LLxeDEhM41DYX7Tyh1edBc4w",
    "position" : 18,
    "publishedAt" : "2015-10-09T00:07:40.000Z",
    "resourceId" : {
      "kind" : "youtube#video",
      "videoId" : "dE8u65YgJJw"
    },
    "thumbnails" : {
      "default" : {
        "height" : 90,
        "url" : "https://i.ytimg.com/vi/dE8u65YgJJw/default.jpg",
        "width" : 120
      },
      "high" : {
        "height" : 360,
        "url" : "https://i.ytimg.com/vi/dE8u65YgJJw/hqdefault.jpg",
        "width" : 480
      },
      "maxres" : {
        "height" : 720,
        "url" : "https://i.ytimg.com/vi/dE8u65YgJJw/maxresdefault.jpg",
        "width" : 1280
      },
      "medium" : {
        "height" : 180,
        "url" : "https://i.ytimg.com/vi/dE8u65YgJJw/mqdefault.jpg",
        "width" : 320
      },
      "standard" : {
        "height" : 480,
        "url" : "https://i.ytimg.com/vi/dE8u65YgJJw/sddefault.jpg",
        "width" : 640
      }
    },
    "title" : "Reconocimiento de Esmeralda"
  },
  "status" : {
    "privacyStatus" : "public"
  }
}, {
  "contentDetails" : {
    "videoId" : "RnuLdk9qq6Q",
    "videoPublishedAt" : "2015-09-08T01:23:15.000Z"
  },
  "etag" : "\"XI7nbFXulYBIpL0ayR_gDh3eu1k/uVp-wCzRlBoZjP3_abNrGcxxGbE\"",
  "id" : "TEx4ZURFaE00MURZWDdUeWgxZWRCYzR3LlJudUxkazlxcTZR",
  "kind" : "youtube#playlistItem",
  "snippet" : {
    "channelId" : "UCxeDEhM41DYX7Tyh1edBc4w",
    "channelTitle" : "Esteban Londoño",
    "description" : "",
    "playlistId" : "LLxeDEhM41DYX7Tyh1edBc4w",
    "position" : 19,
    "publishedAt" : "2015-09-08T01:33:23.000Z",
    "resourceId" : {
      "kind" : "youtube#video",
      "videoId" : "RnuLdk9qq6Q"
    },
    "thumbnails" : {
      "default" : {
        "height" : 90,
        "url" : "https://i.ytimg.com/vi/RnuLdk9qq6Q/default.jpg",
        "width" : 120
      },
      "high" : {
        "height" : 360,
        "url" : "https://i.ytimg.com/vi/RnuLdk9qq6Q/hqdefault.jpg",
        "width" : 480
      },
      "maxres" : {
        "height" : 720,
        "url" : "https://i.ytimg.com/vi/RnuLdk9qq6Q/maxresdefault.jpg",
        "width" : 1280
      },
      "medium" : {
        "height" : 180,
        "url" : "https://i.ytimg.com/vi/RnuLdk9qq6Q/mqdefault.jpg",
        "width" : 320
      },
      "standard" : {
        "height" : 480,
        "url" : "https://i.ytimg.com/vi/RnuLdk9qq6Q/sddefault.jpg",
        "width" : 640
      }
    },
    "title" : "Laguna 69 huascaran"
  },
  "status" : {
    "privacyStatus" : "public"
  }
}, {
  "contentDetails" : {
    "videoId" : "LHU_Av8WIgo",
    "videoPublishedAt" : "2013-05-08T23:45:58.000Z"
  },
  "etag" : "\"XI7nbFXulYBIpL0ayR_gDh3eu1k/ogS9H5pTNzUYRykpcIZnGOUlvIE\"",
  "id" : "TEx4ZURFaE00MURZWDdUeWgxZWRCYzR3LkxIVV9BdjhXSWdv",
  "kind" : "youtube#playlistItem",
  "snippet" : {
    "channelId" : "UCxeDEhM41DYX7Tyh1edBc4w",
    "channelTitle" : "Esteban Londoño",
    "description" : "Here's a quick overview of WanamLite ROM for Galaxy S4 Android smartphone.\n\nDownload and Details:\nhttp://galaxys4root.com/gt-i9500-galaxy-s4-roms/wanamlite-rom-for-galaxy-s4-gt-i9500-call-recording/\n\n\nMy Website: http://GalaxyS4Root.com\n\nSUBSCRIBE TO GalaxyS4Root YOUTUBE CHANNEL:\nhttp://youtube.com/RootGalaxyS4\n\nCases I am using on my Galaxy S4 right now:\nCruzerLite S4 Cases: http://www.youtube.com/watch?v=8nT-H1QZVhM\n--------------------------------------------------------------------------------------\nMy GooglePlus: http://plus.google.com/105122758270056069711/posts\n\nMy Facebook: http://www.facebook.com/howtoblog\n\nMy Twitter: http://twitter.com/zedomax",
    "playlistId" : "LLxeDEhM41DYX7Tyh1edBc4w",
    "position" : 20,
    "publishedAt" : "2013-06-10T01:44:05.000Z",
    "resourceId" : {
      "kind" : "youtube#video",
      "videoId" : "LHU_Av8WIgo"
    },
    "thumbnails" : {
      "default" : {
        "height" : 90,
        "url" : "https://i.ytimg.com/vi/LHU_Av8WIgo/default.jpg",
        "width" : 120
      },
      "high" : {
        "height" : 360,
        "url" : "https://i.ytimg.com/vi/LHU_Av8WIgo/hqdefault.jpg",
        "width" : 480
      },
      "maxres" : {
        "height" : 720,
        "url" : "https://i.ytimg.com/vi/LHU_Av8WIgo/maxresdefault.jpg",
        "width" : 1280
      },
      "medium" : {
        "height" : 180,
        "url" : "https://i.ytimg.com/vi/LHU_Av8WIgo/mqdefault.jpg",
        "width" : 320
      },
      "standard" : {
        "height" : 480,
        "url" : "https://i.ytimg.com/vi/LHU_Av8WIgo/sddefault.jpg",
        "width" : 640
      }
    },
    "title" : "WanamLite ROM for Galaxy S4!"
  },
  "status" : {
    "privacyStatus" : "public"
  }
}, {
  "contentDetails" : {
    "videoId" : "UOtSOOfjAfE",
    "videoPublishedAt" : "2009-01-03T20:13:21.000Z"
  },
  "etag" : "\"XI7nbFXulYBIpL0ayR_gDh3eu1k/eG2yODhSXf3xanfZ4rytomm0VK4\"",
  "id" : "TEx4ZURFaE00MURZWDdUeWgxZWRCYzR3LlVPdFNPT2ZqQWZF",
  "kind" : "youtube#playlistItem",
  "snippet" : {
    "channelId" : "UCxeDEhM41DYX7Tyh1edBc4w",
    "channelTitle" : "Esteban Londoño",
    "description" : "James Blunt in English - Deutsch - Français - Italiano - Polskie - Português - Pусский\n\n‎\"GOODBYE MY LOVER\" se sitúa en una fallida relación que tuvo James con \"una compañera de vida\" como prefiere describirla él, este tema sugiere un desamor sufrido por Blunt, donde por su culpa o poco razonamiento sus actos interfieren en lo que podría haber sido una \"relacion para toda la vida\".\nSe dice que esta dedicada a su ex novia la cual le presento a Carrie Fisher (actriz) y que fue en la residencia que Fisher tenia en Los Angeles, más precisamente en el cuarto de baño donde James Blunt grabó el sencillo \"GOODBYE MY LOVER \"\nExtraoficialmente se dice que laex pareja de Blunt lo dejo por fiestero y que el nunca se perdono haber perdido aquel amor por su culpa, que siempre lo considera su gran amor y que cada vez que canta esta cancion, puede adivinarse un gran sentimiento de culpa,dolor y arrepentimiento....debe ser por eso que supongamos James Blunt la entona con tanto sentimiento como con esperanza de poder recobrar aquel amor...perdido.\n\nJames Blunt ha sido entrevistado en oportunidades sobre esta canción a lo cual la califica como la más importante que ha hecho, ha respondido que efectivamente se trata de un tema relacionado a él, ya que la mayoría de sus temas son sus propias experiencias y que se trata de un tema personal, tema al que no quiso entrar más en detalles... \n\nArtista : James Blunt\nCanción : Goodbye my lover\nÁlbum   : Back to bedlam\nLugar   : Control Room, Live in Koko - Lóndres\n\nGOODBYE MY LOVER - James Blunt (Subtitulado en Español)\nGOODBYE MY LOVER - James Blunt (Traducido en Español)\n\nGOODBYE MY LOVER - James Blunt (Subtitulado en Inglés)\nGOODBYE MY LOVER - James Blunt (LYRICS)\n\nGOODBYE MY LOVER - James Blunt (Subtitulado en Alemán)\nGOODBYE MY LOVER - James Blunt (Deutsch Untertitel)\n\nGOODBYE MY LOVER - James Blunt (Subtitulado en Francés)\nGOODBYE MY LOVER - James Blunt (sous-titres français)\n\nGOODBYE MY LOVER - James Blunt (Subtitulado en Italiano)\nGOODBYE MY LOVER - James Blunt (traduzione in italiano)\nGOODBYE MY LOVER - James Blunt (sottotitoli in italiano)\n\nGOODBYE MY LOVER - James Blunt (Subtitulado en Polaco)\nGOODBYE MY LOVER - James Blunt (Polskie napisy)\n\nGOODBYE MY LOVER - James Blunt (Subtitulado en Portugués)\nGOODBYE MY LOVER - James Blunt (legendado em português)\n\nGOODBYE MY LOVER - James Blunt (Subtitulado en Ruso)\nGOODBYE MY LOVER - James Blunt (Русские субтитры)\n\n\nEspero sea de su agrado, saludos =)",
    "playlistId" : "LLxeDEhM41DYX7Tyh1edBc4w",
    "position" : 21,
    "publishedAt" : "2012-12-10T03:01:45.000Z",
    "resourceId" : {
      "kind" : "youtube#video",
      "videoId" : "UOtSOOfjAfE"
    },
    "thumbnails" : {
      "default" : {
        "height" : 90,
        "url" : "https://i.ytimg.com/vi/UOtSOOfjAfE/default.jpg",
        "width" : 120
      },
      "high" : {
        "height" : 360,
        "url" : "https://i.ytimg.com/vi/UOtSOOfjAfE/hqdefault.jpg",
        "width" : 480
      },
      "maxres" : {
        "height" : 720,
        "url" : "https://i.ytimg.com/vi/UOtSOOfjAfE/maxresdefault.jpg",
        "width" : 1280
      },
      "medium" : {
        "height" : 180,
        "url" : "https://i.ytimg.com/vi/UOtSOOfjAfE/mqdefault.jpg",
        "width" : 320
      },
      "standard" : {
        "height" : 480,
        "url" : "https://i.ytimg.com/vi/UOtSOOfjAfE/sddefault.jpg",
        "width" : 640
      }
    },
    "title" : "GOODBYE MY LOVER - James Blunt (Subtitulado en Español)"
  },
  "status" : {
    "privacyStatus" : "public"
  }
} ]