[ {
  "contentDetails" : {
    "videoId" : "_FzZIU53PK8",
    "videoPublishedAt" : "2018-02-24T17:54:58.000Z"
  },
  "etag" : "\"XI7nbFXulYBIpL0ayR_gDh3eu1k/Fm_-UUFnYlxRSYO1evxTNxOw6ro\"",
  "id" : "UExkcmtYTldnc0o1cGlwTmJGbk14VFE4S3JLTm04aGVXNS41NkI0NEY2RDEwNTU3Q0M2",
  "kind" : "youtube#playlistItem",
  "snippet" : {
    "channelId" : "UCxeDEhM41DYX7Tyh1edBc4w",
    "channelTitle" : "Esteban Londoño",
    "description" : "Speaker: Ahias Portillo\n\nCon el big data, el procesamiento en paralelo y las necesidades de ver el futuro, una nueva era está surgiendo y los BI deben evolucionar con la tecnológica o morir como los dinosaurios, hay que convertirse en un científico de datos, en esta conferencia hablaremos de lo que debes saber para poder ser uno.",
    "playlistId" : "PLdrkXNWgsJ5pipNbFnMxTQ8KrKNm8heW5",
    "position" : 0,
    "publishedAt" : "2018-10-31T00:54:41.000Z",
    "resourceId" : {
      "kind" : "youtube#video",
      "videoId" : "_FzZIU53PK8"
    },
    "thumbnails" : {
      "default" : {
        "height" : 90,
        "url" : "https://i.ytimg.com/vi/_FzZIU53PK8/default.jpg",
        "width" : 120
      },
      "high" : {
        "height" : 360,
        "url" : "https://i.ytimg.com/vi/_FzZIU53PK8/hqdefault.jpg",
        "width" : 480
      },
      "medium" : {
        "height" : 180,
        "url" : "https://i.ytimg.com/vi/_FzZIU53PK8/mqdefault.jpg",
        "width" : 320
      }
    },
    "title" : "Transformación Digital – Ciencia de datos el siguiente nivel"
  },
  "status" : {
    "privacyStatus" : "public"
  }
}, {
  "contentDetails" : {
    "videoId" : "1miQOB0WIrk",
    "videoPublishedAt" : "2018-02-24T16:05:33.000Z"
  },
  "etag" : "\"XI7nbFXulYBIpL0ayR_gDh3eu1k/lkTBfl883tvCoRrbWETEzfSKwhc\"",
  "id" : "UExkcmtYTldnc0o1cGlwTmJGbk14VFE4S3JLTm04aGVXNS4yODlGNEE0NkRGMEEzMEQy",
  "kind" : "youtube#playlistItem",
  "snippet" : {
    "channelId" : "UCxeDEhM41DYX7Tyh1edBc4w",
    "channelTitle" : "Esteban Londoño",
    "description" : "Speaker: Eduardo Castro\n\nEl Microsoft Machine Learning Server es la nueva herramienta de inteligencia artificial y análisis de datos de Microsoft, en esta sesión veremos cómo instalar, configurar y utilizar este servidor y cómo se pueden crear modelos y publicarlos como servicios.",
    "playlistId" : "PLdrkXNWgsJ5pipNbFnMxTQ8KrKNm8heW5",
    "position" : 1,
    "publishedAt" : "2018-10-31T00:54:57.000Z",
    "resourceId" : {
      "kind" : "youtube#video",
      "videoId" : "1miQOB0WIrk"
    },
    "thumbnails" : {
      "default" : {
        "height" : 90,
        "url" : "https://i.ytimg.com/vi/1miQOB0WIrk/default.jpg",
        "width" : 120
      },
      "high" : {
        "height" : 360,
        "url" : "https://i.ytimg.com/vi/1miQOB0WIrk/hqdefault.jpg",
        "width" : 480
      },
      "maxres" : {
        "height" : 720,
        "url" : "https://i.ytimg.com/vi/1miQOB0WIrk/maxresdefault.jpg",
        "width" : 1280
      },
      "medium" : {
        "height" : 180,
        "url" : "https://i.ytimg.com/vi/1miQOB0WIrk/mqdefault.jpg",
        "width" : 320
      },
      "standard" : {
        "height" : 480,
        "url" : "https://i.ytimg.com/vi/1miQOB0WIrk/sddefault.jpg",
        "width" : 640
      }
    },
    "title" : "Introducción a Machine Learning Server"
  },
  "status" : {
    "privacyStatus" : "public"
  }
}, {
  "contentDetails" : {
    "videoId" : "pIBS9FuFSzI",
    "videoPublishedAt" : "2018-02-24T17:25:32.000Z"
  },
  "etag" : "\"XI7nbFXulYBIpL0ayR_gDh3eu1k/T4KHIRnxt_J16agOijgoFDQ1Ww8\"",
  "id" : "UExkcmtYTldnc0o1cGlwTmJGbk14VFE4S3JLTm04aGVXNS4wMTcyMDhGQUE4NTIzM0Y5",
  "kind" : "youtube#playlistItem",
  "snippet" : {
    "channelId" : "UCxeDEhM41DYX7Tyh1edBc4w",
    "channelTitle" : "Esteban Londoño",
    "description" : "Speaker: Andrei Garzon\n\nEn esta sesión veremos las principales novedades de SSAS en SQL Server 2017.",
    "playlistId" : "PLdrkXNWgsJ5pipNbFnMxTQ8KrKNm8heW5",
    "position" : 2,
    "publishedAt" : "2018-10-31T00:55:02.000Z",
    "resourceId" : {
      "kind" : "youtube#video",
      "videoId" : "pIBS9FuFSzI"
    },
    "thumbnails" : {
      "default" : {
        "height" : 90,
        "url" : "https://i.ytimg.com/vi/pIBS9FuFSzI/default.jpg",
        "width" : 120
      },
      "high" : {
        "height" : 360,
        "url" : "https://i.ytimg.com/vi/pIBS9FuFSzI/hqdefault.jpg",
        "width" : 480
      },
      "maxres" : {
        "height" : 720,
        "url" : "https://i.ytimg.com/vi/pIBS9FuFSzI/maxresdefault.jpg",
        "width" : 1280
      },
      "medium" : {
        "height" : 180,
        "url" : "https://i.ytimg.com/vi/pIBS9FuFSzI/mqdefault.jpg",
        "width" : 320
      },
      "standard" : {
        "height" : 480,
        "url" : "https://i.ytimg.com/vi/pIBS9FuFSzI/sddefault.jpg",
        "width" : 640
      }
    },
    "title" : "Novedades en SSAS 2017"
  },
  "status" : {
    "privacyStatus" : "public"
  }
}, {
  "contentDetails" : {
    "videoId" : "YWWTMhHkVBw",
    "videoPublishedAt" : "2018-02-24T17:33:02.000Z"
  },
  "etag" : "\"XI7nbFXulYBIpL0ayR_gDh3eu1k/wzfLSiLR60f4OW1dgw6LpzWjbns\"",
  "id" : "UExkcmtYTldnc0o1cGlwTmJGbk14VFE4S3JLTm04aGVXNS41MjE1MkI0OTQ2QzJGNzNG",
  "kind" : "youtube#playlistItem",
  "snippet" : {
    "channelId" : "UCxeDEhM41DYX7Tyh1edBc4w",
    "channelTitle" : "Esteban Londoño",
    "description" : "Speaker: César Oviedo\n\nSiendo el DevOps uno de los temas de \"moda\" en el mundo del Software, brindaremos una descripción práctica de su aplicación en el Business Intelligence utilizando TFS/SSMS/PowerShell.",
    "playlistId" : "PLdrkXNWgsJ5pipNbFnMxTQ8KrKNm8heW5",
    "position" : 3,
    "publishedAt" : "2018-10-31T00:55:10.000Z",
    "resourceId" : {
      "kind" : "youtube#video",
      "videoId" : "YWWTMhHkVBw"
    },
    "thumbnails" : {
      "default" : {
        "height" : 90,
        "url" : "https://i.ytimg.com/vi/YWWTMhHkVBw/default.jpg",
        "width" : 120
      },
      "high" : {
        "height" : 360,
        "url" : "https://i.ytimg.com/vi/YWWTMhHkVBw/hqdefault.jpg",
        "width" : 480
      },
      "maxres" : {
        "height" : 720,
        "url" : "https://i.ytimg.com/vi/YWWTMhHkVBw/maxresdefault.jpg",
        "width" : 1280
      },
      "medium" : {
        "height" : 180,
        "url" : "https://i.ytimg.com/vi/YWWTMhHkVBw/mqdefault.jpg",
        "width" : 320
      },
      "standard" : {
        "height" : 480,
        "url" : "https://i.ytimg.com/vi/YWWTMhHkVBw/sddefault.jpg",
        "width" : 640
      }
    },
    "title" : "Business Intelligence DevOps"
  },
  "status" : {
    "privacyStatus" : "public"
  }
}, {
  "contentDetails" : {
    "videoId" : "Kw416VW-Z_8",
    "videoPublishedAt" : "2018-02-24T17:34:05.000Z"
  },
  "etag" : "\"XI7nbFXulYBIpL0ayR_gDh3eu1k/TgAtpl0Slm_YEOqGE8D-YmEE3mU\"",
  "id" : "UExkcmtYTldnc0o1cGlwTmJGbk14VFE4S3JLTm04aGVXNS4wOTA3OTZBNzVEMTUzOTMy",
  "kind" : "youtube#playlistItem",
  "snippet" : {
    "channelId" : "UCxeDEhM41DYX7Tyh1edBc4w",
    "channelTitle" : "Esteban Londoño",
    "description" : "Speaker: Patricio Cofre\n\nGrafos son una forma común de representar redes y relaciones entre objetos, que no son fáciles de modelar en relacional. SQL Server 2017 cuenta con una extensión llamada Graph-data con la cual demostraremos su uso en un sistema recomendador de compras.",
    "playlistId" : "PLdrkXNWgsJ5pipNbFnMxTQ8KrKNm8heW5",
    "position" : 4,
    "publishedAt" : "2018-10-31T00:55:16.000Z",
    "resourceId" : {
      "kind" : "youtube#video",
      "videoId" : "Kw416VW-Z_8"
    },
    "thumbnails" : {
      "default" : {
        "height" : 90,
        "url" : "https://i.ytimg.com/vi/Kw416VW-Z_8/default.jpg",
        "width" : 120
      },
      "high" : {
        "height" : 360,
        "url" : "https://i.ytimg.com/vi/Kw416VW-Z_8/hqdefault.jpg",
        "width" : 480
      },
      "maxres" : {
        "height" : 720,
        "url" : "https://i.ytimg.com/vi/Kw416VW-Z_8/maxresdefault.jpg",
        "width" : 1280
      },
      "medium" : {
        "height" : 180,
        "url" : "https://i.ytimg.com/vi/Kw416VW-Z_8/mqdefault.jpg",
        "width" : 320
      },
      "standard" : {
        "height" : 480,
        "url" : "https://i.ytimg.com/vi/Kw416VW-Z_8/sddefault.jpg",
        "width" : 640
      }
    },
    "title" : "Creación de un Sistema Recomendador basado en Grafos en SQL 2017"
  },
  "status" : {
    "privacyStatus" : "public"
  }
}, {
  "contentDetails" : {
    "videoId" : "Yk1tuDrR0yg",
    "videoPublishedAt" : "2018-02-24T17:36:34.000Z"
  },
  "etag" : "\"XI7nbFXulYBIpL0ayR_gDh3eu1k/CgX4PjyEch2TKT0LMU8O6ixqzWo\"",
  "id" : "UExkcmtYTldnc0o1cGlwTmJGbk14VFE4S3JLTm04aGVXNS4xMkVGQjNCMUM1N0RFNEUx",
  "kind" : "youtube#playlistItem",
  "snippet" : {
    "channelId" : "UCxeDEhM41DYX7Tyh1edBc4w",
    "channelTitle" : "Esteban Londoño",
    "description" : "Speaker: Javier Loria\n\nEn esta sesión veremos cómo usar tablas temporales y como integrar esta tecnología a las diferentes arquitecturas de inteligencia de negocios, y usarlas para ofrecer uno de los elementos más importantes de las bodegas de datos: Variante en el Tiempo.",
    "playlistId" : "PLdrkXNWgsJ5pipNbFnMxTQ8KrKNm8heW5",
    "position" : 5,
    "publishedAt" : "2018-10-31T00:55:21.000Z",
    "resourceId" : {
      "kind" : "youtube#video",
      "videoId" : "Yk1tuDrR0yg"
    },
    "thumbnails" : {
      "default" : {
        "height" : 90,
        "url" : "https://i.ytimg.com/vi/Yk1tuDrR0yg/default.jpg",
        "width" : 120
      },
      "high" : {
        "height" : 360,
        "url" : "https://i.ytimg.com/vi/Yk1tuDrR0yg/hqdefault.jpg",
        "width" : 480
      },
      "maxres" : {
        "height" : 720,
        "url" : "https://i.ytimg.com/vi/Yk1tuDrR0yg/maxresdefault.jpg",
        "width" : 1280
      },
      "medium" : {
        "height" : 180,
        "url" : "https://i.ytimg.com/vi/Yk1tuDrR0yg/mqdefault.jpg",
        "width" : 320
      },
      "standard" : {
        "height" : 480,
        "url" : "https://i.ytimg.com/vi/Yk1tuDrR0yg/sddefault.jpg",
        "width" : 640
      }
    },
    "title" : "No pierdas el tiempo, implementa Tablas Temporales en tu Data Warehouse"
  },
  "status" : {
    "privacyStatus" : "public"
  }
}, {
  "contentDetails" : {
    "videoId" : "La2t959MKn8",
    "videoPublishedAt" : "2018-02-24T17:52:57.000Z"
  },
  "etag" : "\"XI7nbFXulYBIpL0ayR_gDh3eu1k/atxMZT-mNuuvkd3U718Il_VqtHM\"",
  "id" : "UExkcmtYTldnc0o1cGlwTmJGbk14VFE4S3JLTm04aGVXNS41MzJCQjBCNDIyRkJDN0VD",
  "kind" : "youtube#playlistItem",
  "snippet" : {
    "channelId" : "UCxeDEhM41DYX7Tyh1edBc4w",
    "channelTitle" : "Esteban Londoño",
    "description" : "Speaker: Juan Alvarado\n\nEn esta sesion analizaremos el role de Power BI reporting Services, sus caracteristicas principales, sus limitaciones y tips de implementaciones en el mundo real empresarial.   Si ud, a pensado implementar Power BI dentro de su data center pero piensa que tiene el poder de Power BI Services, esta sesion es para ud.  \nVeremos demos de su uso y publicacion de reportes on-premise.",
    "playlistId" : "PLdrkXNWgsJ5pipNbFnMxTQ8KrKNm8heW5",
    "position" : 6,
    "publishedAt" : "2018-11-17T15:29:50.000Z",
    "resourceId" : {
      "kind" : "youtube#video",
      "videoId" : "La2t959MKn8"
    },
    "thumbnails" : {
      "default" : {
        "height" : 90,
        "url" : "https://i.ytimg.com/vi/La2t959MKn8/default.jpg",
        "width" : 120
      },
      "high" : {
        "height" : 360,
        "url" : "https://i.ytimg.com/vi/La2t959MKn8/hqdefault.jpg",
        "width" : 480
      },
      "maxres" : {
        "height" : 720,
        "url" : "https://i.ytimg.com/vi/La2t959MKn8/maxresdefault.jpg",
        "width" : 1280
      },
      "medium" : {
        "height" : 180,
        "url" : "https://i.ytimg.com/vi/La2t959MKn8/mqdefault.jpg",
        "width" : 320
      },
      "standard" : {
        "height" : 480,
        "url" : "https://i.ytimg.com/vi/La2t959MKn8/sddefault.jpg",
        "width" : 640
      }
    },
    "title" : "Power BI Reporting Services  el poder de PBI en su datacenter"
  },
  "status" : {
    "privacyStatus" : "public"
  }
} ]