[ {
  "contentDetails" : {
    "videoId" : "RnuLdk9qq6Q",
    "videoPublishedAt" : "2015-09-08T01:23:15.000Z"
  },
  "etag" : "\"XI7nbFXulYBIpL0ayR_gDh3eu1k/4t0Uv6ulwu9zpsiX2JY161weEv8\"",
  "id" : "VVV4ZURFaE00MURZWDdUeWgxZWRCYzR3LlJudUxkazlxcTZR",
  "kind" : "youtube#playlistItem",
  "snippet" : {
    "channelId" : "UCxeDEhM41DYX7Tyh1edBc4w",
    "channelTitle" : "Esteban Londoño",
    "description" : "",
    "playlistId" : "UUxeDEhM41DYX7Tyh1edBc4w",
    "position" : 0,
    "publishedAt" : "2015-09-08T01:23:15.000Z",
    "resourceId" : {
      "kind" : "youtube#video",
      "videoId" : "RnuLdk9qq6Q"
    },
    "thumbnails" : {
      "default" : {
        "height" : 90,
        "url" : "https://i.ytimg.com/vi/RnuLdk9qq6Q/default.jpg",
        "width" : 120
      },
      "high" : {
        "height" : 360,
        "url" : "https://i.ytimg.com/vi/RnuLdk9qq6Q/hqdefault.jpg",
        "width" : 480
      },
      "maxres" : {
        "height" : 720,
        "url" : "https://i.ytimg.com/vi/RnuLdk9qq6Q/maxresdefault.jpg",
        "width" : 1280
      },
      "medium" : {
        "height" : 180,
        "url" : "https://i.ytimg.com/vi/RnuLdk9qq6Q/mqdefault.jpg",
        "width" : 320
      },
      "standard" : {
        "height" : 480,
        "url" : "https://i.ytimg.com/vi/RnuLdk9qq6Q/sddefault.jpg",
        "width" : 640
      }
    },
    "title" : "Laguna 69 huascaran"
  },
  "status" : {
    "privacyStatus" : "public"
  }
} ]