[ {
  "contentDetails" : {
    "videoId" : "PQRbdJgEm3k",
    "videoPublishedAt" : "2017-04-04T15:00:02.000Z"
  },
  "etag" : "\"XI7nbFXulYBIpL0ayR_gDh3eu1k/XpMdudwhGQuI-AZ0Ztr7MXfliXg\"",
  "id" : "V0x4ZURFaE00MURZWDdUeWgxZWRCYzR3LjI5NkZFM0RDRkY1QzlEODA=",
  "kind" : "youtube#playlistItem",
  "snippet" : {
    "channelId" : "UCxeDEhM41DYX7Tyh1edBc4w",
    "channelTitle" : "Esteban Londoño",
    "description" : "In this video, I talk about the Power BI Admin Role! I look at how to assign it to a user and what you get, and don't get, with this role.\n\nOfficial Documentation\nhttps://powerbi.microsoft.com/en-us/documentation/powerbi-admin-role/\n\nDownload Azure Active Directory PowerShell Version 2 - https://github.com/Azure/azure-docs-powershell-azuread/blob/master/Azure%20AD%20Cmdlets/AzureAD/index.md\n\nDownload Azure Active Directory PowerShell Version 1.1.166.0 GA - http://connect.microsoft.com/site1164/Downloads/DownloadDetails.aspx?DownloadID=59185\n\nLET'S CONNECT!\n\nGuy in a Cube\n-- https://guyinacube.com\n-- http://twitter.com/guyinacube\n-- http://www.facebook.com/guyinacube\n-- Snapchat - guyinacube\n-- https://www.instagram.com/guyinacube/\n\n***Gear***\nCheck out my Tools page - https://guyinacube.com/tools/",
    "playlistId" : "WLxeDEhM41DYX7Tyh1edBc4w",
    "position" : 0,
    "publishedAt" : "2018-12-05T16:50:45.000Z",
    "resourceId" : {
      "kind" : "youtube#video",
      "videoId" : "PQRbdJgEm3k"
    },
    "thumbnails" : {
      "default" : {
        "height" : 90,
        "url" : "https://i.ytimg.com/vi/PQRbdJgEm3k/default.jpg",
        "width" : 120
      },
      "high" : {
        "height" : 360,
        "url" : "https://i.ytimg.com/vi/PQRbdJgEm3k/hqdefault.jpg",
        "width" : 480
      },
      "maxres" : {
        "height" : 720,
        "url" : "https://i.ytimg.com/vi/PQRbdJgEm3k/maxresdefault.jpg",
        "width" : 1280
      },
      "medium" : {
        "height" : 180,
        "url" : "https://i.ytimg.com/vi/PQRbdJgEm3k/mqdefault.jpg",
        "width" : 320
      },
      "standard" : {
        "height" : 480,
        "url" : "https://i.ytimg.com/vi/PQRbdJgEm3k/sddefault.jpg",
        "width" : 640
      }
    },
    "title" : "Looking at the Power BI Admin Role"
  },
  "status" : {
    "privacyStatus" : "public"
  }
}, {
  "contentDetails" : {
    "videoId" : "1AVgh9w9VM8",
    "videoPublishedAt" : "2017-03-07T16:00:00.000Z"
  },
  "etag" : "\"XI7nbFXulYBIpL0ayR_gDh3eu1k/luhii54iY2yK1dQK2rdMV5HB4YU\"",
  "id" : "V0x4ZURFaE00MURZWDdUeWgxZWRCYzR3LjM0MjFFQkZBOEVFODVDMDI=",
  "kind" : "youtube#playlistItem",
  "snippet" : {
    "channelId" : "UCxeDEhM41DYX7Tyh1edBc4w",
    "channelTitle" : "Esteban Londoño",
    "description" : "In this video, I look at how you can find Power BI users that have signed in within your organization. \n\nI start with looking at PowerShell to see which users have a license assigned, but then we can head over to Azure Active Directory and look at some of the reports that are built in if you have an Azure Active Directory Premium license.\n\nYou can also use PowerShell to get this information.\n\nYour users don't need to have Azure Active Directory Premium. You only need at least one users to have that license and you can access the reports.\n\nAzure Active Directory Usage Reports - https://docs.microsoft.com/en-us/azure/active-directory/active-directory-view-access-usage-reports#view-or-download-a-report\n\nPowerShell example - https://docs.microsoft.com/en-us/azure/active-directory/active-directory-reporting-api-sign-in-activity-samples#powershell-script\n\nLET'S CONNECT!\n\nGuy in a Cube\n-- https://guyinacube.com\n-- http://twitter.com/guyinacube\n-- http://www.facebook.com/guyinacube\n-- Snapchat - guyinacube\n-- https://www.instagram.com/guyinacube/\n\n***Gear***\nCheck out my Tools page - https://guyinacube.com/tools/",
    "playlistId" : "WLxeDEhM41DYX7Tyh1edBc4w",
    "position" : 1,
    "publishedAt" : "2018-12-05T17:01:40.000Z",
    "resourceId" : {
      "kind" : "youtube#video",
      "videoId" : "1AVgh9w9VM8"
    },
    "thumbnails" : {
      "default" : {
        "height" : 90,
        "url" : "https://i.ytimg.com/vi/1AVgh9w9VM8/default.jpg",
        "width" : 120
      },
      "high" : {
        "height" : 360,
        "url" : "https://i.ytimg.com/vi/1AVgh9w9VM8/hqdefault.jpg",
        "width" : 480
      },
      "maxres" : {
        "height" : 720,
        "url" : "https://i.ytimg.com/vi/1AVgh9w9VM8/maxresdefault.jpg",
        "width" : 1280
      },
      "medium" : {
        "height" : 180,
        "url" : "https://i.ytimg.com/vi/1AVgh9w9VM8/mqdefault.jpg",
        "width" : 320
      },
      "standard" : {
        "height" : 480,
        "url" : "https://i.ytimg.com/vi/1AVgh9w9VM8/sddefault.jpg",
        "width" : 640
      }
    },
    "title" : "Find Power BI users that have signed in"
  },
  "status" : {
    "privacyStatus" : "public"
  }
}, {
  "contentDetails" : {
    "videoId" : "xMT3ckHOrx0",
    "videoPublishedAt" : "2018-11-20T14:03:34.000Z"
  },
  "etag" : "\"XI7nbFXulYBIpL0ayR_gDh3eu1k/qDKc7SR0lKkEIDU5JrT06TPk_uw\"",
  "id" : "V0x4ZURFaE00MURZWDdUeWgxZWRCYzR3LjA3QUFFRUU0RUExNkFDQzE=",
  "kind" : "youtube#playlistItem",
  "snippet" : {
    "channelId" : "UCxeDEhM41DYX7Tyh1edBc4w",
    "channelTitle" : "Esteban Londoño",
    "description" : "In this screencast, we learn about the popular SQLAlchemy package. SQLAlchemy (https://www.sqlalchemy.org/) is an Object Relational Mapper for Python that allows you to interface with databases in a \"Pythonic\" manner.\n\nYou can read the chapter this video is based on here: http://python101.pythonlibrary.org/ or buy the book here - https://leanpub.com/python_101\n\nNote: This video was recorded a couple of years ago, so there may be some minor API changes in SQLAlchemy.",
    "playlistId" : "WLxeDEhM41DYX7Tyh1edBc4w",
    "position" : 2,
    "publishedAt" : "2018-12-11T16:22:16.000Z",
    "resourceId" : {
      "kind" : "youtube#video",
      "videoId" : "xMT3ckHOrx0"
    },
    "thumbnails" : {
      "default" : {
        "height" : 90,
        "url" : "https://i.ytimg.com/vi/xMT3ckHOrx0/default.jpg",
        "width" : 120
      },
      "high" : {
        "height" : 360,
        "url" : "https://i.ytimg.com/vi/xMT3ckHOrx0/hqdefault.jpg",
        "width" : 480
      },
      "maxres" : {
        "height" : 720,
        "url" : "https://i.ytimg.com/vi/xMT3ckHOrx0/maxresdefault.jpg",
        "width" : 1280
      },
      "medium" : {
        "height" : 180,
        "url" : "https://i.ytimg.com/vi/xMT3ckHOrx0/mqdefault.jpg",
        "width" : 320
      },
      "standard" : {
        "height" : 480,
        "url" : "https://i.ytimg.com/vi/xMT3ckHOrx0/sddefault.jpg",
        "width" : 640
      }
    },
    "title" : "Python 101: Episode #34 - The SQLAlchemy Package"
  },
  "status" : {
    "privacyStatus" : "public"
  }
}, {
  "contentDetails" : {
    "videoId" : "63DhaSjVRFI",
    "videoPublishedAt" : "2018-12-10T13:00:00.000Z"
  },
  "etag" : "\"XI7nbFXulYBIpL0ayR_gDh3eu1k/V0pOdteZowLdkNsObCZUSvlAvMw\"",
  "id" : "V0x4ZURFaE00MURZWDdUeWgxZWRCYzR3LkQ4ODI2NjgzMDdDNjlFOTE=",
  "kind" : "youtube#playlistItem",
  "snippet" : {
    "channelId" : "UCxeDEhM41DYX7Tyh1edBc4w",
    "channelTitle" : "Esteban Londoño",
    "description" : "Did you know that you can scrape websites using R? In this video I am going to show you not only how you can scrape websites, but also how to create parameters for an R script and how to create a function with R.\n\nHere you can download all the pbix files: https://curbal.com/donwload-center\n\nSUBSCRIBE to learn more about Power and Excel BI!\nhttps://www.youtube.com/channel/UCJ7UhloHSA4wAqPzyi6TOkw?sub_confirmation=1\n\nOur PLAYLISTS:\n- Join our DAX Fridays! Series: https://goo.gl/FtUWUX\n- Power BI dashboards for beginners: https://goo.gl/9YzyDP\n- Power BI Tips & Tricks: https://goo.gl/H6kUbP\n- Power Bi and Google Analytics: https://goo.gl/ZNsY8l\n\n☼☼☼☼☼☼☼☼☼☼\n\nPOWER BI COURSES:\n\nWant to learn Power BI? How about you take one of our courses? Here you can find the available courses:\nhttps://curbal.com/courses-overview\n\n☼☼☼☼☼☼☼☼☼☼\n\nABOUT CURBAL:\nWebsite: http://www.curbal.com\nContact us: http://www.curbal.com/contact\n\n▼▼▼▼▼▼▼▼▼▼\n\nIf you feel that any of the videos, downloads, blog posts that I have created have been useful to you and you want to help me keep on going, here you can do a small donation to support my work and keep the channel running:\n\nhttps://curbal.com/product/sponsor-me\n\nMany thanks in advance!\n\n▲▲▲▲▲▲▲▲▲▲\n\n\nQUESTIONS? COMMENTS? SUGGESTIONS? You’ll find me here:\n Linkedin     ► https://goo.gl/3VW6Ky\n Twitter        ►  @curbalen, @ruthpozuelo\n Facebook   ►  https://goo.gl/bME2sB",
    "playlistId" : "WLxeDEhM41DYX7Tyh1edBc4w",
    "position" : 3,
    "publishedAt" : "2018-12-12T01:38:11.000Z",
    "resourceId" : {
      "kind" : "youtube#video",
      "videoId" : "63DhaSjVRFI"
    },
    "thumbnails" : {
      "default" : {
        "height" : 90,
        "url" : "https://i.ytimg.com/vi/63DhaSjVRFI/default.jpg",
        "width" : 120
      },
      "high" : {
        "height" : 360,
        "url" : "https://i.ytimg.com/vi/63DhaSjVRFI/hqdefault.jpg",
        "width" : 480
      },
      "maxres" : {
        "height" : 720,
        "url" : "https://i.ytimg.com/vi/63DhaSjVRFI/maxresdefault.jpg",
        "width" : 1280
      },
      "medium" : {
        "height" : 180,
        "url" : "https://i.ytimg.com/vi/63DhaSjVRFI/mqdefault.jpg",
        "width" : 320
      },
      "standard" : {
        "height" : 480,
        "url" : "https://i.ytimg.com/vi/63DhaSjVRFI/sddefault.jpg",
        "width" : 640
      }
    },
    "title" : "Scrape a website using an R and Power BI and create R functions | D#42"
  },
  "status" : {
    "privacyStatus" : "public"
  }
}, {
  "contentDetails" : {
    "videoId" : "AHNlkjRFdYI",
    "videoPublishedAt" : "2018-12-12T06:54:47.000Z"
  },
  "etag" : "\"XI7nbFXulYBIpL0ayR_gDh3eu1k/ZrU-uFQjgK-5h1JblvHYDSOCRo4\"",
  "id" : "V0x4ZURFaE00MURZWDdUeWgxZWRCYzR3LkE3N0RDNjRERDNBMTI3RTc=",
  "kind" : "youtube#playlistItem",
  "snippet" : {
    "channelId" : "UCxeDEhM41DYX7Tyh1edBc4w",
    "channelTitle" : "Esteban Londoño",
    "description" : "December is a huge month for us in terms of accessibility. With this release, the entire product supports keyboard navigation, screen readers, and high contrast settings for both report consumption and report creation. We are also previewing one of the most asked for features related to Q&A, support for live connect! We also have lots of smaller improvements across the product, such as customizable tooltips for buttons and a larger DAX formula bar.\n\nSmart Guides - 0:10\nArcGIS Maps for Power BI - 1:24\nFields list accessibility - 7:43\nTab order control - 10:43\nTooltips for buttons - 14:45\nUpdated icons - 16:15\nLive connect support for Q&A - 17:17\nDAX formula bar updates - 18:52\nData view accessibility - 20:52\nBlpm: Interact directed flow graph - 22:50\nAtScale & Oracle Essbase connectors - 24:09 \nFuzzy merge - 24:41\nHigh contrast support - 27:12\nKeyboard shortcut dialog - 27:34\n\nHere's the link to the blog post: https://powerbi.microsoft.com/en-us/blog/power-bi-desktop-december-2018-feature-summary/\n\nDownload the latest version of the Power BI Desktop here: http://powerbi.microsoft.com/desktop?WT.mc_id=Blog_Desktop_Update \n\nAs always you can download the sample file used in this video from GitHub: https://github.com/Microsoft/powerbi-desktop-samples\n\nFollow us on Twitter - https://twitter.com/mspowerbi\n\nMore questions? Try asking the Power BI Community @ https://community.powerbi.com/",
    "playlistId" : "WLxeDEhM41DYX7Tyh1edBc4w",
    "position" : 4,
    "publishedAt" : "2018-12-12T11:44:44.000Z",
    "resourceId" : {
      "kind" : "youtube#video",
      "videoId" : "AHNlkjRFdYI"
    },
    "thumbnails" : {
      "default" : {
        "height" : 90,
        "url" : "https://i.ytimg.com/vi/AHNlkjRFdYI/default.jpg",
        "width" : 120
      },
      "high" : {
        "height" : 360,
        "url" : "https://i.ytimg.com/vi/AHNlkjRFdYI/hqdefault.jpg",
        "width" : 480
      },
      "maxres" : {
        "height" : 720,
        "url" : "https://i.ytimg.com/vi/AHNlkjRFdYI/maxresdefault.jpg",
        "width" : 1280
      },
      "medium" : {
        "height" : 180,
        "url" : "https://i.ytimg.com/vi/AHNlkjRFdYI/mqdefault.jpg",
        "width" : 320
      },
      "standard" : {
        "height" : 480,
        "url" : "https://i.ytimg.com/vi/AHNlkjRFdYI/sddefault.jpg",
        "width" : 640
      }
    },
    "title" : "Power BI Desktop Update - December 2018"
  },
  "status" : {
    "privacyStatus" : "public"
  }
}, {
  "contentDetails" : {
    "videoId" : "t2HOxl_KHLY",
    "videoPublishedAt" : "2018-12-14T02:27:45.000Z"
  },
  "etag" : "\"XI7nbFXulYBIpL0ayR_gDh3eu1k/8_C3mW5-hbRcfvj1cwEWXaQsLf8\"",
  "id" : "V0x4ZURFaE00MURZWDdUeWgxZWRCYzR3LjdEODczMkMxNEUxNkU5MDA=",
  "kind" : "youtube#playlistItem",
  "snippet" : {
    "channelId" : "UCxeDEhM41DYX7Tyh1edBc4w",
    "channelTitle" : "Esteban Londoño",
    "description" : "Esta navidad regala conocimiento en : platzi.com/navidad\n\nHacer el regalo perfecto para nuestra geek o nuestro geek especial puede ser complicado sino sabes lo que hace feliz . \n\nEn este video Freddy Vega nos hace una concreta lista de regalos específicos e ideas de de regalos para no fallar al momento de elegir el presente para tu persona geek favorita. \n\n\n\n----------------------------------------------------------------------\nTodo esto y más, en https://platzi.com\n\n\n\n¡Suscríbete a nosotros!\nFacebook: http://bit.ly/platzifb\nAquí, en YouTube: http://bit.ly/mejoryt",
    "playlistId" : "WLxeDEhM41DYX7Tyh1edBc4w",
    "position" : 5,
    "publishedAt" : "2018-12-14T12:00:32.000Z",
    "resourceId" : {
      "kind" : "youtube#video",
      "videoId" : "t2HOxl_KHLY"
    },
    "thumbnails" : {
      "default" : {
        "height" : 90,
        "url" : "https://i.ytimg.com/vi/t2HOxl_KHLY/default.jpg",
        "width" : 120
      },
      "high" : {
        "height" : 360,
        "url" : "https://i.ytimg.com/vi/t2HOxl_KHLY/hqdefault.jpg",
        "width" : 480
      },
      "maxres" : {
        "height" : 720,
        "url" : "https://i.ytimg.com/vi/t2HOxl_KHLY/maxresdefault.jpg",
        "width" : 1280
      },
      "medium" : {
        "height" : 180,
        "url" : "https://i.ytimg.com/vi/t2HOxl_KHLY/mqdefault.jpg",
        "width" : 320
      },
      "standard" : {
        "height" : 480,
        "url" : "https://i.ytimg.com/vi/t2HOxl_KHLY/sddefault.jpg",
        "width" : 640
      }
    },
    "title" : "Regalos no inútiles para geeks en Navidad | PlatziLive"
  },
  "status" : {
    "privacyStatus" : "public"
  }
}, {
  "contentDetails" : {
    "videoId" : "MXKDEyc-vtU",
    "videoPublishedAt" : "2018-12-05T15:00:01.000Z"
  },
  "etag" : "\"XI7nbFXulYBIpL0ayR_gDh3eu1k/fqokW9i4DomT-o3DN1psofbEaSI\"",
  "id" : "V0x4ZURFaE00MURZWDdUeWgxZWRCYzR3Ljg2MjE2Nzk5RDBCQkE4NDk=",
  "kind" : "youtube#playlistItem",
  "snippet" : {
    "channelId" : "UCxeDEhM41DYX7Tyh1edBc4w",
    "channelTitle" : "Esteban Londoño",
    "description" : "What's up guys! Parker here. In this video I will be demonstrating how highlight the highest and lowest sales period in your data dynamically! This is an awesome trick that isn't too hard to set up. I hope you enjoy this Power BI Tutorial!\n\nLink to PBIX:\nhttps://www.dropbox.com/s/du6jvhctaosupvg/Max_Min_Periods%20-%20Demo%202.pbix?dl=0\n\nPlay with my YouTube data!\nhttps://bielite.com/#try\n\nTo enroll in my introductory Power BI course:\nhttps://www.udemy.com/learn-power-bi-fast/?couponCode=CHEAPEST\n\nConnect with me on Twitter!\nhttps://twitter.com/PowerBIElite",
    "playlistId" : "WLxeDEhM41DYX7Tyh1edBc4w",
    "position" : 6,
    "publishedAt" : "2018-12-15T12:49:25.000Z",
    "resourceId" : {
      "kind" : "youtube#video",
      "videoId" : "MXKDEyc-vtU"
    },
    "thumbnails" : {
      "default" : {
        "height" : 90,
        "url" : "https://i.ytimg.com/vi/MXKDEyc-vtU/default.jpg",
        "width" : 120
      },
      "high" : {
        "height" : 360,
        "url" : "https://i.ytimg.com/vi/MXKDEyc-vtU/hqdefault.jpg",
        "width" : 480
      },
      "maxres" : {
        "height" : 720,
        "url" : "https://i.ytimg.com/vi/MXKDEyc-vtU/maxresdefault.jpg",
        "width" : 1280
      },
      "medium" : {
        "height" : 180,
        "url" : "https://i.ytimg.com/vi/MXKDEyc-vtU/mqdefault.jpg",
        "width" : 320
      },
      "standard" : {
        "height" : 480,
        "url" : "https://i.ytimg.com/vi/MXKDEyc-vtU/sddefault.jpg",
        "width" : 640
      }
    },
    "title" : "Power BI - Identifying Best and Worst Periods in Your Data"
  },
  "status" : {
    "privacyStatus" : "public"
  }
}, {
  "contentDetails" : {
    "videoId" : "DRVDYOrVdlQ",
    "videoPublishedAt" : "2018-11-06T15:00:01.000Z"
  },
  "etag" : "\"XI7nbFXulYBIpL0ayR_gDh3eu1k/pmM189AwFU4rJ5fT65pVhOpYR1Q\"",
  "id" : "V0x4ZURFaE00MURZWDdUeWgxZWRCYzR3LjBGRUE1Rjg5OTM3QkI1MDY=",
  "kind" : "youtube#playlistItem",
  "snippet" : {
    "channelId" : "UCxeDEhM41DYX7Tyh1edBc4w",
    "channelTitle" : "Esteban Londoño",
    "description" : "What's up guys! Parker here with an awesome update! BIElite.com is now live and on it you can find my YouTube report where you can slice and dice through all the data pertaining to the YouTube channel. This has been one of my favorite Power BI Reports to build because it it gives me insights into how the channel is doing and what you are enjoying most!\n\nhttps://bielite.com/#try\n\nTo enroll in my introductory Power BI course:\nhttps://www.udemy.com/learn-power-bi-fast/?couponCode=CHEAPEST\n\nConnect with me on Twitter!\nhttps://twitter.com/PowerBIElite",
    "playlistId" : "WLxeDEhM41DYX7Tyh1edBc4w",
    "position" : 7,
    "publishedAt" : "2018-12-15T12:49:54.000Z",
    "resourceId" : {
      "kind" : "youtube#video",
      "videoId" : "DRVDYOrVdlQ"
    },
    "thumbnails" : {
      "default" : {
        "height" : 90,
        "url" : "https://i.ytimg.com/vi/DRVDYOrVdlQ/default.jpg",
        "width" : 120
      },
      "high" : {
        "height" : 360,
        "url" : "https://i.ytimg.com/vi/DRVDYOrVdlQ/hqdefault.jpg",
        "width" : 480
      },
      "maxres" : {
        "height" : 720,
        "url" : "https://i.ytimg.com/vi/DRVDYOrVdlQ/maxresdefault.jpg",
        "width" : 1280
      },
      "medium" : {
        "height" : 180,
        "url" : "https://i.ytimg.com/vi/DRVDYOrVdlQ/mqdefault.jpg",
        "width" : 320
      },
      "standard" : {
        "height" : 480,
        "url" : "https://i.ytimg.com/vi/DRVDYOrVdlQ/sddefault.jpg",
        "width" : 640
      }
    },
    "title" : "Power BI - Explore My Youtube Data!"
  },
  "status" : {
    "privacyStatus" : "public"
  }
}, {
  "contentDetails" : {
    "videoId" : "4V-yeg4fva0",
    "videoPublishedAt" : "2018-10-09T14:08:46.000Z"
  },
  "etag" : "\"XI7nbFXulYBIpL0ayR_gDh3eu1k/0eGKVlF5aVeazEDCy-l-NeWwXC0\"",
  "id" : "V0x4ZURFaE00MURZWDdUeWgxZWRCYzR3Ljc2MTk0N0NFN0Q2NDdFOTA=",
  "kind" : "youtube#playlistItem",
  "snippet" : {
    "channelId" : "UCxeDEhM41DYX7Tyh1edBc4w",
    "channelTitle" : "Esteban Londoño",
    "description" : "Hey guys! Parker here. Check out this cool trick on how to display a message box to your users every time they refresh or change a slicer selection! This is seriously awesome and can be useful if you would like to provide some feedback to those who are running your Power BI reports.\n\nPlay with my YouTube data!\nhttps://bielite.com/#try\n\nTo enroll in my introductory Power BI course:\nhttps://www.udemy.com/learn-power-bi-fast/?couponCode=CHEAPEST\n\nConnect with me on Twitter!\nhttps://twitter.com/PowerBIElite",
    "playlistId" : "WLxeDEhM41DYX7Tyh1edBc4w",
    "position" : 8,
    "publishedAt" : "2018-12-15T12:50:10.000Z",
    "resourceId" : {
      "kind" : "youtube#video",
      "videoId" : "4V-yeg4fva0"
    },
    "thumbnails" : {
      "default" : {
        "height" : 90,
        "url" : "https://i.ytimg.com/vi/4V-yeg4fva0/default.jpg",
        "width" : 120
      },
      "high" : {
        "height" : 360,
        "url" : "https://i.ytimg.com/vi/4V-yeg4fva0/hqdefault.jpg",
        "width" : 480
      },
      "maxres" : {
        "height" : 720,
        "url" : "https://i.ytimg.com/vi/4V-yeg4fva0/maxresdefault.jpg",
        "width" : 1280
      },
      "medium" : {
        "height" : 180,
        "url" : "https://i.ytimg.com/vi/4V-yeg4fva0/mqdefault.jpg",
        "width" : 320
      },
      "standard" : {
        "height" : 480,
        "url" : "https://i.ytimg.com/vi/4V-yeg4fva0/sddefault.jpg",
        "width" : 640
      }
    },
    "title" : "Power BI - Pop-up Message Box to Users with Python!"
  },
  "status" : {
    "privacyStatus" : "public"
  }
}, {
  "contentDetails" : {
    "videoId" : "La2t959MKn8",
    "videoPublishedAt" : "2018-02-24T17:52:57.000Z"
  },
  "etag" : "\"XI7nbFXulYBIpL0ayR_gDh3eu1k/dQOoteZwFrpt-4t8NVK_ms-QX_g\"",
  "id" : "V0x4ZURFaE00MURZWDdUeWgxZWRCYzR3LkQ0QTI5MjA2Rjg3MUYyRDY=",
  "kind" : "youtube#playlistItem",
  "snippet" : {
    "channelId" : "UCxeDEhM41DYX7Tyh1edBc4w",
    "channelTitle" : "Esteban Londoño",
    "description" : "Speaker: Juan Alvarado\n\nEn esta sesion analizaremos el role de Power BI reporting Services, sus caracteristicas principales, sus limitaciones y tips de implementaciones en el mundo real empresarial.   Si ud, a pensado implementar Power BI dentro de su data center pero piensa que tiene el poder de Power BI Services, esta sesion es para ud.  \nVeremos demos de su uso y publicacion de reportes on-premise.",
    "playlistId" : "WLxeDEhM41DYX7Tyh1edBc4w",
    "position" : 9,
    "publishedAt" : "2018-12-15T12:51:37.000Z",
    "resourceId" : {
      "kind" : "youtube#video",
      "videoId" : "La2t959MKn8"
    },
    "thumbnails" : {
      "default" : {
        "height" : 90,
        "url" : "https://i.ytimg.com/vi/La2t959MKn8/default.jpg",
        "width" : 120
      },
      "high" : {
        "height" : 360,
        "url" : "https://i.ytimg.com/vi/La2t959MKn8/hqdefault.jpg",
        "width" : 480
      },
      "maxres" : {
        "height" : 720,
        "url" : "https://i.ytimg.com/vi/La2t959MKn8/maxresdefault.jpg",
        "width" : 1280
      },
      "medium" : {
        "height" : 180,
        "url" : "https://i.ytimg.com/vi/La2t959MKn8/mqdefault.jpg",
        "width" : 320
      },
      "standard" : {
        "height" : 480,
        "url" : "https://i.ytimg.com/vi/La2t959MKn8/sddefault.jpg",
        "width" : 640
      }
    },
    "title" : "Power BI Reporting Services  el poder de PBI en su datacenter"
  },
  "status" : {
    "privacyStatus" : "public"
  }
}, {
  "contentDetails" : {
    "videoId" : "Yk1tuDrR0yg",
    "videoPublishedAt" : "2018-02-24T17:36:34.000Z"
  },
  "etag" : "\"XI7nbFXulYBIpL0ayR_gDh3eu1k/mgSGPbWPk6yb0ZdIOy2QyADOGi8\"",
  "id" : "V0x4ZURFaE00MURZWDdUeWgxZWRCYzR3LjY0RkM1NTRFNEQ0NTNGMzM=",
  "kind" : "youtube#playlistItem",
  "snippet" : {
    "channelId" : "UCxeDEhM41DYX7Tyh1edBc4w",
    "channelTitle" : "Esteban Londoño",
    "description" : "Speaker: Javier Loria\n\nEn esta sesión veremos cómo usar tablas temporales y como integrar esta tecnología a las diferentes arquitecturas de inteligencia de negocios, y usarlas para ofrecer uno de los elementos más importantes de las bodegas de datos: Variante en el Tiempo.",
    "playlistId" : "WLxeDEhM41DYX7Tyh1edBc4w",
    "position" : 10,
    "publishedAt" : "2018-12-15T12:51:53.000Z",
    "resourceId" : {
      "kind" : "youtube#video",
      "videoId" : "Yk1tuDrR0yg"
    },
    "thumbnails" : {
      "default" : {
        "height" : 90,
        "url" : "https://i.ytimg.com/vi/Yk1tuDrR0yg/default.jpg",
        "width" : 120
      },
      "high" : {
        "height" : 360,
        "url" : "https://i.ytimg.com/vi/Yk1tuDrR0yg/hqdefault.jpg",
        "width" : 480
      },
      "maxres" : {
        "height" : 720,
        "url" : "https://i.ytimg.com/vi/Yk1tuDrR0yg/maxresdefault.jpg",
        "width" : 1280
      },
      "medium" : {
        "height" : 180,
        "url" : "https://i.ytimg.com/vi/Yk1tuDrR0yg/mqdefault.jpg",
        "width" : 320
      },
      "standard" : {
        "height" : 480,
        "url" : "https://i.ytimg.com/vi/Yk1tuDrR0yg/sddefault.jpg",
        "width" : 640
      }
    },
    "title" : "No pierdas el tiempo, implementa Tablas Temporales en tu Data Warehouse"
  },
  "status" : {
    "privacyStatus" : "public"
  }
}, {
  "contentDetails" : {
    "videoId" : "Kw416VW-Z_8",
    "videoPublishedAt" : "2018-02-24T17:34:05.000Z"
  },
  "etag" : "\"XI7nbFXulYBIpL0ayR_gDh3eu1k/-_68ny-_zLpJOwiQPhOZipXE1qM\"",
  "id" : "V0x4ZURFaE00MURZWDdUeWgxZWRCYzR3LkFEODU1RjU5NjZDODM4QzQ=",
  "kind" : "youtube#playlistItem",
  "snippet" : {
    "channelId" : "UCxeDEhM41DYX7Tyh1edBc4w",
    "channelTitle" : "Esteban Londoño",
    "description" : "Speaker: Patricio Cofre\n\nGrafos son una forma común de representar redes y relaciones entre objetos, que no son fáciles de modelar en relacional. SQL Server 2017 cuenta con una extensión llamada Graph-data con la cual demostraremos su uso en un sistema recomendador de compras.",
    "playlistId" : "WLxeDEhM41DYX7Tyh1edBc4w",
    "position" : 11,
    "publishedAt" : "2018-12-15T12:52:02.000Z",
    "resourceId" : {
      "kind" : "youtube#video",
      "videoId" : "Kw416VW-Z_8"
    },
    "thumbnails" : {
      "default" : {
        "height" : 90,
        "url" : "https://i.ytimg.com/vi/Kw416VW-Z_8/default.jpg",
        "width" : 120
      },
      "high" : {
        "height" : 360,
        "url" : "https://i.ytimg.com/vi/Kw416VW-Z_8/hqdefault.jpg",
        "width" : 480
      },
      "maxres" : {
        "height" : 720,
        "url" : "https://i.ytimg.com/vi/Kw416VW-Z_8/maxresdefault.jpg",
        "width" : 1280
      },
      "medium" : {
        "height" : 180,
        "url" : "https://i.ytimg.com/vi/Kw416VW-Z_8/mqdefault.jpg",
        "width" : 320
      },
      "standard" : {
        "height" : 480,
        "url" : "https://i.ytimg.com/vi/Kw416VW-Z_8/sddefault.jpg",
        "width" : 640
      }
    },
    "title" : "Creación de un Sistema Recomendador basado en Grafos en SQL 2017"
  },
  "status" : {
    "privacyStatus" : "public"
  }
}, {
  "contentDetails" : {
    "videoId" : "YWWTMhHkVBw",
    "videoPublishedAt" : "2018-02-24T17:33:02.000Z"
  },
  "etag" : "\"XI7nbFXulYBIpL0ayR_gDh3eu1k/4yq7Tg1KOycoNHwNbKs2glq__lY\"",
  "id" : "V0x4ZURFaE00MURZWDdUeWgxZWRCYzR3LkRGRENCNjQ3RjRDRUU5N0I=",
  "kind" : "youtube#playlistItem",
  "snippet" : {
    "channelId" : "UCxeDEhM41DYX7Tyh1edBc4w",
    "channelTitle" : "Esteban Londoño",
    "description" : "Speaker: César Oviedo\n\nSiendo el DevOps uno de los temas de \"moda\" en el mundo del Software, brindaremos una descripción práctica de su aplicación en el Business Intelligence utilizando TFS/SSMS/PowerShell.",
    "playlistId" : "WLxeDEhM41DYX7Tyh1edBc4w",
    "position" : 12,
    "publishedAt" : "2018-12-15T12:52:08.000Z",
    "resourceId" : {
      "kind" : "youtube#video",
      "videoId" : "YWWTMhHkVBw"
    },
    "thumbnails" : {
      "default" : {
        "height" : 90,
        "url" : "https://i.ytimg.com/vi/YWWTMhHkVBw/default.jpg",
        "width" : 120
      },
      "high" : {
        "height" : 360,
        "url" : "https://i.ytimg.com/vi/YWWTMhHkVBw/hqdefault.jpg",
        "width" : 480
      },
      "maxres" : {
        "height" : 720,
        "url" : "https://i.ytimg.com/vi/YWWTMhHkVBw/maxresdefault.jpg",
        "width" : 1280
      },
      "medium" : {
        "height" : 180,
        "url" : "https://i.ytimg.com/vi/YWWTMhHkVBw/mqdefault.jpg",
        "width" : 320
      },
      "standard" : {
        "height" : 480,
        "url" : "https://i.ytimg.com/vi/YWWTMhHkVBw/sddefault.jpg",
        "width" : 640
      }
    },
    "title" : "Business Intelligence DevOps"
  },
  "status" : {
    "privacyStatus" : "public"
  }
}, {
  "contentDetails" : {
    "videoId" : "T-Y7PSHKJZM",
    "videoPublishedAt" : "2018-02-24T17:25:22.000Z"
  },
  "etag" : "\"XI7nbFXulYBIpL0ayR_gDh3eu1k/VekHLSp3cfPnvTcmaRdAsKJ2rYE\"",
  "id" : "V0x4ZURFaE00MURZWDdUeWgxZWRCYzR3LjAwOTBGQjc3MTE4MDYxMUY=",
  "kind" : "youtube#playlistItem",
  "snippet" : {
    "channelId" : "UCxeDEhM41DYX7Tyh1edBc4w",
    "channelTitle" : "Esteban Londoño",
    "description" : "Speaker: Marco Tulio Gómez Reyes\n\nData Analysis Expressions (DAX) es un lenguaje de consultas utilizado en SQL Server Analysis Services (Modelos Tabulares), Excel Power Pivot y en Power BI. Esta charla es ideal si quiere aprender sobre Introduccion a DAX. La diferencia entre métricas y columnas, Cálculos simples, Funciones tipo texto, Funciones logicas y condiciones, Time Intelligence, Creación de tablas, Resúmenes o sumarizaciones, Tablas relacionadas",
    "playlistId" : "WLxeDEhM41DYX7Tyh1edBc4w",
    "position" : 13,
    "publishedAt" : "2018-12-15T12:52:22.000Z",
    "resourceId" : {
      "kind" : "youtube#video",
      "videoId" : "T-Y7PSHKJZM"
    },
    "thumbnails" : {
      "default" : {
        "height" : 90,
        "url" : "https://i.ytimg.com/vi/T-Y7PSHKJZM/default.jpg",
        "width" : 120
      },
      "high" : {
        "height" : 360,
        "url" : "https://i.ytimg.com/vi/T-Y7PSHKJZM/hqdefault.jpg",
        "width" : 480
      },
      "maxres" : {
        "height" : 720,
        "url" : "https://i.ytimg.com/vi/T-Y7PSHKJZM/maxresdefault.jpg",
        "width" : 1280
      },
      "medium" : {
        "height" : 180,
        "url" : "https://i.ytimg.com/vi/T-Y7PSHKJZM/mqdefault.jpg",
        "width" : 320
      },
      "standard" : {
        "height" : 480,
        "url" : "https://i.ytimg.com/vi/T-Y7PSHKJZM/sddefault.jpg",
        "width" : 640
      }
    },
    "title" : "DAX Data Analysis Expresions"
  },
  "status" : {
    "privacyStatus" : "public"
  }
}, {
  "contentDetails" : {
    "videoId" : "1miQOB0WIrk",
    "videoPublishedAt" : "2018-02-24T16:05:33.000Z"
  },
  "etag" : "\"XI7nbFXulYBIpL0ayR_gDh3eu1k/Ae9yoLx8HyGRLKQPB6WSplrsG5Q\"",
  "id" : "V0x4ZURFaE00MURZWDdUeWgxZWRCYzR3LjFEMkY5NzhGRTEzNTAxQUY=",
  "kind" : "youtube#playlistItem",
  "snippet" : {
    "channelId" : "UCxeDEhM41DYX7Tyh1edBc4w",
    "channelTitle" : "Esteban Londoño",
    "description" : "Speaker: Eduardo Castro\n\nEl Microsoft Machine Learning Server es la nueva herramienta de inteligencia artificial y análisis de datos de Microsoft, en esta sesión veremos cómo instalar, configurar y utilizar este servidor y cómo se pueden crear modelos y publicarlos como servicios.",
    "playlistId" : "WLxeDEhM41DYX7Tyh1edBc4w",
    "position" : 14,
    "publishedAt" : "2018-12-15T12:52:33.000Z",
    "resourceId" : {
      "kind" : "youtube#video",
      "videoId" : "1miQOB0WIrk"
    },
    "thumbnails" : {
      "default" : {
        "height" : 90,
        "url" : "https://i.ytimg.com/vi/1miQOB0WIrk/default.jpg",
        "width" : 120
      },
      "high" : {
        "height" : 360,
        "url" : "https://i.ytimg.com/vi/1miQOB0WIrk/hqdefault.jpg",
        "width" : 480
      },
      "maxres" : {
        "height" : 720,
        "url" : "https://i.ytimg.com/vi/1miQOB0WIrk/maxresdefault.jpg",
        "width" : 1280
      },
      "medium" : {
        "height" : 180,
        "url" : "https://i.ytimg.com/vi/1miQOB0WIrk/mqdefault.jpg",
        "width" : 320
      },
      "standard" : {
        "height" : 480,
        "url" : "https://i.ytimg.com/vi/1miQOB0WIrk/sddefault.jpg",
        "width" : 640
      }
    },
    "title" : "Introducción a Machine Learning Server"
  },
  "status" : {
    "privacyStatus" : "public"
  }
}, {
  "contentDetails" : {
    "videoId" : "QwowA-LAWcs",
    "videoPublishedAt" : "2018-02-24T16:05:32.000Z"
  },
  "etag" : "\"XI7nbFXulYBIpL0ayR_gDh3eu1k/ZZ8-GAqm_wJkiaft27ACzikZfx0\"",
  "id" : "V0x4ZURFaE00MURZWDdUeWgxZWRCYzR3LjBBMjg4RkVFQTRDRDc4NDA=",
  "kind" : "youtube#playlistItem",
  "snippet" : {
    "channelId" : "UCxeDEhM41DYX7Tyh1edBc4w",
    "channelTitle" : "Esteban Londoño",
    "description" : "Speaker: Jorge Muchaypiña Gutierrez\n\nIntegraremos R, Text Analytics(Cognitive Services) y PowerBI.",
    "playlistId" : "WLxeDEhM41DYX7Tyh1edBc4w",
    "position" : 15,
    "publishedAt" : "2018-12-15T12:52:43.000Z",
    "resourceId" : {
      "kind" : "youtube#video",
      "videoId" : "QwowA-LAWcs"
    },
    "thumbnails" : {
      "default" : {
        "height" : 90,
        "url" : "https://i.ytimg.com/vi/QwowA-LAWcs/default.jpg",
        "width" : 120
      },
      "high" : {
        "height" : 360,
        "url" : "https://i.ytimg.com/vi/QwowA-LAWcs/hqdefault.jpg",
        "width" : 480
      },
      "maxres" : {
        "height" : 720,
        "url" : "https://i.ytimg.com/vi/QwowA-LAWcs/maxresdefault.jpg",
        "width" : 1280
      },
      "medium" : {
        "height" : 180,
        "url" : "https://i.ytimg.com/vi/QwowA-LAWcs/mqdefault.jpg",
        "width" : 320
      },
      "standard" : {
        "height" : 480,
        "url" : "https://i.ytimg.com/vi/QwowA-LAWcs/sddefault.jpg",
        "width" : 640
      }
    },
    "title" : "Minería de Texto y Análisis de Sentimiento con R en PowerBI"
  },
  "status" : {
    "privacyStatus" : "public"
  }
}, {
  "contentDetails" : {
    "videoId" : "6FTheWPq5CQ",
    "videoPublishedAt" : "2018-12-13T03:30:20.000Z"
  },
  "etag" : "\"XI7nbFXulYBIpL0ayR_gDh3eu1k/f22j2EitG-R-bez2fIv4fPpgNPQ\"",
  "id" : "V0x4ZURFaE00MURZWDdUeWgxZWRCYzR3LjU1QzA1NUREM0FENzhEQzQ=",
  "kind" : "youtube#playlistItem",
  "snippet" : {
    "channelId" : "UCxeDEhM41DYX7Tyh1edBc4w",
    "channelTitle" : "Esteban Londoño",
    "description" : "📚 https://goo.gl/e79kCm Download TONS of FREE PDF lessons to learn English twice as fast!!\n\nYou are an English beginner and want to get started with the English language? This is the perfect place for you! With this English lesson, you will learn how to improve your writing skills so you can make long sentences in English like a native speaker! From English vocabulary to pronunciation, your English level will never be the same again!\n\n■ Facebook: https://www.facebook.com/ENGLISHCLASS101  \n■ Twitter: https://twitter.com/EnglishClass101 \n■ Instagram: https://www.instagram.com/wwwEnglishClass101com\n\nAlso, please LIKE, SHARE and COMMENT on our videos! We really appreciate it. Thanks!",
    "playlistId" : "WLxeDEhM41DYX7Tyh1edBc4w",
    "position" : 16,
    "publishedAt" : "2018-12-15T12:53:16.000Z",
    "resourceId" : {
      "kind" : "youtube#video",
      "videoId" : "6FTheWPq5CQ"
    },
    "thumbnails" : {
      "default" : {
        "height" : 90,
        "url" : "https://i.ytimg.com/vi/6FTheWPq5CQ/default.jpg",
        "width" : 120
      },
      "high" : {
        "height" : 360,
        "url" : "https://i.ytimg.com/vi/6FTheWPq5CQ/hqdefault.jpg",
        "width" : 480
      },
      "medium" : {
        "height" : 180,
        "url" : "https://i.ytimg.com/vi/6FTheWPq5CQ/mqdefault.jpg",
        "width" : 320
      }
    },
    "title" : "Improve Your Writing Skills and Make Long Sentences in English!"
  },
  "status" : {
    "privacyStatus" : "public"
  }
}, {
  "contentDetails" : {
    "videoId" : "b4Y4J5k1LWA",
    "videoPublishedAt" : "2018-12-11T09:30:01.000Z"
  },
  "etag" : "\"XI7nbFXulYBIpL0ayR_gDh3eu1k/x6sWqQJq9SDDz_o4pF5jJDCjP9M\"",
  "id" : "V0x4ZURFaE00MURZWDdUeWgxZWRCYzR3LkFFRUI3QTQzMTBDMDA2MzI=",
  "kind" : "youtube#playlistItem",
  "snippet" : {
    "channelId" : "UCxeDEhM41DYX7Tyh1edBc4w",
    "channelTitle" : "Esteban Londoño",
    "description" : "Want to get ready for the United States?  \nhttps://goo.gl/bEi78e Get your PDF lessons to improve your English for free! \n↓ Check how below ↓\n\nStep 1: https://goo.gl/bEi78e\nStep 2: Sign up for a Free Lifetime Account - No money, No credit card required \nStep 3: Learn with the best online resources and quickly become conversational.\n\nIf you are an absolute beginner English learner, this video is made for you. we will give you some tips to fix and improve your English! Our host expresses herself in simple English. This video will give you all the phrases you need to know to survive your trip to the United States. This is THE place to start if you want to start learning English.\n\n■ Facebook: https://www.facebook.com/EnglishClass101\n■ Instagram: https://www.instagram.com/EnglishClass101\n■ Twitter: https://twitter.com/EnglishClass101\n\nAlso, please LIKE, SHARE and COMMENT on our videos! We really appreciate it. Thanks!\n\n#LearnEnglish #the United StatesTravel #English #SurvivalPhrases",
    "playlistId" : "WLxeDEhM41DYX7Tyh1edBc4w",
    "position" : 17,
    "publishedAt" : "2018-12-15T12:53:35.000Z",
    "resourceId" : {
      "kind" : "youtube#video",
      "videoId" : "b4Y4J5k1LWA"
    },
    "thumbnails" : {
      "default" : {
        "height" : 90,
        "url" : "https://i.ytimg.com/vi/b4Y4J5k1LWA/default.jpg",
        "width" : 120
      },
      "high" : {
        "height" : 360,
        "url" : "https://i.ytimg.com/vi/b4Y4J5k1LWA/hqdefault.jpg",
        "width" : 480
      },
      "maxres" : {
        "height" : 720,
        "url" : "https://i.ytimg.com/vi/b4Y4J5k1LWA/maxresdefault.jpg",
        "width" : 1280
      },
      "medium" : {
        "height" : 180,
        "url" : "https://i.ytimg.com/vi/b4Y4J5k1LWA/mqdefault.jpg",
        "width" : 320
      },
      "standard" : {
        "height" : 480,
        "url" : "https://i.ytimg.com/vi/b4Y4J5k1LWA/sddefault.jpg",
        "width" : 640
      }
    },
    "title" : "Phrases to Study on Your Flight to the United States"
  },
  "status" : {
    "privacyStatus" : "public"
  }
}, {
  "contentDetails" : {
    "videoId" : "SNWS-LUj0_A",
    "videoPublishedAt" : "2018-12-12T09:30:01.000Z"
  },
  "etag" : "\"XI7nbFXulYBIpL0ayR_gDh3eu1k/T9uvPHpOESTYM8FV0v4OvvmVT5o\"",
  "id" : "V0x4ZURFaE00MURZWDdUeWgxZWRCYzR3LkQ4OTI0MzNGQkE2RDY2QzM=",
  "kind" : "youtube#playlistItem",
  "snippet" : {
    "channelId" : "UCxeDEhM41DYX7Tyh1edBc4w",
    "channelTitle" : "Esteban Londoño",
    "description" : "Finally Get Fluent in English with PERSONALIZED Lessons. Get Your Free Lifetime Account: https://goo.gl/3BBvXh ↓ Check how below ↓\n\nStep 1: Go to https://goo.gl/3BBvXh \nStep 2: Sign up for a Free Lifetime Account - No money, No credit card required \nStep 3: Start learning English the fast, fun and easy way! \n\nSave 20% on FULL Access to EnglishClass101 with your YOUTUBE coupon for All subscriptions https://goo.gl/jTV6wf\n\n\n\n■ Facebook: https://www.facebook.com/EnglishClass101\n■ Twitter: https://twitter.com/EnglishClass101\n\nClick here to find out more about this lesson: https://goo.gl/po5ooz\n\nAlso, please LIKE, SHARE and COMMENT on our videos! We really appreciate it. Thanks!",
    "playlistId" : "WLxeDEhM41DYX7Tyh1edBc4w",
    "position" : 18,
    "publishedAt" : "2018-12-15T12:53:44.000Z",
    "resourceId" : {
      "kind" : "youtube#video",
      "videoId" : "SNWS-LUj0_A"
    },
    "thumbnails" : {
      "default" : {
        "height" : 90,
        "url" : "https://i.ytimg.com/vi/SNWS-LUj0_A/default.jpg",
        "width" : 120
      },
      "high" : {
        "height" : 360,
        "url" : "https://i.ytimg.com/vi/SNWS-LUj0_A/hqdefault.jpg",
        "width" : 480
      },
      "maxres" : {
        "height" : 720,
        "url" : "https://i.ytimg.com/vi/SNWS-LUj0_A/maxresdefault.jpg",
        "width" : 1280
      },
      "medium" : {
        "height" : 180,
        "url" : "https://i.ytimg.com/vi/SNWS-LUj0_A/mqdefault.jpg",
        "width" : 320
      },
      "standard" : {
        "height" : 480,
        "url" : "https://i.ytimg.com/vi/SNWS-LUj0_A/sddefault.jpg",
        "width" : 640
      }
    },
    "title" : "LOSE - Basic Verbs - Learn English Grammar"
  },
  "status" : {
    "privacyStatus" : "public"
  }
}, {
  "contentDetails" : {
    "videoId" : "FLf-RBc1K3A",
    "videoPublishedAt" : "2018-12-06T03:51:18.000Z"
  },
  "etag" : "\"XI7nbFXulYBIpL0ayR_gDh3eu1k/Fg0OPl9ud_qURr2Zsdksq2lAFRU\"",
  "id" : "V0x4ZURFaE00MURZWDdUeWgxZWRCYzR3LjUzMkU0RjE4MTI3MDRBRTE=",
  "kind" : "youtube#playlistItem",
  "snippet" : {
    "channelId" : "UCxeDEhM41DYX7Tyh1edBc4w",
    "channelTitle" : "Esteban Londoño",
    "description" : "BIGGEST DEAL OF THE YEAR! Get 55% OFF today only!! Click Here: https://goo.gl/ug2MAi\n\n😍 Unlock UNLIMITED access for life: ALL lessons, lesson notes, Premium study tools, exclusive apps and more – at a MASSIVE 55% OFF.\n\nYou are an English beginner and want to get started with the English language? This is the perfect place for you! With this English lesson, you will learn how to explain a problem you have! From English vocabulary to pronunciation, your English level will never be the same again!\n\n■ Facebook: https://www.facebook.com/ENGLISHCLASS101  \n■ Twitter: https://twitter.com/EnglishClass101 \n■ Instagram: https://www.instagram.com/wwwEnglishClass101com\n\nAlso, please LIKE, SHARE and COMMENT on our videos! We really appreciate it. Thanks!",
    "playlistId" : "WLxeDEhM41DYX7Tyh1edBc4w",
    "position" : 19,
    "publishedAt" : "2018-12-15T12:53:55.000Z",
    "resourceId" : {
      "kind" : "youtube#video",
      "videoId" : "FLf-RBc1K3A"
    },
    "thumbnails" : {
      "default" : {
        "height" : 90,
        "url" : "https://i.ytimg.com/vi/FLf-RBc1K3A/default.jpg",
        "width" : 120
      },
      "high" : {
        "height" : 360,
        "url" : "https://i.ytimg.com/vi/FLf-RBc1K3A/hqdefault.jpg",
        "width" : 480
      },
      "medium" : {
        "height" : 180,
        "url" : "https://i.ytimg.com/vi/FLf-RBc1K3A/mqdefault.jpg",
        "width" : 320
      }
    },
    "title" : "How to Explain a Problem in English - Basic English Phrases"
  },
  "status" : {
    "privacyStatus" : "public"
  }
}, {
  "contentDetails" : {
    "videoId" : "bBaHJ6FT5K0",
    "videoPublishedAt" : "2018-11-30T13:30:01.000Z"
  },
  "etag" : "\"XI7nbFXulYBIpL0ayR_gDh3eu1k/bOVh1yO_BImaDhBVmUtmL01M17k\"",
  "id" : "V0x4ZURFaE00MURZWDdUeWgxZWRCYzR3LkQ2ODcwRTJDQjM4MzNBOEE=",
  "kind" : "youtube#playlistItem",
  "snippet" : {
    "channelId" : "UCxeDEhM41DYX7Tyh1edBc4w",
    "channelTitle" : "Esteban Londoño",
    "description" : "https://goo.gl/h2nPpq ← If you’re studying English, chances are you’re looking to become fluent and conversational as fast as possible, right? Well then, look no further! Here is your fast track to fluency ↓ Check how below ↓\n\nStep 1: Go to https://goo.gl/h2nPpq\nStep 2: Sign up for a Free Lifetime Account - No money, No credit card required \nStep 3: Easily master English grammar and vocabulary\n\nWith this video, you'll learn 17 English Movie Quotes! We selected for you the most popular quotes from English movies that you could use to impress native English people!\nIf you are an absolute beginner English learner, this video is made for you. This is THE place to start if you want to start learning English.\n\n■ Facebook: https://www.facebook.com/EnglishClass101\n■ Twitter: https://twitter.com/EnglishClass101\n■ Tumblr: https://EnglishClass101101.tumblr.com\n■ Instagram: https://www.instagram.com/EnglishClass101\n\nClick here to get started at EnglishClass101.com: https://goo.gl/h2nPpq\n\nAlso, please LIKE, SHARE and COMMENT on our videos! We really appreciate it. Thanks!",
    "playlistId" : "WLxeDEhM41DYX7Tyh1edBc4w",
    "position" : 20,
    "publishedAt" : "2018-12-15T12:54:11.000Z",
    "resourceId" : {
      "kind" : "youtube#video",
      "videoId" : "bBaHJ6FT5K0"
    },
    "thumbnails" : {
      "default" : {
        "height" : 90,
        "url" : "https://i.ytimg.com/vi/bBaHJ6FT5K0/default.jpg",
        "width" : 120
      },
      "high" : {
        "height" : 360,
        "url" : "https://i.ytimg.com/vi/bBaHJ6FT5K0/hqdefault.jpg",
        "width" : 480
      },
      "maxres" : {
        "height" : 720,
        "url" : "https://i.ytimg.com/vi/bBaHJ6FT5K0/maxresdefault.jpg",
        "width" : 1280
      },
      "medium" : {
        "height" : 180,
        "url" : "https://i.ytimg.com/vi/bBaHJ6FT5K0/mqdefault.jpg",
        "width" : 320
      },
      "standard" : {
        "height" : 480,
        "url" : "https://i.ytimg.com/vi/bBaHJ6FT5K0/sddefault.jpg",
        "width" : 640
      }
    },
    "title" : "17 Most Popular American Movie Quotes"
  },
  "status" : {
    "privacyStatus" : "public"
  }
}, {
  "contentDetails" : {
    "videoId" : "RnldYv_xwyc",
    "videoPublishedAt" : "2018-11-28T13:30:00.000Z"
  },
  "etag" : "\"XI7nbFXulYBIpL0ayR_gDh3eu1k/qPSRcB2JQbrA-CVud8k-ah2NMGQ\"",
  "id" : "V0x4ZURFaE00MURZWDdUeWgxZWRCYzR3LjkwQjc2ODMxNUVCRkY4NjE=",
  "kind" : "youtube#playlistItem",
  "snippet" : {
    "channelId" : "UCxeDEhM41DYX7Tyh1edBc4w",
    "channelTitle" : "Esteban Londoño",
    "description" : "Finally Get Fluent in English with PERSONALIZED Lessons. Get Your Free Lifetime Account: https://goo.gl/YmyqLy ↓ Check how below ↓\n\nStep 1: Go to https://goo.gl/YmyqLy \nStep 2: Sign up for a Free Lifetime Account - No money, No credit card required \nStep 3: Start learning English the fast, fun and easy way! \n\nSave 20% on FULL Access to EnglishClass101 with your YOUTUBE coupon for All subscriptions https://goo.gl/9D2Jfb\n\n\n\n■ Facebook: https://www.facebook.com/EnglishClass101\n■ Twitter: https://twitter.com/EnglishClass101\n\nClick here to find out more about this lesson: https://goo.gl/CKE4ZW\n\nAlso, please LIKE, SHARE and COMMENT on our videos! We really appreciate it. Thanks!",
    "playlistId" : "WLxeDEhM41DYX7Tyh1edBc4w",
    "position" : 21,
    "publishedAt" : "2018-12-15T12:54:16.000Z",
    "resourceId" : {
      "kind" : "youtube#video",
      "videoId" : "RnldYv_xwyc"
    },
    "thumbnails" : {
      "default" : {
        "height" : 90,
        "url" : "https://i.ytimg.com/vi/RnldYv_xwyc/default.jpg",
        "width" : 120
      },
      "high" : {
        "height" : 360,
        "url" : "https://i.ytimg.com/vi/RnldYv_xwyc/hqdefault.jpg",
        "width" : 480
      },
      "maxres" : {
        "height" : 720,
        "url" : "https://i.ytimg.com/vi/RnldYv_xwyc/maxresdefault.jpg",
        "width" : 1280
      },
      "medium" : {
        "height" : 180,
        "url" : "https://i.ytimg.com/vi/RnldYv_xwyc/mqdefault.jpg",
        "width" : 320
      },
      "standard" : {
        "height" : 480,
        "url" : "https://i.ytimg.com/vi/RnldYv_xwyc/sddefault.jpg",
        "width" : 640
      }
    },
    "title" : "HOLD - Basic Verbs - Learn English Grammar"
  },
  "status" : {
    "privacyStatus" : "public"
  }
}, {
  "contentDetails" : {
    "videoId" : "ZGfHsVSuC-Q",
    "videoPublishedAt" : "2018-11-20T09:30:00.000Z"
  },
  "etag" : "\"XI7nbFXulYBIpL0ayR_gDh3eu1k/FQH2Lul_eeonKjBwLV5x_Okz0f4\"",
  "id" : "V0x4ZURFaE00MURZWDdUeWgxZWRCYzR3LjM0QzNDQUNERjUyQTVGRDU=",
  "kind" : "youtube#playlistItem",
  "snippet" : {
    "channelId" : "UCxeDEhM41DYX7Tyh1edBc4w",
    "channelTitle" : "Esteban Londoño",
    "description" : "Learn essential phrases you need for great conversation in English! https://goo.gl/4VYdUt Click here to access personalized lessons, tons of video series, wordlists and more! ↓Check how below↓\n\nStep 1: Go to https://goo.gl/4VYdUt \nStep 2: Sign up for a Free Lifetime Account - No money, No credit card required\nStep 3: Achieve Your Learning Goal and master English the fast, fun and easy way! \n\nIn this video, you’ll challenge your English listening comprehension skills. You will learn the most common and useful phrases for everyday life to be able to have good conversations in English. You'll hear English native speakers to improve your listening comprehension skills. This is THE place to start if you want to start learning English, and improve both your listening and speaking skills.\n\nFollow us here:\n- Facebook : https://www.facebook.com/EnglishClass101 \n- Twitter : https://twitter.com/EnglishClass101\n\nAlso, please LIKE, SHARE and COMMENT on our videos! We really appreciate it. Thanks!",
    "playlistId" : "WLxeDEhM41DYX7Tyh1edBc4w",
    "position" : 22,
    "publishedAt" : "2018-12-15T12:54:32.000Z",
    "resourceId" : {
      "kind" : "youtube#video",
      "videoId" : "ZGfHsVSuC-Q"
    },
    "thumbnails" : {
      "default" : {
        "height" : 90,
        "url" : "https://i.ytimg.com/vi/ZGfHsVSuC-Q/default.jpg",
        "width" : 120
      },
      "high" : {
        "height" : 360,
        "url" : "https://i.ytimg.com/vi/ZGfHsVSuC-Q/hqdefault.jpg",
        "width" : 480
      },
      "maxres" : {
        "height" : 720,
        "url" : "https://i.ytimg.com/vi/ZGfHsVSuC-Q/maxresdefault.jpg",
        "width" : 1280
      },
      "medium" : {
        "height" : 180,
        "url" : "https://i.ytimg.com/vi/ZGfHsVSuC-Q/mqdefault.jpg",
        "width" : 320
      },
      "standard" : {
        "height" : 480,
        "url" : "https://i.ytimg.com/vi/ZGfHsVSuC-Q/sddefault.jpg",
        "width" : 640
      }
    },
    "title" : "Essential Phrases You Need for Great Conversation in English"
  },
  "status" : {
    "privacyStatus" : "public"
  }
}, {
  "contentDetails" : {
    "videoId" : "xCdLRAj7CsQ",
    "videoPublishedAt" : "2018-12-14T15:57:49.000Z"
  },
  "etag" : "\"XI7nbFXulYBIpL0ayR_gDh3eu1k/0ug8kvu3auVBD__710xHF8npB2s\"",
  "id" : "V0x4ZURFaE00MURZWDdUeWgxZWRCYzR3LkFDNEFDM0Q5ODM1NTZCRkE=",
  "kind" : "youtube#playlistItem",
  "snippet" : {
    "channelId" : "UCxeDEhM41DYX7Tyh1edBc4w",
    "channelTitle" : "Esteban Londoño",
    "description" : "Why is Speaking English so hard? 😖😩😳😔😰\nWatch next: https://youtu.be/Y4ZkHtObgdw\nToday, we're talking about some of the challenges you face when you speak English... And what you can do to overcome them! \nSpeaking English is different to reading, writing and listening to English... Because there's a lot more pressure! Your reaction needs to be instant!  You're trying to remember words and expressions, you've got to pronounce words clearly, so that you will be understood, and the whole time you have this overwhelming fear that you will mess up and embarrass yourself. \n \n👉Making MISTAKES is the most EMPOWERING thing you can do with your English. It gives you the opportunity to learn and improve. \n\nNOTE: My video lessons are created to help English learners to improve their pronunciation and speaking skills. Please note that the pronunciation of some of these words and expressions differs between English accents. I speak with an Australian English accent 🙂\n\n#mmmEnglish #SpeakingEnglish #EnglishConversation #EnglishLesson #EnglishTeacher #YouTubeTeacher\n\nRead the full transcript of this lesson on my blog here: \nhttps://www.mmmenglish.com/2018/12/15/speaking-english-is-this-holding-you-back/\n\nEnglish Language Tools I recommend!\n\n⭐️Improve your English pronunciation and expression by imitating a native English speaker! Study with mmmEnglish ONLINE COURSES! https://www.mmmenglish.com/imitation\n\n⭐️Try Grammarly Grammar Checker - it's FREE! https://www.grammarly.com/mmmenglish\n\n⭐️English Listening practice - Try Audible for FREE! http://www.audibletrial.com/mmmEnglish \n\nFind mmmEnglish here: \nmmmEnglish Website: http://bit.ly/mmmEnglish \nOn Facebook: http://bit.ly/mmmEnglishFB\nOn Instagram: http://bit.ly/mmmEnglishInsta \nLadies Facebook Group http://bit.ly/LadiesLoveEnglish \nTweetMe on Twitter: http://bit.ly/TweetMmmEnglish \nSubscribe on YouTube: https://www.youtube.com/channel/UCrRi...\n\nTRANSLATE THIS VIDEO!\nDo your friends a favour and help to translate this lesson into your native language! Contribute subtitles translations here: \nhttp://www.youtube.com/timedtext_video?ref=share&v=xCdLRAj7CsQ\n\nYour name will be featured underneath the video 😝",
    "playlistId" : "WLxeDEhM41DYX7Tyh1edBc4w",
    "position" : 23,
    "publishedAt" : "2018-12-15T12:55:01.000Z",
    "resourceId" : {
      "kind" : "youtube#video",
      "videoId" : "xCdLRAj7CsQ"
    },
    "thumbnails" : {
      "default" : {
        "height" : 90,
        "url" : "https://i.ytimg.com/vi/xCdLRAj7CsQ/default.jpg",
        "width" : 120
      },
      "high" : {
        "height" : 360,
        "url" : "https://i.ytimg.com/vi/xCdLRAj7CsQ/hqdefault.jpg",
        "width" : 480
      },
      "maxres" : {
        "height" : 720,
        "url" : "https://i.ytimg.com/vi/xCdLRAj7CsQ/maxresdefault.jpg",
        "width" : 1280
      },
      "medium" : {
        "height" : 180,
        "url" : "https://i.ytimg.com/vi/xCdLRAj7CsQ/mqdefault.jpg",
        "width" : 320
      },
      "standard" : {
        "height" : 480,
        "url" : "https://i.ytimg.com/vi/xCdLRAj7CsQ/sddefault.jpg",
        "width" : 640
      }
    },
    "title" : "SPEAKING ENGLISH: Is this holding you back?"
  },
  "status" : {
    "privacyStatus" : "public"
  }
}, {
  "contentDetails" : {
    "videoId" : "Y4ZkHtObgdw",
    "videoPublishedAt" : "2018-11-30T13:58:22.000Z"
  },
  "etag" : "\"XI7nbFXulYBIpL0ayR_gDh3eu1k/m-TfFAn_iHQu2KRvVrOnwzjOKQU\"",
  "id" : "V0x4ZURFaE00MURZWDdUeWgxZWRCYzR3LkQ3RTQ1OTc3MjAyNTE3Qzc=",
  "kind" : "youtube#playlistItem",
  "snippet" : {
    "channelId" : "UCxeDEhM41DYX7Tyh1edBc4w",
    "channelTitle" : "Esteban Londoño",
    "description" : "In this lesson, I'll show you how to say 4 really common English Expressions used by native English speakers use all the time! Improve your English speaking skills: http://bit.ly/Imitation2\n\nThis lesson will teach you how to say 4 really common English expressions naturally, like a native speaker. You'll practise connected speech, reductions and contractions to help you improve your pronunciation and sound more natural when you speak. This is REAL English pronunciation.\n\nNOTE: My video lessons are created to help English learners to improve their pronunciation and speaking skills. Please note that the pronunciation of some of these words and expressions differs between English accents. I speak with an Australian English accent 🙂\n\n#mmmEnglish #NaturalEnglishPronunciation #RealEnglish #SpeakingEnglish #EnglishLesson #IPA #EnglishPronunciation #EnglishTeacher #YouTubeTeacher\n\nRead the full transcript of this lesson on my blog here: https://www.mmmenglish.com/2018/11/30/how-to-say-4-really-common-english-expressions/\n\nEnglish Language Tools I recommend!\n\n⭐️Improve your English pronunciation and expression by imitating a native English speaker! Study with mmmEnglish ONLINE COURSES! https://www.mmmenglish.com/imitation\n\n⭐️Try Grammarly Grammar Checker - it's FREE! https://www.grammarly.com/mmmenglish\n\n⭐️English Listening practice - Try Audible for FREE! http://www.audibletrial.com/mmmEnglish \n\nFind mmmEnglish here: \nmmmEnglish Website: http://bit.ly/mmmEnglish \nOn Facebook: http://bit.ly/mmmEnglishFB\nOn Instagram: http://bit.ly/mmmEnglishInsta \nLadies Facebook Group http://bit.ly/LadiesLoveEnglish \nTweetMe on Twitter: http://bit.ly/TweetMmmEnglish \nSubscribe on YouTube: https://www.youtube.com/channel/UCrRi...\n\nTRANSLATE THIS VIDEO!\nDo your friends a favour and help to translate this lesson into your native language! Contribute subtitles translations here:  \nhttp://www.youtube.com/timedtext_video?ref=share&v=Y4ZkHtObgdw\nYour name will be featured underneath the video 😝",
    "playlistId" : "WLxeDEhM41DYX7Tyh1edBc4w",
    "position" : 24,
    "publishedAt" : "2018-12-15T12:55:16.000Z",
    "resourceId" : {
      "kind" : "youtube#video",
      "videoId" : "Y4ZkHtObgdw"
    },
    "thumbnails" : {
      "default" : {
        "height" : 90,
        "url" : "https://i.ytimg.com/vi/Y4ZkHtObgdw/default.jpg",
        "width" : 120
      },
      "high" : {
        "height" : 360,
        "url" : "https://i.ytimg.com/vi/Y4ZkHtObgdw/hqdefault.jpg",
        "width" : 480
      },
      "maxres" : {
        "height" : 720,
        "url" : "https://i.ytimg.com/vi/Y4ZkHtObgdw/maxresdefault.jpg",
        "width" : 1280
      },
      "medium" : {
        "height" : 180,
        "url" : "https://i.ytimg.com/vi/Y4ZkHtObgdw/mqdefault.jpg",
        "width" : 320
      },
      "standard" : {
        "height" : 480,
        "url" : "https://i.ytimg.com/vi/Y4ZkHtObgdw/sddefault.jpg",
        "width" : 640
      }
    },
    "title" : "How To Say Common English Expressions! | Small Talk"
  },
  "status" : {
    "privacyStatus" : "public"
  }
}, {
  "contentDetails" : {
    "videoId" : "icf7Hfj22vg",
    "videoPublishedAt" : "2018-04-23T12:50:06.000Z"
  },
  "etag" : "\"XI7nbFXulYBIpL0ayR_gDh3eu1k/Z82kIKK0n24cI3Ozy0Zjj-8kzeQ\"",
  "id" : "V0x4ZURFaE00MURZWDdUeWgxZWRCYzR3LjgzRDkzNDRBNzBDMUMyNzk=",
  "kind" : "youtube#playlistItem",
  "snippet" : {
    "channelId" : "UCxeDEhM41DYX7Tyh1edBc4w",
    "channelTitle" : "Esteban Londoño",
    "description" : "Learning a new database structure is hard. In this tutorial, I'm going to show you how you can create a visualization in Power BI that can allow you to see how your database schema is actually set up. \n\nTo enroll in my introductory Power BI course:\nhttps://www.udemy.com/learn-power-bi-fast/?couponCode=CHEAPEST\n\nNetwork Visualization:\nhttps://appsource.microsoft.com/en-us/product/power-bi-visuals/WA104381419?tab=Overview\n\nChiclet Slicer:\nhttps://appsource.microsoft.com/en-us/product/power-bi-visuals/WA104380756?tab=Overview",
    "playlistId" : "WLxeDEhM41DYX7Tyh1edBc4w",
    "position" : 25,
    "publishedAt" : "2018-12-20T02:31:48.000Z",
    "resourceId" : {
      "kind" : "youtube#video",
      "videoId" : "icf7Hfj22vg"
    },
    "thumbnails" : {
      "default" : {
        "height" : 90,
        "url" : "https://i.ytimg.com/vi/icf7Hfj22vg/default.jpg",
        "width" : 120
      },
      "high" : {
        "height" : 360,
        "url" : "https://i.ytimg.com/vi/icf7Hfj22vg/hqdefault.jpg",
        "width" : 480
      },
      "maxres" : {
        "height" : 720,
        "url" : "https://i.ytimg.com/vi/icf7Hfj22vg/maxresdefault.jpg",
        "width" : 1280
      },
      "medium" : {
        "height" : 180,
        "url" : "https://i.ytimg.com/vi/icf7Hfj22vg/mqdefault.jpg",
        "width" : 320
      },
      "standard" : {
        "height" : 480,
        "url" : "https://i.ytimg.com/vi/icf7Hfj22vg/sddefault.jpg",
        "width" : 640
      }
    },
    "title" : "How to Easily Map Your Database Schema in Power BI"
  },
  "status" : {
    "privacyStatus" : "public"
  }
} ]