[ {
  "contentDetails" : {
    "caption" : "false",
    "definition" : "hd",
    "dimension" : "2d",
    "duration" : "PT2M33S",
    "hasCustomThumbnail" : false,
    "licensedContent" : false,
    "projection" : "rectangular"
  },
  "etag" : "\"XI7nbFXulYBIpL0ayR_gDh3eu1k/AKOcjukmCdvFRuQSqZaM_TO6hhI\"",
  "fileDetails" : {
    "fileName" : ""
  },
  "id" : "RnuLdk9qq6Q",
  "kind" : "youtube#video",
  "player" : {
    "embedHtml" : "<iframe width=\"480\" height=\"270\" src=\"//www.youtube.com/embed/RnuLdk9qq6Q\" frameborder=\"0\" allow=\"accelerometer; autoplay; encrypted-media; gyroscope; picture-in-picture\" allowfullscreen></iframe>"
  },
  "processingDetails" : {
    "processingStatus" : "terminated"
  },
  "snippet" : {
    "categoryId" : "22",
    "channelId" : "UCxeDEhM41DYX7Tyh1edBc4w",
    "channelTitle" : "Esteban Londoño",
    "description" : "",
    "liveBroadcastContent" : "none",
    "localized" : {
      "description" : "",
      "title" : "Laguna 69 huascaran"
    },
    "publishedAt" : "2015-09-08T01:23:15.000Z",
    "thumbnails" : {
      "default" : {
        "height" : 90,
        "url" : "https://i.ytimg.com/vi/RnuLdk9qq6Q/default.jpg",
        "width" : 120
      },
      "high" : {
        "height" : 360,
        "url" : "https://i.ytimg.com/vi/RnuLdk9qq6Q/hqdefault.jpg",
        "width" : 480
      },
      "maxres" : {
        "height" : 720,
        "url" : "https://i.ytimg.com/vi/RnuLdk9qq6Q/maxresdefault.jpg",
        "width" : 1280
      },
      "medium" : {
        "height" : 180,
        "url" : "https://i.ytimg.com/vi/RnuLdk9qq6Q/mqdefault.jpg",
        "width" : 320
      },
      "standard" : {
        "height" : 480,
        "url" : "https://i.ytimg.com/vi/RnuLdk9qq6Q/sddefault.jpg",
        "width" : 640
      }
    },
    "title" : "Laguna 69 huascaran"
  },
  "statistics" : {
    "commentCount" : "0",
    "dislikeCount" : "0",
    "favoriteCount" : "0",
    "likeCount" : "2",
    "viewCount" : "98"
  },
  "status" : {
    "embeddable" : true,
    "license" : "youtube",
    "privacyStatus" : "public",
    "publicStatsViewable" : true,
    "uploadStatus" : "processed"
  },
  "topicDetails" : {
    "relevantTopicIds" : [ "/m/019_rr", "/m/03glg", "/m/019_rr", "/m/03glg" ],
    "topicCategories" : [ "https://en.wikipedia.org/wiki/Lifestyle_(sociology)", "https://en.wikipedia.org/wiki/Hobby" ]
  }
} ]